time,temperature_2m,relative_humidity_2m,cloud_cover,shortwave_radiation,wind_speed_10m
2024-05-15T00:00,29.6,57,0,0.0,10.8
2024-05-15T01:00,29.0,61,7,0.0,8.2
2024-05-15T02:00,28.6,65,27,0.0,7.4
2024-05-15T03:00,28.0,68,25,0.0,8.7
2024-05-15T04:00,27.2,67,20,0.0,7.9
2024-05-15T05:00,26.9,68,38,0.0,7.6
2024-05-15T06:00,28.4,71,0,20.0,7.6
2024-05-15T07:00,30.4,64,15,168.0,9.7
2024-05-15T08:00,30.0,64,90,379.0,21.1
2024-05-15T09:00,30.8,60,3,419.0,13.8
2024-05-15T10:00,33.2,52,11,753.0,8.5
2024-05-15T11:00,34.8,46,20,862.0,4.2
2024-05-15T12:00,36.1,40,9,914.0,2.6
2024-05-15T13:00,37.0,36,6,898.0,3.1
2024-05-15T14:00,37.7,35,8,816.0,3.4
2024-05-15T15:00,37.7,34,27,647.0,9.7
2024-05-15T16:00,36.3,37,14,444.0,17.5
2024-05-15T17:00,34.2,45,87,234.0,14.2
2024-05-15T18:00,34.5,34,22,68.0,7.4
2024-05-15T19:00,33.7,37,100,0.0,15.5
2024-05-15T20:00,32.8,40,10,0.0,14.3
2024-05-15T21:00,31.8,44,55,0.0,15.8
2024-05-15T22:00,31.1,46,99,0.0,16.6
2024-05-15T23:00,30.2,52,100,0.0,14.3
2024-05-16T00:00,29.3,61,94,0.0,13.0
2024-05-16T01:00,28.7,68,100,0.0,11.2
2024-05-16T02:00,28.2,72,100,0.0,9.2
2024-05-16T03:00,27.9,74,100,0.0,7.8
2024-05-16T04:00,27.5,77,99,0.0,5.4
2024-05-16T05:00,27.2,79,67,0.0,5.4
2024-05-16T06:00,29.2,74,100,19.0,1.4
2024-05-16T07:00,30.8,67,94,155.0,2.0
2024-05-16T08:00,31.1,62,100,328.0,3.9
2024-05-16T09:00,32.1,56,72,430.0,3.3
2024-05-16T10:00,33.5,50,29,709.0,0.7
2024-05-16T11:00,34.5,46,32,800.0,2.1
2024-05-16T12:00,35.4,43,70,878.0,2.7
2024-05-16T13:00,36.3,39,100,782.0,2.9
2024-05-16T14:00,37.5,37,100,769.0,4.7
2024-05-16T15:00,27.2,80,100,417.0,27.7
2024-05-16T16:00,26.6,91,100,99.0,15.7
2024-05-16T17:00,26.6,90,100,21.0,10.0
2024-05-16T18:00,29.7,71,100,54.0,3.2
2024-05-16T19:00,29.2,74,100,0.0,4.1
2024-05-16T20:00,29.1,77,98,0.0,5.8
2024-05-16T21:00,28.5,82,100,0.0,11.0
2024-05-16T22:00,28.3,82,100,0.0,2.5
2024-05-16T23:00,28.0,83,100,0.0,3.8
2024-05-17T00:00,27.3,86,77,0.0,7.2
2024-05-17T01:00,27.1,86,62,0.0,2.1
2024-05-17T02:00,26.7,86,100,0.0,4.0
2024-05-17T03:00,25.8,90,100,0.0,4.8
2024-05-17T04:00,24.9,93,100,0.0,8.9
2024-05-17T05:00,24.1,96,94,0.0,10.1
2024-05-17T06:00,25.8,87,91,20.0,8.6
2024-05-17T07:00,27.0,80,94,148.0,8.6
2024-05-17T08:00,28.7,72,98,324.0,6.0
2024-05-17T09:00,30.2,64,94,501.0,4.0
2024-05-17T10:00,32.1,58,98,719.0,5.2
2024-05-17T11:00,33.3,54,99,851.0,5.4
2024-05-17T12:00,33.8,52,95,850.0,3.2
2024-05-17T13:00,34.8,48,95,887.0,4.0
2024-05-17T14:00,35.2,45,64,775.0,6.9
2024-05-17T15:00,34.5,47,71,572.0,11.5
2024-05-17T16:00,34.3,45,96,426.0,11.6
2024-05-17T17:00,31.4,61,100,204.0,14.0
2024-05-17T18:00,30.7,56,100,46.0,3.8
2024-05-17T19:00,29.5,66,100,0.0,1.9
2024-05-17T20:00,28.8,74,100,0.0,3.9
2024-05-17T21:00,28.3,74,100,0.0,3.6
2024-05-17T22:00,27.0,83,100,0.0,3.6
2024-05-17T23:00,26.7,82,100,0.0,4.0
2024-05-18T00:00,26.4,85,99,0.0,4.8
2024-05-18T01:00,25.9,90,95,0.0,2.8
2024-05-18T02:00,25.8,93,97,0.0,2.3
2024-05-18T03:00,25.5,94,83,0.0,2.9
2024-05-18T04:00,25.6,92,100,0.0,3.7
2024-05-18T05:00,25.5,92,97,0.0,1.4
2024-05-18T06:00,27.6,93,100,18.0,5.4
2024-05-18T07:00,28.8,77,100,152.0,3.3
2024-05-18T08:00,28.5,81,100,180.0,6.5
2024-05-18T09:00,29.9,73,100,347.0,5.4
2024-05-18T10:00,31.8,64,100,623.0,2.9
2024-05-18T11:00,33.2,57,100,767.0,5.9
2024-05-18T12:00,34.1,52,100,794.0,9.0
2024-05-18T13:00,32.7,54,100,724.0,15.5
2024-05-18T14:00,32.3,59,100,475.0,11.6
2024-05-18T15:00,32.1,59,100,516.0,13.7
2024-05-18T16:00,32.5,56,100,334.0,12.0
2024-05-18T17:00,32.0,58,100,205.0,12.1
2024-05-18T18:00,30.5,63,100,54.0,15.7
2024-05-18T19:00,26.7,84,100,0.0,11.5
2024-05-18T20:00,26.5,89,100,0.0,8.1
2024-05-18T21:00,26.5,91,100,0.0,6.2
2024-05-18T22:00,26.3,91,100,0.0,9.8
2024-05-18T23:00,25.8,92,100,0.0,6.8
2024-05-19T00:00,25.7,92,100,0.0,5.0
2024-05-19T01:00,25.6,93,100,0.0,4.8
2024-05-19T02:00,25.5,94,100,0.0,4.1
2024-05-19T03:00,25.4,94,96,0.0,4.7
2024-05-19T04:00,25.0,96,100,0.0,7.7
2024-05-19T05:00,24.8,93,100,0.0,2.3
2024-05-19T06:00,26.9,92,100,18.0,4.6
2024-05-19T07:00,27.7,85,100,136.0,4.1
2024-05-19T08:00,29.3,75,100,346.0,5.8
2024-05-19T09:00,30.0,72,71,361.0,5.4
2024-05-19T10:00,31.0,68,76,552.0,4.7
2024-05-19T11:00,32.8,61,100,845.0,7.0
2024-05-19T12:00,33.6,57,99,895.0,8.0
2024-05-19T13:00,34.2,54,96,851.0,7.3
2024-05-19T14:00,34.4,52,98,755.0,7.2
2024-05-19T15:00,34.0,52,85,649.0,8.0
2024-05-19T16:00,34.0,50,98,453.0,11.1
2024-05-19T17:00,32.2,60,98,218.0,11.4
2024-05-19T18:00,31.8,63,96,63.0,4.3
2024-05-19T19:00,30.3,69,96,0.0,3.3
2024-05-19T20:00,30.1,71,100,0.0,3.6
2024-05-19T21:00,28.8,80,100,0.0,11.5
2024-05-19T22:00,27.2,83,100,0.0,10.0
2024-05-19T23:00,27.4,82,100,0.0,11.2
2024-05-20T00:00,26.6,84,100,0.0,11.8
2024-05-20T01:00,26.0,86,100,0.0,5.7
2024-05-20T02:00,25.7,88,100,0.0,4.0
2024-05-20T03:00,25.5,90,100,0.0,3.6
2024-05-20T04:00,25.7,90,100,0.0,3.6
2024-05-20T05:00,25.6,91,100,0.0,1.5
2024-05-20T06:00,27.0,94,100,20.0,3.1
2024-05-20T07:00,28.2,88,100,155.0,4.0
2024-05-20T08:00,29.7,79,100,344.0,7.8
2024-05-20T09:00,30.5,72,100,338.0,7.2
2024-05-20T10:00,30.5,71,99,255.0,7.6
2024-05-20T11:00,31.4,67,100,695.0,10.1
2024-05-20T12:00,32.5,62,100,797.0,7.4
2024-05-20T13:00,32.7,61,100,747.0,8.8
2024-05-20T14:00,33.5,58,100,801.0,8.4
2024-05-20T15:00,33.4,57,100,643.0,7.8
2024-05-20T16:00,33.4,56,100,465.0,6.6
2024-05-20T17:00,33.0,57,100,250.0,6.2
2024-05-20T18:00,30.8,65,100,67.0,13.3
2024-05-20T19:00,29.5,71,100,0.0,13.0
2024-05-20T20:00,28.8,73,100,0.0,12.4
2024-05-20T21:00,27.9,78,100,0.0,14.0
2024-05-20T22:00,27.3,82,100,0.0,11.1
2024-05-20T23:00,26.3,85,100,0.0,15.3
2024-05-21T00:00,25.6,91,100,0.0,5.8
2024-05-21T01:00,25.6,93,100,0.0,4.1
2024-05-21T02:00,25.5,93,100,0.0,2.9
2024-05-21T03:00,25.5,94,100,0.0,8.7
2024-05-21T04:00,25.7,91,100,0.0,4.0
2024-05-21T05:00,25.2,94,100,0.0,4.2
2024-05-21T06:00,26.6,90,100,20.0,5.4
2024-05-21T07:00,28.1,81,100,147.0,6.2
2024-05-21T08:00,29.9,72,100,351.0,4.6
2024-05-21T09:00,31.4,65,100,539.0,1.1
2024-05-21T10:00,32.8,60,100,760.0,4.1
2024-05-21T11:00,33.8,57,100,874.0,3.8
2024-05-21T12:00,34.1,56,100,877.0,11.3
2024-05-21T13:00,29.9,74,100,426.0,14.6
2024-05-21T14:00,29.2,79,100,247.0,8.3
2024-05-21T15:00,29.5,76,100,290.0,8.8
2024-05-21T16:00,30.0,73,100,297.0,9.1
2024-05-21T17:00,29.9,74,100,123.0,8.1
2024-05-21T18:00,30.5,78,100,54.0,4.1
2024-05-21T19:00,30.0,77,100,0.0,6.5
2024-05-21T20:00,29.3,81,100,0.0,8.1
2024-05-21T21:00,28.6,82,100,0.0,8.4
2024-05-21T22:00,27.3,85,100,0.0,2.4
2024-05-21T23:00,27.3,85,100,0.0,3.7
2024-05-22T00:00,27.0,87,100,0.0,3.6
2024-05-22T01:00,26.6,90,100,0.0,4.5
2024-05-22T02:00,26.4,91,100,0.0,2.3
2024-05-22T03:00,25.9,95,100,0.0,3.4
2024-05-22T04:00,25.5,97,100,0.0,2.1
2024-05-22T05:00,25.6,96,100,0.0,1.6
2024-05-22T06:00,28.2,82,100,19.0,3.6
2024-05-22T07:00,29.7,77,100,160.0,2.3
2024-05-22T08:00,29.2,77,100,328.0,9.0
2024-05-22T09:00,29.9,76,100,391.0,0.4
2024-05-22T10:00,31.8,68,100,652.0,6.4
2024-05-22T11:00,32.7,64,100,753.0,13.1
2024-05-22T12:00,32.1,65,100,628.0,11.2
2024-05-22T13:00,33.1,62,100,829.0,8.3
2024-05-22T14:00,33.5,59,100,690.0,8.9
2024-05-22T15:00,33.3,58,100,505.0,10.5
2024-05-22T16:00,33.1,58,100,374.0,12.6
2024-05-22T17:00,32.7,60,100,209.0,10.5
2024-05-22T18:00,33.4,56,90,74.0,5.4
2024-05-22T19:00,32.4,56,100,0.0,6.0
2024-05-22T20:00,32.0,55,100,0.0,7.8
2024-05-22T21:00,30.1,68,91,0.0,9.8
2024-05-22T22:00,27.7,82,96,0.0,11.2
2024-05-22T23:00,25.9,92,100,0.0,6.2
2024-05-23T00:00,26.5,90,100,0.0,6.3
2024-05-23T01:00,26.6,92,81,0.0,2.7
2024-05-23T02:00,26.3,96,94,0.0,1.1
2024-05-23T03:00,26.1,97,100,0.0,3.5
2024-05-23T04:00,26.2,97,75,0.0,3.3
2024-05-23T05:00,26.0,98,38,0.0,3.3
2024-05-23T06:00,28.9,84,98,22.0,4.3
2024-05-23T07:00,30.2,76,100,170.0,6.3
2024-05-23T08:00,31.6,68,100,369.0,11.4
2024-05-23T09:00,32.9,62,15,598.0,7.4
2024-05-23T10:00,34.2,56,46,776.0,4.4
2024-05-23T11:00,35.4,50,20,892.0,6.6
2024-05-23T12:00,36.1,46,76,886.0,6.9
2024-05-23T13:00,36.6,43,52,823.0,5.5
2024-05-23T14:00,36.9,42,94,768.0,4.0
2024-05-23T15:00,37.3,41,96,654.0,8.4
2024-05-23T16:00,33.6,54,90,456.0,20.0
2024-05-23T17:00,33.1,57,91,223.0,12.0
2024-05-23T18:00,34.6,42,92,76.0,8.4
2024-05-23T19:00,33.3,43,99,1.0,6.6
2024-05-23T20:00,32.6,47,99,0.0,7.8
2024-05-23T21:00,33.7,42,96,0.0,5.5
2024-05-23T22:00,30.6,53,100,0.0,4.9
2024-05-23T23:00,29.9,59,99,0.0,5.8
2024-05-24T00:00,30.1,58,100,0.0,14.8
2024-05-24T01:00,29.3,61,100,0.0,13.0
2024-05-24T02:00,28.8,65,100,0.0,11.8
2024-05-24T03:00,28.5,70,100,0.0,13.7
2024-05-24T04:00,28.3,74,100,0.0,10.8
2024-05-24T05:00,27.9,76,100,0.0,6.6
2024-05-24T06:00,29.3,75,100,22.0,5.2
2024-05-24T07:00,30.7,66,100,156.0,7.1
2024-05-24T08:00,32.7,55,7,376.0,8.9
2024-05-24T09:00,34.9,47,100,596.0,9.2
2024-05-24T10:00,36.4,43,98,756.0,6.9
2024-05-24T11:00,37.4,40,100,877.0,4.9
2024-05-24T12:00,38.1,39,91,927.0,7.9
2024-05-24T13:00,38.2,36,98,757.0,8.5
2024-05-24T14:00,38.2,34,48,647.0,6.9
2024-05-24T15:00,38.6,34,81,582.0,4.5
2024-05-24T16:00,38.6,34,20,483.0,4.2
2024-05-24T17:00,37.9,35,86,251.0,3.8
2024-05-24T18:00,35.8,37,74,71.0,5.8
2024-05-24T19:00,34.6,40,85,0.0,14.1
2024-05-24T20:00,33.9,43,100,0.0,7.3
2024-05-24T21:00,32.6,47,100,0.0,10.0
2024-05-24T22:00,31.5,53,100,0.0,9.7
2024-05-24T23:00,31.2,55,100,0.0,13.5
2024-05-25T00:00,30.9,56,99,0.0,21.3
2024-05-25T01:00,29.8,64,51,0.0,22.6
2024-05-25T02:00,29.2,68,94,0.0,20.5
2024-05-25T03:00,29.1,70,100,0.0,19.6
2024-05-25T04:00,28.8,72,100,0.0,20.2
2024-05-25T05:00,28.5,73,41,0.0,18.3
2024-05-25T06:00,28.4,74,66,22.0,22.0
2024-05-25T07:00,30.3,68,100,173.0,18.0
2024-05-25T08:00,31.5,63,100,316.0,22.0
2024-05-25T09:00,33.0,55,100,486.0,22.6
2024-05-25T10:00,34.3,48,100,606.0,22.5
2024-05-25T11:00,35.7,42,100,697.0,20.1
2024-05-25T12:00,35.7,40,100,630.0,20.0
2024-05-25T13:00,35.9,40,100,436.0,18.1
2024-05-25T14:00,36.4,38,100,577.0,20.1
2024-05-25T15:00,36.5,37,100,528.0,20.4
2024-05-25T16:00,35.9,39,100,364.0,18.9
2024-05-25T17:00,35.1,42,100,175.0,15.2
2024-05-25T18:00,33.7,43,100,40.0,10.9
2024-05-25T19:00,33.3,43,100,0.0,14.9
2024-05-25T20:00,32.6,45,100,0.0,14.7
2024-05-25T21:00,32.3,47,100,0.0,21.0
2024-05-25T22:00,31.5,55,100,0.0,23.9
2024-05-25T23:00,30.1,62,100,0.0,24.8
2024-05-26T00:00,28.9,64,100,0.0,26.9
2024-05-26T01:00,28.9,59,100,0.0,27.4
2024-05-26T02:00,28.7,60,100,0.0,27.0
2024-05-26T03:00,28.4,61,100,0.0,25.2
2024-05-26T04:00,28.2,62,100,0.0,21.3
2024-05-26T05:00,27.8,65,100,0.0,18.4
2024-05-26T06:00,28.1,68,100,20.0,21.3
2024-05-26T07:00,29.1,67,100,146.0,19.1
2024-05-26T08:00,30.4,63,100,271.0,22.3
2024-05-26T09:00,31.6,59,100,373.0,22.0
2024-05-26T10:00,33.5,51,100,598.0,24.1
2024-05-26T11:00,35.4,44,100,791.0,25.5
2024-05-26T12:00,36.9,38,100,868.0,25.3
2024-05-26T13:00,37.7,35,100,881.0,25.7
2024-05-26T14:00,37.9,35,100,794.0,23.8
2024-05-26T15:00,38.0,35,100,651.0,24.7
2024-05-26T16:00,37.3,37,100,425.0,19.5
2024-05-26T17:00,36.0,40,100,204.0,19.8
2024-05-26T18:00,34.9,43,100,63.0,23.8
2024-05-26T19:00,32.4,53,100,1.0,3.1
2024-05-26T20:00,32.1,53,100,0.0,17.4
2024-05-26T21:00,32.4,53,100,0.0,22.4
2024-05-26T22:00,31.6,55,100,0.0,21.7
2024-05-26T23:00,30.8,60,100,0.0,22.4
2024-05-27T00:00,30.1,63,100,0.0,22.8
2024-05-27T01:00,29.4,65,100,0.0,22.4
2024-05-27T02:00,28.9,68,100,0.0,22.9
2024-05-27T03:00,28.6,70,100,0.0,20.1
2024-05-27T04:00,28.3,71,100,0.0,18.2
2024-05-27T05:00,28.1,71,100,0.0,16.9
2024-05-27T06:00,28.7,65,91,10.0,17.3
2024-05-27T07:00,29.0,63,97,109.0,17.5
2024-05-27T08:00,30.2,61,99,307.0,20.0
2024-05-27T09:00,31.4,56,99,418.0,24.5
2024-05-27T10:00,33.0,50,100,481.0,24.2
2024-05-27T11:00,33.6,49,100,587.0,23.5
2024-05-27T12:00,35.2,46,100,788.0,22.1
2024-05-27T13:00,36.1,43,100,764.0,22.8
2024-05-27T14:00,35.7,43,100,584.0,23.0
2024-05-27T15:00,36.3,41,99,548.0,24.5
2024-05-27T16:00,35.7,42,100,349.0,25.7
2024-05-27T17:00,34.8,45,100,163.0,21.0
2024-05-27T18:00,32.9,51,100,37.0,19.1
2024-05-27T19:00,32.9,52,100,0.0,19.8
2024-05-27T20:00,32.8,51,100,0.0,23.9
2024-05-27T21:00,32.2,55,100,0.0,23.1
2024-05-27T22:00,31.2,60,100,0.0,23.4
2024-05-27T23:00,30.3,65,100,0.0,23.8
2024-05-28T00:00,29.5,69,100,0.0,24.6
2024-05-28T01:00,28.8,71,100,0.0,24.3
2024-05-28T02:00,28.4,72,100,0.0,22.6
2024-05-28T03:00,28.0,72,89,0.0,22.9
2024-05-28T04:00,27.7,72,95,0.0,21.3
2024-05-28T05:00,27.4,73,99,0.0,20.9
2024-05-28T06:00,28.0,72,100,22.0,21.7
2024-05-28T07:00,28.9,69,100,157.0,22.8
2024-05-28T08:00,30.3,63,100,339.0,22.0
2024-05-28T09:00,32.0,56,100,565.0,21.9
2024-05-28T10:00,33.8,49,92,762.0,21.8
2024-05-28T11:00,35.4,43,76,881.0,21.3
2024-05-28T12:00,36.7,38,75,939.0,21.2
2024-05-28T13:00,37.7,34,67,918.0,19.9
2024-05-28T14:00,38.3,32,98,837.0,19.7
2024-05-28T15:00,38.4,32,98,673.0,19.0
2024-05-28T16:00,38.1,32,99,463.0,17.4
2024-05-28T17:00,37.3,34,100,257.0,15.9
2024-05-28T18:00,34.7,38,100,71.0,17.6
2024-05-28T19:00,33.8,38,100,1.0,16.5
2024-05-28T20:00,33.1,37,99,0.0,21.1
2024-05-28T21:00,32.5,40,82,0.0,20.7
2024-05-28T22:00,31.6,44,100,0.0,20.3
2024-05-28T23:00,31.1,46,100,0.0,22.6
2024-05-29T00:00,30.4,49,100,0.0,23.9
2024-05-29T01:00,29.7,52,99,0.0,23.7
2024-05-29T02:00,28.9,57,100,0.0,23.5
2024-05-29T03:00,28.2,60,100,0.0,22.4
2024-05-29T04:00,27.6,64,0,0.0,20.0
2024-05-29T05:00,27.1,69,7,0.0,17.7
2024-05-29T06:00,28.1,68,99,23.0,16.9
2024-05-29T07:00,29.2,64,100,173.0,17.4
2024-05-29T08:00,30.7,57,84,384.0,18.5
2024-05-29T09:00,32.5,50,96,596.0,20.0
2024-05-29T10:00,34.3,44,82,767.0,20.4
2024-05-29T11:00,35.9,39,85,888.0,19.1
2024-05-29T12:00,37.4,35,99,939.0,18.6
2024-05-29T13:00,38.5,31,88,912.0,18.2
2024-05-29T14:00,39.1,29,71,826.0,17.1
2024-05-29T15:00,39.3,29,59,686.0,15.7
2024-05-29T16:00,39.1,29,61,495.0,14.5
2024-05-29T17:00,38.2,31,100,272.0,13.5
2024-05-29T18:00,35.9,33,100,65.0,12.9
2024-05-29T19:00,35.2,34,100,1.0,15.6
2024-05-29T20:00,34.8,34,100,0.0,16.2
2024-05-29T21:00,33.9,37,100,0.0,16.4
2024-05-29T22:00,33.3,42,99,0.0,19.1
2024-05-29T23:00,32.6,44,100,0.0,19.8
2024-05-30T00:00,32.0,45,100,0.0,22.1
2024-05-30T01:00,31.1,50,100,0.0,22.1
2024-05-30T02:00,30.2,54,100,0.0,21.9
2024-05-30T03:00,29.6,57,98,0.0,19.2
2024-05-30T04:00,29.0,60,100,0.0,15.9
2024-05-30T05:00,28.6,62,99,0.0,14.4
2024-05-30T06:00,29.7,60,94,23.0,13.0
2024-05-30T07:00,30.8,58,28,174.0,14.6
2024-05-30T08:00,32.3,53,69,389.0,15.7
2024-05-30T09:00,33.9,47,96,598.0,16.2
2024-05-30T10:00,35.6,41,53,769.0,14.7
2024-05-30T11:00,37.3,36,100,886.0,15.1
2024-05-30T12:00,38.5,32,97,882.0,15.9
2024-05-30T13:00,39.2,30,100,820.0,14.8
2024-05-30T14:00,40.1,28,99,827.0,12.0
2024-05-30T15:00,40.4,27,46,684.0,9.4
2024-05-30T16:00,40.0,27,91,450.0,7.9
2024-05-30T17:00,39.5,28,13,275.0,6.8
2024-05-30T18:00,37.0,33,12,79.0,7.9
2024-05-30T19:00,35.6,34,14,1.0,7.9
2024-05-30T20:00,35.1,36,19,0.0,12.9
2024-05-30T21:00,35.2,33,13,0.0,16.6
2024-05-30T22:00,34.3,35,5,0.0,15.4
2024-05-30T23:00,33.6,39,9,0.0,21.8
2024-05-31T00:00,32.4,48,3,0.0,24.3
2024-05-31T01:00,31.3,55,2,0.0,23.3
2024-05-31T02:00,30.5,59,7,0.0,23.3
2024-05-31T03:00,30.0,61,3,0.0,22.1
2024-05-31T04:00,29.5,63,0,0.0,20.9
2024-05-31T05:00,29.1,65,0,0.0,17.7
2024-05-31T06:00,30.1,62,8,23.0,15.1
2024-05-31T07:00,31.3,58,17,175.0,14.4
2024-05-31T08:00,33.0,51,62,389.0,17.6
2024-05-31T09:00,34.9,45,0,597.0,15.5
2024-05-31T10:00,36.8,38,89,770.0,16.4
2024-05-31T11:00,38.5,33,100,889.0,16.3
2024-05-31T12:00,39.9,29,93,941.0,15.0
2024-05-31T13:00,40.8,27,19,915.0,12.5
2024-05-31T14:00,41.1,25,21,792.0,10.0
2024-05-31T15:00,41.3,25,17,648.0,7.6
2024-05-31T16:00,40.8,25,35,479.0,5.6
2024-05-31T17:00,40.2,26,24,261.0,3.4
2024-05-31T18:00,36.6,37,3,81.0,8.4
2024-05-31T19:00,35.3,34,63,1.0,6.8
2024-05-31T20:00,34.7,34,95,0.0,6.8
2024-05-31T21:00,35.1,33,66,0.0,10.9
2024-05-31T22:00,34.9,34,17,0.0,15.6
2024-05-31T23:00,33.9,37,4,0.0,16.2
2024-06-01T00:00,33.5,39,3,0.0,20.6
2024-06-01T01:00,32.4,47,72,0.0,21.1
2024-06-01T02:00,31.5,56,49,0.0,19.5
2024-06-01T03:00,30.9,60,72,0.0,17.8
2024-06-01T04:00,30.4,64,21,0.0,14.1
2024-06-01T05:00,30.1,65,28,0.0,12.7
2024-06-01T06:00,31.4,65,38,23.0,13.4
2024-06-01T07:00,32.5,61,87,172.0,13.6
2024-06-01T08:00,34.3,54,91,381.0,14.6
2024-06-01T09:00,36.4,45,99,586.0,16.9
2024-06-01T10:00,38.0,39,98,743.0,16.2
2024-06-01T11:00,39.7,33,26,863.0,13.8
2024-06-01T12:00,40.6,31,99,912.0,10.9
2024-06-01T13:00,40.7,29,100,697.0,10.1
2024-06-01T14:00,40.6,28,72,519.0,7.6
2024-06-01T15:00,40.7,28,79,540.0,9.2
2024-06-01T16:00,39.0,31,75,379.0,4.8
2024-06-01T17:00,36.8,37,63,225.0,12.1
2024-06-01T18:00,35.9,35,8,77.0,4.6
2024-06-01T19:00,34.5,39,56,1.0,5.4
2024-06-01T20:00,34.3,40,87,0.0,16.1
2024-06-01T21:00,32.4,48,100,0.0,18.1
2024-06-01T22:00,28.7,70,100,0.0,17.4
2024-06-01T23:00,29.8,67,100,0.0,13.0
2024-06-02T00:00,30.4,61,100,0.0,16.0
2024-06-02T01:00,30.0,63,100,0.0,14.9
2024-06-02T02:00,29.6,65,99,0.0,9.5
2024-06-02T03:00,29.4,66,100,0.0,10.7
2024-06-02T04:00,29.4,66,99,0.0,11.8
2024-06-02T05:00,29.2,66,99,0.0,11.4
2024-06-02T06:00,29.7,65,100,10.0,10.5
2024-06-02T07:00,30.7,61,100,134.0,9.2
2024-06-02T08:00,32.1,56,100,317.0,6.4
2024-06-02T09:00,32.9,52,100,301.0,14.6
2024-06-02T10:00,34.0,50,100,551.0,3.2
2024-06-02T11:00,32.7,53,100,325.0,9.4
2024-06-02T12:00,34.6,47,100,595.0,6.6
2024-06-02T13:00,34.9,45,100,445.0,8.8
2024-06-02T14:00,36.6,41,100,737.0,9.7
2024-06-02T15:00,36.6,40,100,602.0,10.5
2024-06-02T16:00,36.0,41,100,398.0,8.0
2024-06-02T17:00,35.9,40,100,253.0,5.8
2024-06-02T18:00,37.1,34,100,69.0,2.2
2024-06-02T19:00,34.8,42,100,1.0,6.5
2024-06-02T20:00,30.5,58,100,0.0,16.3
2024-06-02T21:00,30.5,56,100,0.0,7.8
2024-06-02T22:00,30.7,55,100,0.0,6.9
2024-06-02T23:00,30.6,56,100,0.0,8.4
2024-06-03T00:00,29.6,63,100,0.0,4.0
2024-06-03T01:00,27.2,75,100,0.0,10.6
2024-06-03T02:00,27.0,76,100,0.0,6.8
2024-06-03T03:00,26.9,76,100,0.0,7.8
2024-06-03T04:00,26.7,78,100,0.0,8.2
2024-06-03T05:00,26.6,80,100,0.0,8.0
2024-06-03T06:00,27.1,81,100,19.0,11.3
2024-06-03T07:00,27.9,77,100,42.0,10.6
2024-06-03T08:00,28.8,71,100,63.0,6.8
2024-06-03T09:00,30.5,61,100,220.0,10.0
2024-06-03T10:00,31.4,57,100,321.0,12.5
2024-06-03T11:00,31.7,56,100,343.0,10.5
2024-06-03T12:00,32.0,54,100,441.0,4.8
2024-06-03T13:00,32.2,53,100,353.0,4.1
2024-06-03T14:00,32.6,52,100,417.0,3.3
2024-06-03T15:00,32.8,53,100,461.0,6.2
2024-06-03T16:00,32.2,55,100,346.0,6.1
2024-06-03T17:00,31.9,56,100,172.0,3.9
2024-06-03T18:00,32.8,54,100,49.0,7.6
2024-06-03T19:00,32.1,55,100,1.0,8.6
2024-06-03T20:00,31.5,57,100,0.0,5.8
2024-06-03T21:00,30.7,60,100,0.0,4.5
2024-06-03T22:00,30.0,63,88,0.0,4.3
2024-06-03T23:00,30.2,63,99,0.0,2.5
2024-06-04T00:00,29.8,65,100,0.0,1.1
2024-06-04T01:00,29.0,69,100,0.0,3.8
2024-06-04T02:00,28.7,67,98,0.0,7.4
2024-06-04T03:00,28.3,67,99,0.0,9.8
2024-06-04T04:00,27.9,69,100,0.0,10.4
2024-06-04T05:00,27.9,69,100,0.0,11.5
2024-06-04T06:00,28.9,72,94,22.0,8.7
2024-06-04T07:00,30.3,65,87,156.0,11.2
2024-06-04T08:00,31.8,61,72,342.0,12.6
2024-06-04T09:00,33.5,54,100,573.0,12.3
2024-06-04T10:00,34.2,52,99,579.0,10.9
2024-06-04T11:00,35.2,49,100,773.0,9.5
2024-06-04T12:00,35.8,47,100,764.0,9.4
2024-06-04T13:00,32.8,60,100,690.0,13.2
2024-06-04T14:00,34.5,49,100,553.0,6.9
2024-06-04T15:00,34.5,47,100,337.0,6.8
2024-06-04T16:00,32.1,60,100,241.0,4.8
2024-06-04T17:00,31.0,63,100,164.0,7.4
2024-06-04T18:00,34.4,43,100,62.0,7.2
2024-06-04T19:00,33.7,46,100,1.0,9.0
2024-06-04T20:00,32.8,49,100,0.0,9.8
2024-06-04T21:00,31.8,52,100,0.0,14.8
2024-06-04T22:00,30.7,57,100,0.0,15.6
2024-06-04T23:00,27.7,76,100,0.0,11.7
2024-06-05T00:00,26.9,81,100,0.0,10.0
2024-06-05T01:00,27.5,77,100,0.0,8.6
2024-06-05T02:00,27.5,78,100,0.0,6.0
2024-06-05T03:00,27.6,79,100,0.0,6.8
2024-06-05T04:00,27.3,80,100,0.0,7.6
2024-06-05T05:00,27.2,80,60,0.0,5.2
2024-06-05T06:00,28.2,71,100,8.0,13.4
2024-06-05T07:00,28.4,70,100,44.0,13.1
2024-06-05T08:00,29.0,68,99,175.0,15.7
2024-06-05T09:00,31.6,59,100,577.0,13.1
2024-06-05T10:00,29.4,69,100,281.0,11.6
2024-06-05T11:00,28.7,81,100,257.0,10.8
2024-06-05T12:00,30.4,65,100,294.0,11.5
2024-06-05T13:00,32.9,57,100,835.0,9.7
2024-06-05T14:00,32.2,59,100,489.0,6.9
2024-06-05T15:00,29.1,74,100,393.0,10.4
2024-06-05T16:00,29.2,73,100,126.0,6.0
2024-06-05T17:00,28.6,77,100,131.0,5.1
2024-06-05T18:00,30.8,60,100,50.0,7.8
2024-06-05T19:00,28.1,74,100,1.0,18.5
2024-06-05T20:00,25.8,85,100,0.0,12.1
2024-06-05T21:00,26.1,87,100,0.0,11.5
2024-06-05T22:00,26.0,89,100,0.0,8.6
2024-06-05T23:00,25.9,89,100,0.0,8.7
2024-06-06T00:00,25.8,92,100,0.0,2.9
2024-06-06T01:00,25.8,92,100,0.0,3.3
2024-06-06T02:00,25.9,91,100,0.0,3.9
2024-06-06T03:00,25.9,91,100,0.0,5.9
2024-06-06T04:00,25.8,91,100,0.0,7.6
2024-06-06T05:00,25.7,90,100,0.0,7.6
2024-06-06T06:00,26.1,90,100,18.0,12.5
2024-06-06T07:00,27.1,87,100,117.0,14.8
2024-06-06T08:00,28.5,79,100,258.0,13.1
2024-06-06T09:00,30.0,71,100,407.0,11.6
2024-06-06T10:00,31.1,67,100,527.0,12.2
2024-06-06T11:00,31.9,64,100,658.0,12.4
2024-06-06T12:00,31.9,63,100,557.0,12.7
2024-06-06T13:00,31.7,62,100,478.0,12.6
2024-06-06T14:00,29.6,73,100,306.0,3.7
2024-06-06T15:00,29.8,72,100,229.0,6.6
2024-06-06T16:00,29.3,72,100,211.0,12.7
2024-06-06T17:00,26.3,90,100,140.0,6.9
2024-06-06T18:00,29.0,74,83,77.0,3.4
2024-06-06T19:00,28.2,76,100,1.0,8.0
2024-06-06T20:00,28.0,76,43,0.0,9.9
2024-06-06T21:00,27.2,80,65,0.0,8.2
2024-06-06T22:00,26.9,81,100,0.0,7.1
2024-06-06T23:00,27.0,82,100,0.0,9.3
2024-06-07T00:00,27.1,81,100,0.0,12.1
2024-06-07T01:00,27.2,77,100,0.0,15.4
2024-06-07T02:00,26.4,80,100,0.0,14.2
2024-06-07T03:00,25.7,84,100,0.0,10.5
2024-06-07T04:00,25.7,83,100,0.0,8.6
2024-06-07T05:00,25.6,84,100,0.0,7.9
2024-06-07T06:00,25.8,84,100,10.0,8.3
2024-06-07T07:00,26.4,83,100,63.0,5.1
2024-06-07T08:00,27.5,77,100,174.0,11.7
2024-06-07T09:00,29.3,68,100,380.0,12.3
2024-06-07T10:00,30.4,63,100,415.0,12.8
2024-06-07T11:00,31.0,62,100,453.0,10.8
2024-06-07T12:00,32.1,59,100,809.0,10.8
2024-06-07T13:00,31.8,58,100,441.0,9.7
2024-06-07T14:00,31.9,58,98,543.0,7.7
2024-06-07T15:00,26.7,87,100,407.0,14.8
2024-06-07T16:00,27.0,83,100,129.0,6.3
2024-06-07T17:00,27.0,84,100,118.0,1.0
2024-06-07T18:00,28.7,70,100,60.0,7.1
2024-06-07T19:00,27.9,75,100,1.0,4.9
2024-06-07T20:00,27.8,75,100,0.0,6.0
2024-06-07T21:00,27.5,76,100,0.0,7.9
2024-06-07T22:00,26.6,80,99,0.0,10.1
2024-06-07T23:00,26.3,82,100,0.0,11.0
2024-06-08T00:00,26.4,83,100,0.0,10.3
2024-06-08T01:00,26.5,83,100,0.0,10.6
2024-06-08T02:00,26.1,83,100,0.0,9.2
2024-06-08T03:00,26.0,83,100,0.0,8.2
2024-06-08T04:00,25.7,83,100,0.0,8.7
2024-06-08T05:00,25.5,84,100,0.0,9.0
2024-06-08T06:00,25.8,87,100,6.0,7.4
2024-06-08T07:00,26.0,87,100,35.0,6.8
2024-06-08T08:00,26.6,84,100,105.0,7.4
2024-06-08T09:00,28.1,74,99,272.0,11.6
2024-06-08T10:00,29.2,68,97,405.0,11.3
2024-06-08T11:00,30.1,65,95,489.0,12.1
2024-06-08T12:00,31.2,60,100,613.0,14.0
2024-06-08T13:00,30.0,63,80,298.0,14.8
2024-06-08T14:00,31.2,58,99,582.0,16.7
2024-06-08T15:00,31.4,57,100,399.0,17.9
2024-06-08T16:00,30.9,60,100,382.0,14.6
2024-06-08T17:00,30.7,59,100,137.0,13.1
2024-06-08T18:00,27.7,77,98,69.0,9.7
2024-06-08T19:00,27.4,78,100,1.0,11.0
2024-06-08T20:00,26.1,88,100,0.0,11.5
2024-06-08T21:00,25.9,89,100,0.0,8.6
2024-06-08T22:00,25.9,87,100,0.0,9.9
2024-06-08T23:00,26.2,83,100,0.0,12.4
2024-06-09T00:00,26.1,78,100,0.0,17.5
2024-06-09T01:00,26.1,76,100,0.0,17.6
2024-06-09T02:00,26.2,76,100,0.0,18.2
2024-06-09T03:00,26.1,76,100,0.0,17.7
2024-06-09T04:00,25.8,78,100,0.0,17.3
2024-06-09T05:00,25.7,78,100,0.0,16.5
2024-06-09T06:00,26.0,79,100,19.0,10.2
2024-06-09T07:00,26.8,75,99,145.0,13.4
2024-06-09T08:00,28.2,69,100,353.0,15.7
2024-06-09T09:00,28.8,66,100,349.0,12.3
2024-06-09T10:00,30.4,59,100,546.0,18.8
2024-06-09T11:00,31.5,56,100,673.0,18.8
2024-06-09T12:00,32.3,54,100,743.0,18.4
2024-06-09T13:00,32.9,53,100,798.0,17.9
2024-06-09T14:00,28.6,75,99,341.0,20.9
2024-06-09T15:00,29.0,71,100,379.0,16.2
2024-06-09T16:00,28.5,71,100,260.0,12.3
2024-06-09T17:00,28.1,73,100,133.0,10.7
2024-06-09T18:00,28.0,75,100,44.0,10.3
2024-06-09T19:00,28.3,71,100,1.0,15.2
2024-06-09T20:00,28.0,69,100,0.0,19.5
2024-06-09T21:00,27.2,73,77,0.0,17.0
2024-06-09T22:00,26.9,75,53,0.0,18.2
2024-06-09T23:00,26.7,74,82,0.0,18.0
2024-06-10T00:00,26.5,74,98,0.0,17.6
2024-06-10T01:00,26.3,75,98,0.0,16.9
2024-06-10T02:00,26.1,75,67,0.0,17.9
2024-06-10T03:00,25.8,76,73,0.0,18.3
2024-06-10T04:00,25.7,76,67,0.0,18.6
2024-06-10T05:00,25.6,77,95,0.0,20.0
2024-06-10T06:00,26.1,78,100,14.0,18.9
2024-06-10T07:00,27.0,75,100,134.0,18.8
2024-06-10T08:00,28.4,69,100,335.0,25.6
2024-06-10T09:00,29.4,65,100,442.0,22.0
2024-06-10T10:00,29.9,64,99,456.0,19.1
2024-06-10T11:00,31.9,56,100,764.0,23.0
2024-06-10T12:00,32.5,53,100,848.0,21.6
2024-06-10T13:00,33.3,51,100,862.0,21.2
2024-06-10T14:00,33.4,50,100,794.0,22.7
2024-06-10T15:00,32.6,49,100,654.0,25.0
2024-06-10T16:00,30.9,59,90,302.0,18.7
2024-06-10T17:00,30.9,59,66,229.0,20.9
2024-06-10T18:00,29.4,63,100,20.0,12.4
2024-06-10T19:00,28.9,66,100,1.0,11.7
2024-06-10T20:00,29.2,62,98,0.0,18.8
2024-06-10T21:00,28.7,65,99,0.0,17.6
2024-06-10T22:00,28.5,66,100,0.0,15.9
2024-06-10T23:00,28.1,68,86,0.0,16.4
2024-06-11T00:00,27.5,70,96,0.0,20.9
2024-06-11T01:00,27.0,72,100,0.0,22.2
2024-06-11T02:00,26.7,73,100,0.0,21.5
2024-06-11T03:00,26.5,75,99,0.0,20.8
2024-06-11T04:00,26.2,76,100,0.0,20.1
2024-06-11T05:00,26.2,77,100,0.0,18.8
2024-06-11T06:00,26.5,75,100,20.0,18.1
2024-06-11T07:00,27.4,72,100,143.0,18.8
2024-06-11T08:00,28.7,67,100,302.0,24.1
2024-06-11T09:00,29.7,62,100,365.0,22.7
2024-06-11T10:00,30.9,58,100,535.0,23.3
2024-06-11T11:00,32.2,53,100,714.0,25.1
2024-06-11T12:00,33.0,50,100,826.0,25.8
2024-06-11T13:00,33.4,49,100,805.0,24.6
2024-06-11T14:00,32.9,52,100,612.0,22.3
2024-06-11T15:00,31.2,61,100,502.0,17.0
2024-06-11T16:00,30.9,57,100,291.0,22.2
2024-06-11T17:00,30.4,60,100,139.0,17.2
2024-06-11T18:00,29.9,59,100,66.0,13.9
2024-06-11T19:00,28.9,65,100,1.0,10.1
2024-06-11T20:00,29.0,62,100,0.0,12.6
2024-06-11T21:00,28.4,66,100,0.0,17.8
2024-06-11T22:00,27.7,71,100,0.0,16.3
2024-06-11T23:00,27.3,74,100,0.0,16.8
2024-06-12T00:00,27.1,75,100,0.0,18.1
2024-06-12T01:00,26.7,76,100,0.0,19.7
2024-06-12T02:00,26.4,78,100,0.0,20.1
2024-06-12T03:00,26.2,79,100,0.0,22.3
2024-06-12T04:00,26.0,80,100,0.0,20.8
2024-06-12T05:00,25.9,80,100,0.0,20.0
2024-06-12T06:00,26.2,78,100,14.0,15.9
2024-06-12T07:00,26.8,75,100,86.0,17.0
2024-06-12T08:00,28.3,68,100,278.0,24.0
2024-06-12T09:00,29.1,65,100,346.0,23.3
2024-06-12T10:00,29.2,64,100,224.0,19.9
2024-06-12T11:00,30.4,59,100,390.0,22.5
2024-06-12T12:00,29.9,60,100,402.0,22.4
2024-06-12T13:00,28.8,70,100,222.0,17.4
2024-06-12T14:00,29.5,65,100,417.0,22.4
2024-06-12T15:00,29.5,66,100,236.0,21.4
2024-06-12T16:00,30.0,64,55,254.0,20.0
2024-06-12T17:00,28.9,68,22,207.0,18.6
2024-06-12T18:00,27.5,75,100,71.0,15.3
2024-06-12T19:00,26.6,78,100,2.0,17.3
2024-06-12T20:00,26.4,77,100,0.0,17.1
2024-06-12T21:00,26.6,76,100,0.0,17.1
2024-06-12T22:00,26.5,77,100,0.0,15.9
2024-06-12T23:00,26.6,75,100,0.0,16.9
2024-06-13T00:00,26.3,76,100,0.0,17.0
2024-06-13T01:00,26.0,77,100,0.0,17.7
2024-06-13T02:00,25.7,80,100,0.0,16.3
2024-06-13T03:00,25.7,79,100,0.0,15.8
2024-06-13T04:00,25.4,80,100,0.0,14.8
2024-06-13T05:00,24.2,90,100,0.0,15.9
2024-06-13T06:00,25.1,83,88,18.0,14.8
2024-06-13T07:00,26.3,77,92,130.0,13.8
2024-06-13T08:00,27.6,72,100,306.0,17.3
2024-06-13T09:00,28.4,68,100,407.0,20.0
2024-06-13T10:00,28.9,65,100,418.0,21.8
2024-06-13T11:00,29.5,64,100,546.0,22.1
2024-06-13T12:00,30.9,59,100,843.0,23.0
2024-06-13T13:00,30.2,65,94,658.0,18.9
2024-06-13T14:00,31.1,61,86,677.0,17.9
2024-06-13T15:00,31.6,58,64,577.0,18.5
2024-06-13T16:00,31.1,58,89,459.0,19.1
2024-06-13T17:00,30.0,64,100,203.0,13.0
2024-06-13T18:00,27.0,84,100,48.0,2.1
2024-06-13T19:00,27.0,85,100,1.0,6.8
2024-06-13T20:00,25.9,86,100,0.0,10.1
2024-06-13T21:00,25.7,88,97,0.0,4.9
2024-06-13T22:00,25.8,83,96,0.0,10.5
2024-06-13T23:00,25.7,82,98,0.0,10.9
2024-06-14T00:00,25.8,79,100,0.0,13.8
2024-06-14T01:00,25.8,79,100,0.0,15.7
2024-06-14T02:00,25.6,79,100,0.0,17.1
2024-06-14T03:00,25.4,80,99,0.0,15.2
2024-06-14T04:00,25.2,81,100,0.0,17.8
2024-06-14T05:00,25.1,81,100,0.0,16.7
2024-06-14T06:00,25.7,78,100,16.0,17.6
2024-06-14T07:00,26.5,75,100,113.0,16.6
2024-06-14T08:00,27.7,70,90,299.0,16.9
2024-06-14T09:00,29.3,62,93,482.0,23.8
2024-06-14T10:00,30.4,58,100,630.0,23.2
2024-06-14T11:00,30.5,58,100,645.0,23.2
2024-06-14T12:00,30.3,58,100,465.0,22.0
2024-06-14T13:00,31.1,57,100,666.0,20.4
2024-06-14T14:00,31.0,59,81,610.0,18.9
2024-06-14T15:00,31.3,57,79,598.0,18.9
2024-06-14T16:00,30.7,59,38,414.0,18.2
2024-06-14T17:00,30.6,60,54,255.0,15.0
2024-06-14T18:00,29.4,64,32,74.0,10.0
2024-06-14T19:00,28.6,68,46,2.0,10.4
2024-06-14T20:00,28.2,70,91,0.0,12.3
2024-06-14T21:00,27.9,72,99,0.0,13.8
2024-06-14T22:00,27.5,75,100,0.0,13.5
2024-06-14T23:00,26.8,76,100,0.0,12.6
2024-06-15T00:00,26.5,77,99,0.0,13.0
2024-06-15T01:00,26.1,79,79,0.0,13.1
2024-06-15T02:00,25.9,81,100,0.0,14.2
2024-06-15T03:00,25.8,78,100,0.0,15.2
2024-06-15T04:00,25.6,77,100,0.0,15.9
2024-06-15T05:00,25.3,79,100,0.0,16.6
2024-06-15T06:00,26.0,77,93,21.0,15.1
2024-06-15T07:00,26.8,75,99,162.0,16.2
2024-06-15T08:00,28.1,70,100,356.0,19.1
2024-06-15T09:00,29.5,65,100,542.0,16.6
2024-06-15T10:00,30.2,62,100,488.0,15.5
2024-06-15T11:00,31.6,55,100,699.0,18.1
2024-06-15T12:00,31.9,53,100,581.0,18.1
2024-06-15T13:00,32.6,50,100,687.0,17.3
2024-06-15T14:00,32.8,50,99,570.0,14.2
2024-06-15T15:00,33.2,47,94,615.0,15.7
2024-06-15T16:00,32.7,48,100,357.0,14.8
2024-06-15T17:00,31.9,52,100,157.0,9.5
2024-06-15T18:00,29.9,59,42,92.0,6.3
2024-06-15T19:00,29.1,57,100,2.0,7.4
2024-06-15T20:00,29.8,55,97,0.0,9.4
2024-06-15T21:00,28.8,58,58,0.0,11.3
2024-06-15T22:00,28.2,61,96,0.0,12.9
2024-06-15T23:00,28.0,61,14,0.0,12.2
2024-06-16T00:00,27.2,64,9,0.0,11.7
2024-06-16T01:00,27.0,64,28,0.0,12.7
2024-06-16T02:00,26.8,65,34,0.0,12.2
2024-06-16T03:00,26.2,67,55,0.0,10.1
2024-06-16T04:00,25.8,70,12,0.0,9.7
2024-06-16T05:00,25.4,72,25,0.0,10.5
2024-06-16T06:00,26.2,69,39,21.0,14.1
2024-06-16T07:00,27.2,68,86,169.0,15.0
2024-06-16T08:00,28.3,65,44,352.0,17.6
2024-06-16T09:00,29.6,62,100,587.0,17.7
2024-06-16T10:00,30.9,58,100,734.0,16.3
2024-06-16T11:00,32.4,52,100,828.0,15.8
2024-06-16T12:00,33.4,48,100,796.0,12.1
2024-06-16T13:00,34.4,46,100,875.0,13.0
2024-06-16T14:00,33.7,48,100,713.0,12.8
2024-06-16T15:00,33.6,48,100,617.0,8.9
2024-06-16T16:00,33.4,49,100,432.0,7.9
2024-06-16T17:00,32.6,52,100,261.0,8.5
2024-06-16T18:00,31.7,52,39,93.0,10.1
2024-06-16T19:00,30.7,55,28,2.0,11.5
2024-06-16T20:00,29.6,61,35,0.0,11.5
2024-06-16T21:00,27.9,68,74,0.0,14.2
2024-06-16T22:00,27.2,71,94,0.0,10.2
2024-06-16T23:00,26.9,74,97,0.0,9.8
2024-06-17T00:00,26.3,79,73,0.0,9.2
2024-06-17T01:00,26.0,82,99,0.0,11.5
2024-06-17T02:00,26.2,81,100,0.0,12.6
2024-06-17T03:00,26.1,79,100,0.0,13.2
2024-06-17T04:00,25.7,79,100,0.0,11.0
2024-06-17T05:00,25.5,79,100,0.0,12.9
2024-06-17T06:00,25.9,80,93,21.0,14.8
2024-06-17T07:00,27.1,74,100,166.0,16.9
2024-06-17T08:00,28.4,68,100,360.0,17.3
2024-06-17T09:00,30.0,61,100,552.0,16.2
2024-06-17T10:00,31.4,56,100,699.0,14.8
2024-06-17T11:00,33.4,49,100,852.0,14.9
2024-06-17T12:00,34.0,46,100,762.0,16.6
2024-06-17T13:00,34.4,45,100,738.0,14.1
2024-06-17T14:00,34.0,47,100,753.0,15.2
2024-06-17T15:00,34.0,48,100,606.0,11.1
2024-06-17T16:00,33.8,49,100,435.0,9.2
2024-06-17T17:00,31.2,60,100,205.0,12.3
2024-06-17T18:00,31.3,55,100,83.0,10.4
2024-06-17T19:00,30.2,59,100,2.0,6.4
2024-06-17T20:00,29.4,62,100,0.0,5.7
2024-06-17T21:00,28.9,65,93,0.0,5.5
2024-06-17T22:00,28.7,66,84,0.0,8.1
2024-06-17T23:00,28.5,68,38,0.0,11.4
2024-06-18T00:00,28.2,69,20,0.0,14.9
2024-06-18T01:00,27.9,69,12,0.0,15.7
2024-06-18T02:00,27.5,72,15,0.0,15.2
2024-06-18T03:00,27.2,73,25,0.0,14.0
2024-06-18T04:00,26.8,75,77,0.0,13.7
2024-06-18T05:00,26.4,77,96,0.0,13.8
2024-06-18T06:00,26.8,75,96,19.0,14.3
2024-06-18T07:00,27.9,71,98,162.0,15.1
2024-06-18T08:00,29.1,67,100,360.0,16.2
2024-06-18T09:00,30.4,62,100,552.0,16.2
2024-06-18T10:00,31.8,56,100,646.0,17.4
2024-06-18T11:00,32.7,54,100,738.0,17.0
2024-06-18T12:00,33.2,52,100,850.0,15.1
2024-06-18T13:00,33.8,51,100,825.0,14.1
2024-06-18T14:00,34.3,49,100,785.0,13.7
2024-06-18T15:00,34.3,47,100,493.0,10.1
2024-06-18T16:00,32.2,57,100,446.0,13.0
2024-06-18T17:00,31.2,59,100,241.0,15.9
2024-06-18T18:00,30.5,61,84,80.0,12.4
2024-06-18T19:00,30.2,60,97,2.0,11.4
2024-06-18T20:00,30.1,59,21,0.0,15.8
2024-06-18T21:00,29.3,63,44,0.0,17.2
2024-06-18T22:00,28.6,65,46,0.0,19.4
2024-06-18T23:00,28.0,69,100,0.0,16.7
2024-06-19T00:00,27.6,72,100,0.0,18.6
2024-06-19T01:00,26.3,79,99,0.0,20.5
2024-06-19T02:00,25.9,80,100,0.0,18.3
2024-06-19T03:00,26.1,80,100,0.0,18.2
2024-06-19T04:00,26.2,79,100,0.0,18.3
2024-06-19T05:00,25.9,80,100,0.0,17.1
2024-06-19T06:00,25.1,87,100,18.0,14.9
2024-06-19T07:00,26.4,78,100,125.0,16.3
2024-06-19T08:00,28.1,69,100,321.0,16.6
2024-06-19T09:00,29.8,61,100,496.0,20.7
2024-06-19T10:00,31.3,55,100,674.0,21.0
2024-06-19T11:00,32.4,50,100,746.0,20.6
2024-06-19T12:00,33.0,47,100,690.0,20.3
2024-06-19T13:00,33.5,45,100,694.0,18.4
2024-06-19T14:00,34.4,42,100,715.0,18.4
2024-06-19T15:00,33.4,47,64,587.0,16.5
2024-06-19T16:00,33.3,47,98,439.0,17.7
2024-06-19T17:00,32.5,50,100,271.0,15.3
2024-06-19T18:00,31.3,53,100,83.0,10.3
2024-06-19T19:00,30.0,58,96,2.0,7.4
2024-06-19T20:00,29.6,59,100,0.0,10.6
2024-06-19T21:00,28.2,66,60,0.0,18.8
2024-06-19T22:00,26.6,75,74,0.0,15.8
2024-06-19T23:00,26.4,77,97,0.0,13.8
2024-06-20T00:00,26.6,77,100,0.0,15.1
2024-06-20T01:00,27.0,73,99,0.0,16.3
2024-06-20T02:00,26.6,72,100,0.0,17.3
2024-06-20T03:00,26.2,73,100,0.0,18.4
2024-06-20T04:00,25.9,75,100,0.0,18.7
2024-06-20T05:00,25.5,77,100,0.0,17.7
2024-06-20T06:00,25.8,76,100,19.0,17.6
2024-06-20T07:00,26.8,73,100,160.0,17.5
2024-06-20T08:00,28.5,65,100,345.0,22.3
2024-06-20T09:00,30.2,57,100,491.0,23.6
2024-06-20T10:00,30.9,56,100,594.0,22.1
2024-06-20T11:00,31.4,54,100,504.0,19.9
2024-06-20T12:00,32.9,49,98,805.0,17.4
2024-06-20T13:00,33.8,46,98,862.0,16.6
2024-06-20T14:00,34.4,44,100,802.0,16.6
2024-06-20T15:00,34.4,43,65,688.0,16.7
2024-06-20T16:00,33.9,46,11,450.0,15.5
2024-06-20T17:00,33.2,48,18,283.0,13.7
2024-06-20T18:00,31.3,51,21,93.0,11.7
2024-06-20T19:00,30.3,53,50,3.0,8.7
2024-06-20T20:00,29.7,56,6,0.0,7.5
2024-06-20T21:00,29.4,57,18,0.0,12.2
2024-06-20T22:00,29.6,55,99,0.0,18.3
2024-06-20T23:00,28.8,59,89,0.0,17.2
2024-06-21T00:00,28.0,63,100,0.0,16.7
2024-06-21T01:00,27.4,67,100,0.0,16.6
2024-06-21T02:00,26.8,70,100,0.0,17.9
2024-06-21T03:00,26.4,72,100,0.0,18.4
2024-06-21T04:00,26.1,74,100,0.0,19.6
2024-06-21T05:00,25.9,75,100,0.0,18.6
2024-06-21T06:00,26.9,72,100,11.0,19.1
2024-06-21T07:00,27.4,71,99,108.0,16.8
2024-06-21T08:00,28.8,65,100,290.0,21.3
2024-06-21T09:00,29.8,60,100,364.0,21.0
2024-06-21T10:00,31.6,53,100,647.0,21.5
2024-06-21T11:00,32.3,50,100,711.0,21.1
2024-06-21T12:00,33.1,49,100,672.0,19.6
2024-06-21T13:00,33.5,47,100,633.0,19.2
2024-06-21T14:00,34.2,45,100,654.0,17.4
2024-06-21T15:00,34.0,45,100,455.0,18.4
2024-06-21T16:00,33.7,45,100,345.0,19.7
2024-06-21T17:00,32.5,50,100,219.0,16.3
2024-06-21T18:00,31.0,53,100,68.0,16.5
2024-06-21T19:00,30.1,58,100,2.0,16.3
2024-06-21T20:00,29.6,60,100,0.0,14.8
2024-06-21T21:00,29.1,62,100,0.0,14.1
2024-06-21T22:00,28.8,63,100,0.0,16.2
2024-06-21T23:00,28.5,65,100,0.0,18.1
2024-06-22T00:00,28.1,67,100,0.0,17.6
2024-06-22T01:00,27.6,69,100,0.0,18.5
2024-06-22T02:00,27.3,70,100,0.0,19.6
2024-06-22T03:00,26.9,72,100,0.0,19.3
2024-06-22T04:00,26.6,74,100,0.0,19.1
2024-06-22T05:00,26.3,76,100,0.0,18.6
2024-06-22T06:00,26.6,74,100,13.0,15.7
2024-06-22T07:00,27.2,72,100,70.0,12.3
2024-06-22T08:00,27.8,70,100,122.0,13.6
2024-06-22T09:00,29.2,64,100,252.0,21.0
2024-06-22T10:00,30.0,61,100,301.0,20.1
2024-06-22T11:00,31.9,55,100,634.0,17.7
2024-06-22T12:00,33.6,50,100,882.0,16.0
2024-06-22T13:00,34.2,48,100,793.0,15.8
2024-06-22T14:00,33.9,48,100,532.0,15.3
2024-06-22T15:00,33.5,48,100,354.0,15.2
2024-06-22T16:00,33.2,50,100,338.0,16.2
2024-06-22T17:00,31.2,57,100,223.0,15.5
2024-06-22T18:00,30.2,62,99,74.0,7.6
2024-06-22T19:00,29.9,62,100,3.0,6.9
2024-06-22T20:00,29.7,62,100,0.0,10.2
2024-06-22T21:00,28.6,67,100,0.0,11.7
2024-06-22T22:00,26.6,75,100,0.0,19.6
2024-06-22T23:00,24.5,89,100,0.0,16.8
2024-06-23T00:00,24.8,91,100,0.0,9.5
2024-06-23T01:00,25.4,87,100,0.0,8.7
2024-06-23T02:00,25.9,81,100,0.0,15.5
2024-06-23T03:00,25.8,78,100,0.0,15.0
2024-06-23T04:00,25.8,78,100,0.0,13.8
2024-06-23T05:00,25.5,79,100,0.0,12.6
2024-06-23T06:00,26.3,73,100,14.0,17.2
2024-06-23T07:00,27.0,70,100,127.0,17.2
2024-06-23T08:00,28.3,65,100,300.0,18.9
2024-06-23T09:00,30.0,58,100,473.0,16.9
2024-06-23T10:00,31.4,52,100,660.0,15.2
2024-06-23T11:00,31.7,51,100,467.0,13.7
2024-06-23T12:00,32.9,47,100,599.0,13.7
2024-06-23T13:00,33.1,45,100,535.0,12.7
2024-06-23T14:00,34.2,42,100,644.0,11.5
2024-06-23T15:00,34.2,42,93,591.0,10.4
2024-06-23T16:00,34.1,42,99,440.0,11.6
2024-06-23T17:00,33.7,43,100,270.0,9.7
2024-06-23T18:00,31.9,50,89,92.0,9.1
2024-06-23T19:00,28.5,65,80,2.0,16.6
2024-06-23T20:00,26.7,76,100,0.0,16.0
2024-06-23T21:00,26.5,80,100,0.0,10.5
2024-06-23T22:00,26.5,80,100,0.0,7.6
2024-06-23T23:00,26.7,80,100,0.0,6.1
2024-06-24T00:00,26.7,80,100,0.0,3.6
2024-06-24T01:00,26.4,82,99,0.0,2.4
2024-06-24T02:00,25.8,88,52,0.0,2.1
2024-06-24T03:00,25.4,88,51,0.0,3.6
2024-06-24T04:00,25.3,85,42,0.0,4.2
2024-06-24T05:00,25.6,80,72,0.0,7.2
2024-06-24T06:00,26.9,69,73,16.0,17.0
2024-06-24T07:00,27.8,67,58,139.0,15.7
2024-06-24T08:00,29.2,61,37,348.0,17.5
2024-06-24T09:00,31.1,54,100,553.0,22.0
2024-06-24T10:00,31.4,53,74,507.0,19.9
2024-06-24T11:00,33.0,47,100,603.0,18.5
2024-06-24T12:00,33.3,46,21,461.0,18.1
2024-06-24T13:00,34.8,43,28,818.0,17.3
2024-06-24T14:00,35.2,41,47,780.0,17.4
2024-06-24T15:00,35.4,40,60,585.0,16.8
2024-06-24T16:00,35.0,40,37,428.0,14.3
2024-06-24T17:00,29.9,61,100,271.0,30.4
2024-06-24T18:00,28.7,67,100,42.0,8.7
2024-06-24T19:00,28.8,66,100,1.0,9.4
2024-06-24T20:00,29.0,63,98,0.0,12.6
2024-06-24T21:00,28.9,64,96,0.0,15.1
2024-06-24T22:00,28.6,63,88,0.0,16.3
2024-06-24T23:00,28.1,64,97,0.0,16.9
2024-06-25T00:00,27.6,66,89,0.0,16.9
2024-06-25T01:00,27.2,67,100,0.0,17.1
2024-06-25T02:00,26.8,69,100,0.0,15.8
2024-06-25T03:00,26.6,71,99,0.0,15.0
2024-06-25T04:00,26.5,71,89,0.0,15.3
2024-06-25T05:00,26.4,72,98,0.0,16.5
2024-06-25T06:00,27.1,68,91,13.0,15.8
2024-06-25T07:00,28.0,66,77,152.0,15.8
2024-06-25T08:00,29.6,61,96,358.0,21.0
2024-06-25T09:00,31.8,54,100,544.0,26.6
2024-06-25T10:00,31.9,53,100,403.0,23.4
2024-06-25T11:00,32.5,53,100,503.0,21.0
2024-06-25T12:00,34.4,48,100,865.0,19.5
2024-06-25T13:00,35.4,45,100,837.0,16.8
2024-06-25T14:00,32.3,56,100,654.0,20.9
2024-06-25T15:00,30.9,63,100,484.0,21.2
2024-06-25T16:00,30.5,63,96,268.0,15.8
2024-06-25T17:00,31.0,62,100,255.0,13.8
2024-06-25T18:00,30.3,61,100,81.0,13.5
2024-06-25T19:00,31.2,57,100,2.0,15.5
2024-06-25T20:00,30.1,60,98,0.0,20.7
2024-06-25T21:00,29.0,66,94,0.0,17.4
2024-06-25T22:00,28.3,71,98,0.0,19.3
2024-06-25T23:00,28.3,69,100,0.0,19.6
2024-06-26T00:00,27.9,69,100,0.0,21.6
2024-06-26T01:00,27.5,70,100,0.0,21.5
2024-06-26T02:00,27.3,71,100,0.0,21.1
2024-06-26T03:00,27.1,71,100,0.0,21.4
2024-06-26T04:00,27.0,71,100,0.0,20.4
2024-06-26T05:00,26.8,71,100,0.0,19.1
2024-06-26T06:00,27.2,69,100,17.0,16.4
2024-06-26T07:00,28.1,66,99,134.0,18.3
2024-06-26T08:00,29.6,60,100,338.0,19.9
2024-06-26T09:00,31.2,54,100,419.0,28.1
2024-06-26T10:00,32.0,51,100,403.0,27.0
2024-06-26T11:00,32.5,50,100,361.0,24.3
2024-06-26T12:00,34.9,44,100,864.0,24.3
2024-06-26T13:00,35.4,44,100,774.0,21.2
2024-06-26T14:00,32.1,56,100,700.0,20.8
2024-06-26T15:00,31.3,60,100,272.0,7.8
2024-06-26T16:00,31.9,55,100,182.0,9.5
2024-06-26T17:00,30.3,61,100,244.0,13.4
2024-06-26T18:00,30.9,58,100,74.0,15.5
2024-06-26T19:00,31.0,54,100,2.0,22.7
2024-06-26T20:00,30.0,58,100,0.0,21.2
2024-06-26T21:00,29.4,61,100,0.0,23.6
2024-06-26T22:00,28.7,64,100,0.0,20.9
2024-06-26T23:00,28.2,66,100,0.0,23.1
2024-06-27T00:00,27.7,68,100,0.0,20.9
2024-06-27T01:00,27.3,70,99,0.0,20.2
2024-06-27T02:00,27.0,71,100,0.0,20.6
2024-06-27T03:00,26.9,71,100,0.0,19.6
2024-06-27T04:00,26.7,71,100,0.0,18.4
2024-06-27T05:00,26.6,71,100,0.0,18.7
2024-06-27T06:00,27.3,69,100,14.0,18.9
2024-06-27T07:00,28.0,66,100,106.0,17.7
2024-06-27T08:00,28.7,63,100,194.0,22.1
2024-06-27T09:00,30.2,58,100,368.0,25.7
2024-06-27T10:00,31.4,53,100,487.0,29.6
2024-06-27T11:00,31.6,52,100,342.0,24.3
2024-06-27T12:00,32.0,52,100,390.0,24.2
2024-06-27T13:00,33.6,47,100,545.0,22.0
2024-06-27T14:00,32.6,50,100,296.0,22.0
2024-06-27T15:00,31.8,51,100,169.0,22.4
2024-06-27T16:00,32.2,50,100,296.0,23.1
2024-06-27T17:00,31.6,51,100,130.0,22.6
2024-06-27T18:00,31.0,51,100,63.0,16.2
2024-06-27T19:00,30.2,53,100,2.0,14.2
2024-06-27T20:00,29.7,56,100,0.0,16.3
2024-06-27T21:00,29.3,58,100,0.0,18.4
2024-06-27T22:00,28.7,62,100,0.0,18.5
2024-06-27T23:00,28.3,64,100,0.0,17.6
2024-06-28T00:00,27.9,66,100,0.0,19.4
2024-06-28T01:00,27.6,68,100,0.0,19.2
2024-06-28T02:00,27.2,69,100,0.0,19.1
2024-06-28T03:00,26.3,74,100,0.0,16.5
2024-06-28T04:00,26.4,73,100,0.0,15.7
2024-06-28T05:00,26.0,75,100,0.0,17.9
2024-06-28T06:00,26.3,74,100,14.0,16.8
2024-06-28T07:00,27.4,69,100,89.0,16.0
2024-06-28T08:00,28.6,64,100,235.0,18.6
2024-06-28T09:00,29.7,60,96,381.0,19.5
2024-06-28T10:00,31.3,54,66,537.0,24.6
2024-06-28T11:00,33.0,48,85,746.0,22.9
2024-06-28T12:00,34.3,45,79,781.0,19.1
2024-06-28T13:00,35.8,40,100,886.0,19.1
2024-06-28T14:00,36.1,39,60,757.0,20.6
2024-06-28T15:00,35.6,39,100,599.0,20.6
2024-06-28T16:00,31.0,56,100,219.0,16.9
2024-06-28T17:00,31.6,53,100,198.0,5.2
2024-06-28T18:00,31.4,52,100,73.0,13.8
2024-06-28T19:00,29.8,58,100,3.0,12.2
2024-06-28T20:00,29.3,60,100,0.0,11.9
2024-06-28T21:00,28.8,63,99,0.0,9.4
2024-06-28T22:00,28.9,63,100,0.0,15.6
2024-06-28T23:00,28.7,63,98,0.0,15.5
2024-06-29T00:00,28.3,64,100,0.0,15.5
2024-06-29T01:00,27.9,66,100,0.0,15.9
2024-06-29T02:00,27.5,68,100,0.0,16.1
2024-06-29T03:00,27.3,69,100,0.0,17.0
2024-06-29T04:00,26.9,71,100,0.0,16.5
2024-06-29T05:00,26.6,72,100,0.0,16.3
2024-06-29T06:00,26.9,71,100,15.0,14.7
2024-06-29T07:00,27.8,68,100,129.0,17.2
2024-06-29T08:00,29.0,63,100,297.0,19.5
2024-06-29T09:00,31.2,53,100,467.0,23.2
2024-06-29T10:00,32.4,49,100,558.0,22.1
2024-06-29T11:00,33.7,45,100,638.0,21.4
2024-06-29T12:00,34.4,44,100,664.0,18.0
2024-06-29T13:00,34.9,42,100,628.0,16.4
2024-06-29T14:00,34.6,43,100,513.0,15.7
2024-06-29T15:00,35.3,42,100,549.0,12.7
2024-06-29T16:00,35.0,43,100,405.0,11.2
2024-06-29T17:00,34.0,45,100,183.0,13.9
2024-06-29T18:00,30.2,58,100,57.0,12.7
2024-06-29T19:00,30.2,57,100,2.0,10.9
2024-06-29T20:00,30.0,59,100,0.0,13.0
2024-06-29T21:00,29.7,61,100,0.0,12.2
2024-06-29T22:00,29.1,63,100,0.0,9.0
2024-06-29T23:00,29.0,64,100,0.0,11.7
2024-06-30T00:00,28.8,64,100,0.0,14.3
2024-06-30T01:00,28.2,66,100,0.0,13.8
2024-06-30T02:00,27.7,69,100,0.0,15.7
2024-06-30T03:00,27.4,71,100,0.0,15.6
2024-06-30T04:00,27.0,72,100,0.0,15.6
2024-06-30T05:00,26.8,73,100,0.0,15.5
2024-06-30T06:00,27.4,71,100,13.0,15.7
2024-06-30T07:00,28.0,69,100,83.0,15.5
2024-06-30T08:00,28.9,66,100,159.0,14.2
2024-06-30T09:00,30.7,58,100,372.0,17.4
2024-06-30T10:00,32.0,53,100,428.0,19.0
2024-06-30T11:00,33.3,48,100,533.0,18.4
2024-06-30T12:00,33.7,47,100,488.0,16.3
2024-06-30T13:00,34.3,45,100,520.0,16.2
2024-06-30T14:00,34.7,44,100,506.0,15.5
2024-06-30T15:00,34.5,44,100,352.0,15.8
2024-06-30T16:00,32.6,51,100,245.0,20.6
2024-06-30T17:00,31.6,54,100,121.0,14.4
2024-06-30T18:00,31.4,52,100,59.0,14.3
2024-06-30T19:00,30.0,59,100,2.0,13.2
2024-06-30T20:00,28.7,65,100,0.0,19.1
2024-06-30T21:00,28.1,68,100,0.0,14.5
2024-06-30T22:00,27.9,70,100,0.0,12.9
2024-06-30T23:00,27.7,71,100,0.0,9.8
2024-07-01T00:00,27.5,73,100,0.0,11.3
2024-07-01T01:00,27.7,72,100,0.0,13.2
2024-07-01T02:00,27.5,72,100,0.0,14.3
2024-07-01T03:00,27.2,73,100,0.0,17.1
2024-07-01T04:00,26.8,74,100,0.0,16.2
2024-07-01T05:00,26.7,74,100,0.0,16.7
2024-07-01T06:00,27.0,73,100,10.0,17.6
2024-07-01T07:00,27.6,69,100,87.0,17.3
2024-07-01T08:00,28.7,65,100,227.0,18.3
2024-07-01T09:00,30.4,59,100,431.0,19.0
2024-07-01T10:00,31.9,52,100,540.0,21.7
2024-07-01T11:00,33.7,47,100,782.0,22.7
2024-07-01T12:00,34.3,44,100,671.0,22.1
2024-07-01T13:00,34.8,43,100,674.0,19.1
2024-07-01T14:00,35.2,42,100,643.0,19.1
2024-07-01T15:00,35.3,41,100,562.0,19.2
2024-07-01T16:00,34.2,44,100,413.0,29.2
2024-07-01T17:00,28.7,67,99,146.0,17.6
2024-07-01T18:00,26.1,80,100,35.0,15.4
2024-07-01T19:00,26.7,78,100,1.0,11.2
2024-07-01T20:00,27.5,73,100,0.0,12.7
2024-07-01T21:00,28.1,68,100,0.0,15.1
2024-07-01T22:00,28.5,63,100,0.0,19.8
2024-07-01T23:00,28.1,64,100,0.0,20.0
2024-07-02T00:00,27.5,66,100,0.0,19.8
2024-07-02T01:00,27.2,67,100,0.0,20.6
2024-07-02T02:00,27.0,68,100,0.0,20.2
2024-07-02T03:00,26.9,69,100,0.0,18.8
2024-07-02T04:00,26.6,71,99,0.0,17.8
2024-07-02T05:00,26.4,71,100,0.0,16.9
2024-07-02T06:00,26.8,69,38,10.0,17.8
2024-07-02T07:00,27.7,65,96,151.0,17.6
2024-07-02T08:00,29.1,60,95,354.0,18.8
2024-07-02T09:00,31.0,54,100,558.0,21.2
2024-07-02T10:00,32.5,48,100,652.0,24.9
2024-07-02T11:00,33.5,44,100,626.0,24.2
2024-07-02T12:00,34.8,39,100,530.0,24.1
2024-07-02T13:00,35.7,37,100,716.0,25.2
2024-07-02T14:00,34.8,41,99,630.0,23.1
2024-07-02T15:00,34.6,43,99,576.0,21.1
2024-07-02T16:00,35.1,41,96,439.0,17.3
2024-07-02T17:00,34.4,41,88,285.0,22.8
2024-07-02T18:00,32.7,46,100,97.0,18.7
2024-07-02T19:00,31.5,50,99,3.0,14.8
2024-07-02T20:00,31.2,52,100,0.0,18.5
2024-07-02T21:00,30.5,55,100,0.0,17.4
2024-07-02T22:00,29.7,57,100,0.0,18.6
2024-07-02T23:00,29.0,61,100,0.0,19.0
2024-07-03T00:00,28.3,64,100,0.0,19.1
2024-07-03T01:00,27.6,67,100,0.0,18.9
2024-07-03T02:00,27.2,70,100,0.0,17.9
2024-07-03T03:00,26.8,72,100,0.0,16.1
2024-07-03T04:00,26.5,74,100,0.0,15.0
2024-07-03T05:00,26.2,75,100,0.0,15.6
2024-07-03T06:00,26.7,73,100,14.0,15.9
2024-07-03T07:00,27.6,68,100,126.0,18.1
2024-07-03T08:00,28.9,63,100,293.0,17.7
2024-07-03T09:00,30.6,57,100,480.0,19.4
2024-07-03T10:00,32.1,52,100,615.0,21.7
2024-07-03T11:00,33.5,48,100,734.0,19.1
2024-07-03T12:00,30.5,61,100,580.0,22.7
2024-07-03T13:00,28.7,74,100,556.0,10.1
2024-07-03T14:00,30.8,62,88,380.0,11.7
2024-07-03T15:00,32.1,56,94,495.0,12.1
2024-07-03T16:00,32.3,55,100,477.0,11.5
2024-07-03T17:00,32.3,54,100,224.0,10.5
2024-07-03T18:00,32.2,49,100,70.0,16.6
2024-07-03T19:00,31.2,53,99,2.0,9.6
2024-07-03T20:00,30.3,54,100,0.0,17.1
2024-07-03T21:00,29.7,58,100,0.0,15.0
2024-07-03T22:00,29.2,60,100,0.0,16.1
2024-07-03T23:00,28.6,64,100,0.0,18.5
2024-07-04T00:00,28.1,66,100,0.0,18.1
2024-07-04T01:00,27.6,67,100,0.0,18.4
2024-07-04T02:00,27.2,70,100,0.0,17.7
2024-07-04T03:00,26.9,71,100,0.0,16.9
2024-07-04T04:00,26.8,72,100,0.0,16.1
2024-07-04T05:00,26.5,74,100,0.0,15.0
2024-07-04T06:00,26.9,72,100,12.0,13.8
2024-07-04T07:00,27.6,69,100,94.0,17.8
2024-07-04T08:00,28.4,65,100,178.0,18.8
2024-07-04T09:00,29.0,62,100,203.0,20.9
2024-07-04T10:00,29.4,60,100,197.0,21.3
2024-07-04T11:00,30.7,55,100,421.0,23.0
2024-07-04T12:00,31.9,51,100,538.0,22.8
2024-07-04T13:00,31.8,51,100,400.0,21.4
2024-07-04T14:00,33.1,48,100,540.0,18.1
2024-07-04T15:00,33.1,48,82,483.0,15.9
2024-07-04T16:00,33.5,46,62,446.0,16.6
2024-07-04T17:00,33.0,46,56,261.0,18.2
2024-07-04T18:00,31.6,52,26,77.0,9.4
2024-07-04T19:00,30.8,53,92,3.0,11.2
2024-07-04T20:00,30.1,54,98,0.0,19.1
2024-07-04T21:00,29.4,59,99,0.0,16.6
2024-07-04T22:00,29.4,60,100,0.0,15.0
2024-07-04T23:00,28.6,62,100,0.0,13.4
2024-07-05T00:00,28.0,65,100,0.0,14.9
2024-07-05T01:00,27.9,67,100,0.0,15.2
2024-07-05T02:00,27.7,68,100,0.0,16.2
2024-07-05T03:00,27.0,71,100,0.0,14.8
2024-07-05T04:00,26.9,71,100,0.0,14.7
2024-07-05T05:00,26.7,72,79,0.0,14.4
2024-07-05T06:00,26.6,72,100,14.0,12.3
2024-07-05T07:00,27.8,67,100,143.0,13.8
2024-07-05T08:00,29.5,60,100,299.0,21.8
2024-07-05T09:00,31.0,54,100,445.0,22.5
2024-07-05T10:00,31.8,51,100,420.0,18.3
2024-07-05T11:00,32.4,50,100,376.0,17.3
2024-07-05T12:00,33.5,47,100,513.0,17.7
2024-07-05T13:00,33.7,46,99,464.0,18.2
2024-07-05T14:00,34.8,43,74,664.0,19.7
2024-07-05T15:00,33.5,46,94,591.0,22.9
2024-07-05T16:00,33.6,47,89,417.0,22.7
2024-07-05T17:00,27.8,74,100,234.0,23.2
2024-07-05T18:00,25.7,88,100,15.0,14.7
2024-07-05T19:00,26.1,85,100,1.0,16.8
2024-07-05T20:00,25.7,89,100,0.0,11.3
2024-07-05T21:00,25.6,88,100,0.0,10.3
2024-07-05T22:00,26.1,83,100,0.0,13.1
2024-07-05T23:00,26.5,77,100,0.0,15.5
2024-07-06T00:00,26.3,76,100,0.0,16.1
2024-07-06T01:00,26.2,76,100,0.0,14.7
2024-07-06T02:00,26.3,75,100,0.0,15.4
2024-07-06T03:00,26.3,74,100,0.0,14.8
2024-07-06T04:00,26.4,73,100,0.0,14.7
2024-07-06T05:00,26.0,76,100,0.0,13.4
2024-07-06T06:00,25.9,77,100,4.0,9.4
2024-07-06T07:00,26.3,76,100,42.0,13.0
2024-07-06T08:00,26.6,75,100,73.0,14.8
2024-07-06T09:00,26.7,74,100,121.0,15.1
2024-07-06T10:00,27.4,71,100,261.0,17.9
2024-07-06T11:00,27.7,69,100,238.0,18.4
2024-07-06T12:00,28.8,63,100,214.0,16.3
2024-07-06T13:00,29.5,60,100,148.0,14.1
2024-07-06T14:00,32.0,46,100,196.0,23.0
2024-07-06T15:00,31.3,48,100,70.0,19.4
2024-07-06T16:00,32.3,45,100,158.0,22.8
2024-07-06T17:00,31.1,51,100,102.0,20.9
2024-07-06T18:00,28.3,66,100,41.0,17.3
2024-07-06T19:00,28.3,65,100,2.0,12.5
2024-07-06T20:00,28.4,63,100,0.0,13.1
2024-07-06T21:00,28.2,64,100,0.0,15.8
2024-07-06T22:00,27.7,65,100,0.0,16.8
2024-07-06T23:00,27.4,66,100,0.0,17.5
2024-07-07T00:00,26.2,74,100,0.0,15.9
2024-07-07T01:00,25.9,77,100,0.0,15.7
2024-07-07T02:00,26.0,76,100,0.0,15.4
2024-07-07T03:00,25.9,77,100,0.0,14.1
2024-07-07T04:00,25.9,76,100,0.0,14.9
2024-07-07T05:00,25.9,75,100,0.0,15.9
2024-07-07T06:00,26.9,70,100,11.0,15.7
2024-07-07T07:00,27.6,66,100,126.0,21.3
2024-07-07T08:00,28.7,62,100,294.0,21.6
2024-07-07T09:00,30.0,56,100,344.0,24.6
2024-07-07T10:00,31.2,50,100,281.0,23.0
2024-07-07T11:00,32.3,47,100,489.0,22.3
2024-07-07T12:00,34.1,43,100,822.0,20.4
2024-07-07T13:00,34.4,41,100,724.0,18.2
2024-07-07T14:00,34.3,41,100,568.0,16.9
2024-07-07T15:00,30.5,59,100,384.0,20.7
2024-07-07T16:00,29.8,60,100,267.0,16.3
2024-07-07T17:00,28.7,67,100,201.0,18.8
2024-07-07T18:00,27.0,75,100,62.0,12.1
2024-07-07T19:00,26.9,74,100,3.0,7.6
2024-07-07T20:00,27.0,74,100,0.0,7.5
2024-07-07T21:00,27.3,69,100,0.0,9.4
2024-07-07T22:00,27.3,66,100,0.0,10.0
2024-07-07T23:00,26.8,68,100,0.0,11.4
2024-07-08T00:00,26.4,71,100,0.0,14.5
2024-07-08T01:00,26.1,74,100,0.0,15.4
2024-07-08T02:00,25.9,75,100,0.0,15.8
2024-07-08T03:00,25.7,76,100,0.0,16.9
2024-07-08T04:00,25.5,77,100,0.0,15.6
2024-07-08T05:00,25.6,77,100,0.0,14.1
2024-07-08T06:00,25.4,79,100,6.0,16.6
2024-07-08T07:00,26.2,75,46,76.0,17.2
2024-07-08T08:00,28.4,64,74,353.0,22.7
2024-07-08T09:00,30.3,55,88,514.0,22.7
2024-07-08T10:00,31.0,53,59,580.0,21.5
2024-07-08T11:00,32.8,46,52,716.0,20.2
2024-07-08T12:00,31.6,53,94,726.0,23.4
2024-07-08T13:00,32.3,54,98,680.0,15.5
2024-07-08T14:00,33.1,48,99,511.0,16.3
2024-07-08T15:00,34.4,43,99,604.0,15.2
2024-07-08T16:00,29.1,67,100,384.0,21.1
2024-07-08T17:00,28.9,70,100,136.0,7.2
2024-07-08T18:00,30.7,55,100,94.0,15.7
2024-07-08T19:00,30.0,57,100,3.0,16.1
2024-07-08T20:00,28.5,64,100,0.0,21.3
2024-07-08T21:00,27.2,70,100,0.0,19.0
2024-07-08T22:00,26.1,79,100,0.0,18.3
2024-07-08T23:00,26.0,79,91,0.0,18.3
2024-07-09T00:00,25.7,79,99,0.0,18.0
2024-07-09T01:00,25.5,78,100,0.0,18.4
2024-07-09T02:00,25.2,79,100,0.0,17.9
2024-07-09T03:00,24.7,83,100,0.0,17.0
2024-07-09T04:00,24.8,81,100,0.0,15.2
2024-07-09T05:00,24.9,80,100,0.0,14.8
2024-07-09T06:00,24.4,86,100,10.0,13.4
2024-07-09T07:00,25.3,79,100,66.0,15.0
2024-07-09T08:00,26.3,74,100,168.0,13.1
2024-07-09T09:00,28.5,63,100,331.0,20.7
2024-07-09T10:00,29.2,60,100,291.0,18.4
2024-07-09T11:00,30.2,57,100,348.0,16.0
2024-07-09T12:00,31.2,54,100,624.0,17.4
2024-07-09T13:00,31.7,51,100,493.0,13.9
2024-07-09T14:00,32.1,49,100,330.0,11.3
2024-07-09T15:00,32.2,48,100,271.0,12.5
2024-07-09T16:00,31.5,51,100,207.0,14.3
2024-07-09T17:00,30.5,57,100,110.0,9.8
2024-07-09T18:00,30.3,56,100,62.0,10.1
2024-07-09T19:00,29.7,57,100,2.0,12.4
2024-07-09T20:00,29.5,57,100,0.0,17.9
2024-07-09T21:00,28.9,57,98,0.0,21.1
2024-07-09T22:00,27.8,60,100,0.0,16.8
2024-07-09T23:00,27.1,64,100,0.0,15.7
2024-07-10T00:00,26.5,67,99,0.0,15.5
2024-07-10T01:00,26.0,70,100,0.0,15.6
2024-07-10T02:00,25.7,72,100,0.0,15.3
2024-07-10T03:00,25.5,74,100,0.0,14.7
2024-07-10T04:00,25.4,75,100,0.0,13.8
2024-07-10T05:00,25.2,76,99,0.0,12.7
2024-07-10T06:00,25.8,73,100,7.0,14.7
2024-07-10T07:00,26.5,71,100,105.0,14.2
2024-07-10T08:00,27.8,66,100,278.0,14.1
2024-07-10T09:00,29.5,60,100,477.0,14.4
2024-07-10T10:00,31.5,52,100,668.0,16.4
2024-07-10T11:00,31.3,53,100,550.0,15.9
2024-07-10T12:00,32.5,49,99,759.0,15.7
2024-07-10T13:00,33.4,46,98,771.0,15.5
2024-07-10T14:00,33.9,44,97,766.0,15.0
2024-07-10T15:00,34.0,43,99,630.0,14.3
2024-07-10T16:00,33.7,43,99,455.0,14.2
2024-07-10T17:00,33.3,44,98,270.0,13.4
2024-07-10T18:00,30.9,54,98,84.0,21.0
2024-07-10T19:00,26.7,75,100,2.0,22.6
2024-07-10T20:00,25.4,88,100,0.0,16.9
2024-07-10T21:00,26.4,83,100,0.0,13.1
2024-07-10T22:00,26.8,78,100,0.0,14.2
2024-07-10T23:00,26.5,76,100,0.0,14.7
2024-07-11T00:00,26.3,76,100,0.0,16.1
2024-07-11T01:00,26.1,76,98,0.0,16.5
2024-07-11T02:00,26.1,75,100,0.0,16.9
2024-07-11T03:00,25.9,76,100,0.0,16.9
2024-07-11T04:00,25.6,78,100,0.0,16.8
2024-07-11T05:00,25.2,79,100,0.0,15.4
2024-07-11T06:00,25.6,77,99,12.0,17.2
2024-07-11T07:00,26.5,71,95,133.0,17.9
2024-07-11T08:00,28.0,65,98,334.0,20.4
2024-07-11T09:00,30.2,56,100,551.0,22.2
2024-07-11T10:00,31.7,50,100,635.0,22.8
2024-07-11T11:00,33.0,45,99,683.0,22.2
2024-07-11T12:00,33.2,45,86,540.0,20.0
2024-07-11T13:00,33.8,43,62,588.0,19.5
2024-07-11T14:00,34.7,42,69,804.0,19.4
2024-07-11T15:00,34.5,43,71,630.0,18.7
2024-07-11T16:00,34.3,44,100,492.0,18.4
2024-07-11T17:00,33.6,45,100,295.0,18.7
2024-07-11T18:00,32.5,48,21,97.0,12.6
2024-07-11T19:00,30.2,57,99,3.0,14.0
2024-07-11T20:00,29.6,58,100,0.0,13.1
2024-07-11T21:00,28.2,65,100,0.0,14.6
2024-07-11T22:00,27.5,70,100,0.0,13.0
2024-07-11T23:00,27.1,73,100,0.0,11.8
2024-07-12T00:00,27.2,73,100,0.0,13.9
2024-07-12T01:00,27.0,73,87,0.0,15.6
2024-07-12T02:00,26.7,74,76,0.0,17.4
2024-07-12T03:00,26.4,75,89,0.0,18.4
2024-07-12T04:00,26.0,77,30,0.0,16.9
2024-07-12T05:00,25.8,78,100,0.0,17.1
2024-07-12T06:00,26.6,75,99,13.0,15.6
2024-07-12T07:00,27.3,71,100,109.0,15.9
2024-07-12T08:00,28.6,66,100,247.0,18.4
2024-07-12T09:00,30.2,58,100,398.0,22.1
2024-07-12T10:00,31.3,56,100,544.0,19.1
2024-07-12T11:00,32.2,53,100,600.0,17.7
2024-07-12T12:00,32.9,50,100,556.0,17.7
2024-07-12T13:00,33.6,47,100,614.0,18.9
2024-07-12T14:00,34.2,45,100,540.0,15.8
2024-07-12T15:00,33.7,45,100,429.0,17.4
2024-07-12T16:00,33.6,46,100,302.0,15.5
2024-07-12T17:00,32.6,49,100,190.0,17.0
2024-07-12T18:00,30.5,57,100,66.0,19.9
2024-07-12T19:00,29.3,61,100,3.0,18.3
2024-07-12T20:00,27.7,70,100,0.0,21.2
2024-07-12T21:00,26.5,79,100,0.0,15.6
2024-07-12T22:00,26.1,84,100,0.0,15.5
2024-07-12T23:00,26.5,79,100,0.0,20.1
2024-07-13T00:00,26.3,77,100,0.0,18.7
2024-07-13T01:00,26.3,75,100,0.0,19.9
2024-07-13T02:00,26.2,75,100,0.0,20.0
2024-07-13T03:00,26.2,75,100,0.0,20.1
2024-07-13T04:00,26.0,74,100,0.0,20.1
2024-07-13T05:00,25.9,75,100,0.0,21.3
2024-07-13T06:00,25.4,82,100,6.0,18.1
2024-07-13T07:00,26.1,78,100,69.0,20.6
2024-07-13T08:00,27.6,70,100,201.0,20.4
2024-07-13T09:00,28.5,64,100,220.0,23.1
2024-07-13T10:00,30.4,57,100,492.0,27.8
2024-07-13T11:00,30.8,55,100,425.0,26.5
2024-07-13T12:00,32.7,47,100,637.0,28.1
2024-07-13T13:00,32.0,49,100,255.0,23.8
2024-07-13T14:00,33.1,45,100,466.0,26.6
2024-07-13T15:00,33.0,46,100,463.0,24.1
2024-07-13T16:00,32.2,48,100,319.0,24.7
2024-07-13T17:00,31.5,52,100,150.0,22.9
2024-07-13T18:00,30.8,54,100,70.0,22.5
2024-07-13T19:00,29.8,59,100,2.0,17.7
2024-07-13T20:00,29.2,61,100,0.0,18.5
2024-07-13T21:00,28.3,66,100,0.0,17.4
2024-07-13T22:00,27.6,70,100,0.0,18.5
2024-07-13T23:00,26.9,75,100,0.0,20.1
2024-07-14T00:00,26.4,76,100,0.0,21.4
2024-07-14T01:00,26.2,77,100,0.0,21.0
2024-07-14T02:00,26.2,76,100,0.0,21.8
2024-07-14T03:00,25.9,77,100,0.0,23.1
2024-07-14T04:00,25.7,76,100,0.0,23.7
2024-07-14T05:00,25.9,74,100,0.0,23.9
2024-07-14T06:00,24.6,85,100,6.0,22.1
2024-07-14T07:00,24.6,85,100,18.0,22.5
2024-07-14T08:00,24.6,87,100,112.0,20.0
2024-07-14T09:00,27.2,73,100,347.0,20.5
2024-07-14T10:00,27.1,72,100,154.0,21.1
2024-07-14T11:00,29.3,59,100,277.0,28.9
2024-07-14T12:00,30.4,55,100,387.0,32.1
2024-07-14T13:00,27.0,80,100,243.0,12.7
2024-07-14T14:00,28.2,75,100,234.0,12.8
2024-07-14T15:00,28.2,73,100,161.0,14.0
2024-07-14T16:00,28.9,66,100,130.0,17.8
2024-07-14T17:00,27.8,70,100,68.0,19.7
2024-07-14T18:00,29.3,60,100,25.0,22.8
2024-07-14T19:00,28.6,64,99,1.0,22.5
2024-07-14T20:00,27.9,68,100,0.0,22.6
2024-07-14T21:00,26.9,73,100,0.0,23.2
2024-07-14T22:00,26.4,78,100,0.0,23.3
2024-07-14T23:00,25.9,82,100,0.0,23.6
2024-07-15T00:00,25.8,82,100,0.0,25.6
2024-07-15T01:00,25.7,81,100,0.0,24.7
2024-07-15T02:00,25.5,81,100,0.0,23.9
2024-07-15T03:00,24.6,89,100,0.0,23.2
2024-07-15T04:00,24.4,90,100,0.0,25.2
2024-07-15T05:00,24.4,90,100,0.0,21.9
2024-07-15T06:00,24.4,88,100,10.0,17.3
2024-07-15T07:00,25.0,86,100,85.0,19.1
2024-07-15T08:00,24.5,90,100,84.0,21.6
2024-07-15T09:00,25.8,84,100,231.0,22.6
2024-07-15T10:00,25.9,84,100,151.0,24.1
2024-07-15T11:00,27.6,74,100,305.0,22.2
2024-07-15T12:00,28.0,73,99,287.0,22.0
2024-07-15T13:00,29.0,69,100,483.0,25.2
2024-07-15T14:00,29.2,68,100,276.0,22.1
2024-07-15T15:00,27.5,78,100,177.0,20.3
2024-07-15T16:00,27.7,78,95,170.0,17.7
2024-07-15T17:00,28.7,72,100,133.0,11.2
2024-07-15T18:00,25.8,87,100,34.0,13.3
2024-07-15T19:00,25.7,86,90,1.0,16.2
2024-07-15T20:00,25.4,87,97,0.0,18.9
2024-07-15T21:00,25.1,89,100,0.0,19.5
2024-07-15T22:00,24.7,91,100,0.0,19.2
2024-07-15T23:00,24.7,89,100,0.0,19.4
2024-07-16T00:00,24.7,88,100,0.0,20.9
2024-07-16T01:00,24.9,87,100,0.0,21.4
2024-07-16T02:00,25.1,85,100,0.0,19.6
2024-07-16T03:00,25.2,84,100,0.0,21.3
2024-07-16T04:00,25.2,83,100,0.0,21.8
2024-07-16T05:00,24.9,85,100,0.0,19.1
2024-07-16T06:00,25.0,85,100,3.0,18.6
2024-07-16T07:00,25.8,79,100,46.0,21.4
2024-07-16T08:00,26.9,72,100,102.0,22.3
2024-07-16T09:00,29.0,62,100,472.0,34.8
2024-07-16T10:00,29.5,61,100,426.0,30.2
2024-07-16T11:00,30.5,56,100,470.0,31.5
2024-07-16T12:00,31.6,54,100,626.0,27.0
2024-07-16T13:00,32.8,52,100,685.0,26.3
2024-07-16T14:00,31.6,54,100,521.0,27.0
2024-07-16T15:00,30.8,58,100,495.0,25.3
2024-07-16T16:00,31.6,53,100,343.0,25.8
2024-07-16T17:00,30.5,56,100,161.0,25.8
2024-07-16T18:00,29.6,56,100,50.0,22.0
2024-07-16T19:00,28.8,59,100,2.0,20.6
2024-07-16T20:00,27.8,65,100,0.0,21.1
2024-07-16T21:00,27.1,68,100,0.0,23.2
2024-07-16T22:00,26.4,73,100,0.0,19.8
2024-07-16T23:00,26.2,75,100,0.0,17.5
2024-07-17T00:00,26.0,76,100,0.0,18.6
2024-07-17T01:00,26.1,76,100,0.0,21.1
2024-07-17T02:00,26.0,76,100,0.0,19.3
2024-07-17T03:00,25.9,77,100,0.0,19.6
2024-07-17T04:00,25.9,77,100,0.0,21.2
2024-07-17T05:00,25.8,77,100,0.0,20.7
2024-07-17T06:00,25.9,78,100,4.0,17.6
2024-07-17T07:00,26.5,75,100,35.0,19.8
2024-07-17T08:00,27.1,73,100,97.0,17.8
2024-07-17T09:00,28.8,66,100,342.0,25.7
2024-07-17T10:00,29.9,61,100,426.0,27.6
2024-07-17T11:00,31.1,56,100,464.0,30.6
2024-07-17T12:00,32.1,53,100,652.0,29.2
2024-07-17T13:00,32.4,51,100,741.0,32.1
2024-07-17T14:00,32.5,49,100,621.0,30.4
2024-07-17T15:00,30.4,59,100,246.0,26.8
2024-07-17T16:00,30.4,58,100,268.0,26.1
2024-07-17T17:00,30.0,60,100,138.0,25.0
2024-07-17T18:00,29.0,64,100,96.0,20.2
2024-07-17T19:00,28.4,66,100,3.0,18.3
2024-07-17T20:00,28.0,67,100,0.0,20.2
2024-07-17T21:00,27.8,68,100,0.0,21.1
2024-07-17T22:00,27.4,70,100,0.0,22.7
2024-07-17T23:00,26.9,73,100,0.0,22.5
2024-07-18T00:00,26.6,74,100,0.0,21.9
2024-07-18T01:00,26.3,75,100,0.0,23.8
2024-07-18T02:00,26.2,74,100,0.0,24.4
2024-07-18T03:00,26.2,74,100,0.0,24.9
2024-07-18T04:00,26.2,74,100,0.0,25.3
2024-07-18T05:00,26.3,73,100,0.0,24.4
2024-07-18T06:00,26.5,74,100,6.0,23.3
2024-07-18T07:00,27.3,71,100,97.0,17.8
2024-07-18T08:00,28.5,66,100,212.0,23.8
2024-07-18T09:00,28.7,65,100,197.0,28.1
2024-07-18T10:00,30.2,59,100,320.0,31.7
2024-07-18T11:00,31.0,57,100,402.0,28.1
2024-07-18T12:00,32.3,53,100,558.0,29.2
2024-07-18T13:00,32.4,52,100,645.0,33.6
2024-07-18T14:00,29.8,66,100,275.0,23.6
2024-07-18T15:00,30.5,59,100,414.0,26.9
2024-07-18T16:00,30.5,59,100,163.0,27.4
2024-07-18T17:00,29.3,64,100,89.0,23.1
2024-07-18T18:00,26.7,81,100,46.0,20.3
2024-07-18T19:00,26.6,76,100,1.0,19.9
2024-07-18T20:00,25.1,87,100,0.0,19.2
2024-07-18T21:00,25.0,86,100,0.0,21.4
2024-07-18T22:00,25.0,86,100,0.0,21.0
2024-07-18T23:00,24.9,86,100,0.0,22.2
2024-07-19T00:00,24.5,89,100,0.0,21.1
2024-07-19T01:00,24.3,89,100,0.0,20.8
2024-07-19T02:00,24.3,90,100,0.0,19.9
2024-07-19T03:00,24.3,90,100,0.0,19.6
2024-07-19T04:00,24.2,90,100,0.0,23.3
2024-07-19T05:00,24.1,90,100,0.0,21.4
2024-07-19T06:00,24.1,89,100,2.0,21.8
2024-07-19T07:00,24.3,89,100,19.0,24.1
2024-07-19T08:00,24.7,88,100,105.0,21.2
2024-07-19T09:00,24.8,88,100,115.0,21.7
2024-07-19T10:00,27.1,75,100,304.0,24.4
2024-07-19T11:00,27.0,75,100,190.0,18.3
2024-07-19T12:00,27.6,75,100,259.0,20.5
2024-07-19T13:00,28.0,73,100,334.0,24.0
2024-07-19T14:00,27.5,75,100,191.0,23.7
2024-07-19T15:00,27.5,74,100,232.0,24.7
2024-07-19T16:00,27.1,77,100,150.0,24.2
2024-07-19T17:00,26.6,76,100,59.0,27.3
2024-07-19T18:00,24.7,89,100,21.0,23.2
2024-07-19T19:00,24.4,90,100,0.0,18.8
2024-07-19T20:00,24.3,90,100,0.0,18.9
2024-07-19T21:00,24.1,90,100,0.0,19.7
2024-07-19T22:00,24.2,88,100,0.0,20.1
2024-07-19T23:00,24.3,87,100,0.0,21.5
2024-07-20T00:00,24.3,86,100,0.0,23.9
2024-07-20T01:00,24.4,84,100,0.0,24.5
2024-07-20T02:00,23.9,88,100,0.0,22.2
2024-07-20T03:00,23.8,89,100,0.0,21.1
2024-07-20T04:00,23.8,89,100,0.0,19.1
2024-07-20T05:00,24.1,86,100,0.0,22.3
2024-07-20T06:00,24.3,88,100,2.0,19.1
2024-07-20T07:00,24.4,89,100,30.0,15.8
2024-07-20T08:00,24.3,89,100,25.0,18.1
2024-07-20T09:00,24.7,89,100,94.0,20.4
2024-07-20T10:00,25.0,88,100,112.0,20.1
2024-07-20T11:00,25.5,87,100,185.0,22.1
2024-07-20T12:00,25.5,87,100,167.0,22.2
2024-07-20T13:00,26.1,87,100,270.0,22.6
2024-07-20T14:00,26.2,83,100,150.0,24.2
2024-07-20T15:00,27.3,74,100,204.0,25.8
2024-07-20T16:00,27.8,71,100,128.0,25.0
2024-07-20T17:00,27.7,70,100,56.0,24.1
2024-07-20T18:00,25.3,88,100,18.0,18.5
2024-07-20T19:00,24.9,89,100,1.0,18.9
2024-07-20T20:00,25.1,84,100,0.0,21.3
2024-07-20T21:00,25.1,82,100,0.0,20.9
2024-07-20T22:00,24.9,83,100,0.0,20.6
2024-07-20T23:00,24.9,82,100,0.0,22.0
2024-07-21T00:00,24.5,84,100,0.0,20.4
2024-07-21T01:00,24.2,86,100,0.0,19.3
2024-07-21T02:00,24.1,87,100,0.0,19.8
2024-07-21T03:00,24.2,86,100,0.0,18.9
2024-07-21T04:00,24.4,84,100,0.0,19.9
2024-07-21T05:00,24.6,82,100,0.0,20.9
2024-07-21T06:00,24.8,84,100,7.0,14.9
2024-07-21T07:00,26.4,75,100,107.0,20.2
2024-07-21T08:00,27.0,74,100,192.0,18.3
2024-07-21T09:00,28.6,66,96,348.0,28.8
2024-07-21T10:00,29.9,61,100,577.0,28.9
2024-07-21T11:00,30.2,60,97,625.0,28.4
2024-07-21T12:00,31.6,54,100,809.0,29.5
2024-07-21T13:00,31.4,55,100,665.0,28.5
2024-07-21T14:00,31.5,58,100,682.0,24.8
2024-07-21T15:00,31.7,57,100,537.0,24.5
2024-07-21T16:00,30.1,65,98,423.0,20.2
2024-07-21T17:00,29.0,68,100,230.0,20.2
2024-07-21T18:00,25.5,89,100,25.0,17.8
2024-07-21T19:00,25.3,86,100,1.0,16.0
2024-07-21T20:00,24.8,89,100,0.0,16.0
2024-07-21T21:00,24.5,90,100,0.0,17.1
2024-07-21T22:00,24.3,91,100,0.0,17.2
2024-07-21T23:00,24.2,91,100,0.0,17.2
2024-07-22T00:00,24.0,90,100,0.0,18.9
2024-07-22T01:00,23.8,90,100,0.0,17.3
2024-07-22T02:00,23.7,91,100,0.0,16.9
2024-07-22T03:00,23.8,91,100,0.0,18.3
2024-07-22T04:00,24.0,89,100,0.0,18.0
2024-07-22T05:00,24.1,88,100,0.0,18.7
2024-07-22T06:00,24.2,89,100,3.0,19.0
2024-07-22T07:00,24.8,87,100,58.0,17.6
2024-07-22T08:00,25.4,83,100,88.0,18.5
2024-07-22T09:00,27.4,71,100,217.0,21.1
2024-07-22T10:00,28.7,65,100,377.0,25.9
2024-07-22T11:00,30.3,58,100,559.0,27.1
2024-07-22T12:00,31.3,55,100,448.0,22.3
2024-07-22T13:00,32.1,53,100,672.0,27.8
2024-07-22T14:00,32.9,51,100,637.0,26.8
2024-07-22T15:00,32.4,50,100,484.0,26.7
2024-07-22T16:00,31.1,57,100,232.0,23.4
2024-07-22T17:00,30.6,58,100,161.0,21.3
2024-07-22T18:00,28.5,66,100,75.0,22.3
2024-07-22T19:00,27.4,71,100,2.0,20.6
2024-07-22T20:00,27.2,71,100,0.0,17.9
2024-07-22T21:00,27.6,67,100,0.0,19.4
2024-07-22T22:00,27.4,67,100,0.0,21.0
2024-07-22T23:00,26.9,69,100,0.0,20.1
2024-07-23T00:00,26.6,69,100,0.0,19.4
2024-07-23T01:00,26.3,70,100,0.0,20.2
2024-07-23T02:00,26.3,71,100,0.0,22.0
2024-07-23T03:00,26.1,72,100,0.0,21.6
2024-07-23T04:00,26.1,72,100,0.0,22.6
2024-07-23T05:00,26.1,73,100,0.0,22.1
2024-07-23T06:00,25.0,83,100,2.0,20.3
2024-07-23T07:00,25.8,78,100,43.0,19.6
2024-07-23T08:00,26.9,71,100,108.0,18.6
2024-07-23T09:00,27.2,74,100,211.0,16.1
2024-07-23T10:00,26.9,76,100,131.0,18.4
2024-07-23T11:00,27.2,77,100,214.0,19.5
2024-07-23T12:00,28.6,70,100,518.0,19.4
2024-07-23T13:00,29.7,67,100,550.0,19.1
2024-07-23T14:00,31.5,55,100,580.0,30.3
2024-07-23T15:00,31.6,54,94,409.0,28.9
2024-07-23T16:00,31.3,54,54,365.0,29.5
2024-07-23T17:00,30.6,59,18,247.0,23.4
2024-07-23T18:00,27.7,72,100,28.0,18.8
2024-07-23T19:00,27.5,73,100,1.0,17.5
2024-07-23T20:00,27.4,71,100,0.0,21.5
2024-07-23T21:00,27.3,69,100,0.0,22.7
2024-07-23T22:00,27.1,70,100,0.0,22.6
2024-07-23T23:00,26.7,71,100,0.0,22.3
2024-07-24T00:00,26.5,72,100,0.0,22.7
2024-07-24T01:00,26.4,72,100,0.0,22.7
2024-07-24T02:00,26.2,72,100,0.0,22.6
2024-07-24T03:00,26.2,72,100,0.0,22.2
2024-07-24T04:00,26.0,74,100,0.0,21.1
2024-07-24T05:00,25.9,73,100,0.0,21.8
2024-07-24T06:00,25.8,75,100,8.0,19.0
2024-07-24T07:00,26.3,73,100,85.0,17.9
2024-07-24T08:00,27.1,70,100,171.0,20.4
2024-07-24T09:00,28.4,65,100,283.0,24.7
2024-07-24T10:00,29.7,60,100,413.0,28.9
2024-07-24T11:00,30.2,59,100,554.0,29.0
2024-07-24T12:00,31.4,53,100,512.0,29.2
2024-07-24T13:00,32.3,50,100,583.0,30.8
2024-07-24T14:00,32.3,50,100,525.0,30.7
2024-07-24T15:00,32.1,49,100,486.0,32.2
2024-07-24T16:00,31.5,52,100,252.0,26.7
2024-07-24T17:00,31.0,52,100,151.0,26.4
2024-07-24T18:00,29.7,57,100,70.0,19.8
2024-07-24T19:00,29.0,59,100,2.0,19.3
2024-07-24T20:00,28.6,61,100,0.0,21.5
2024-07-24T21:00,28.0,64,100,0.0,21.3
2024-07-24T22:00,27.6,66,100,0.0,23.3
2024-07-24T23:00,27.0,69,100,0.0,23.3
2024-07-25T00:00,26.7,70,100,0.0,23.9
2024-07-25T01:00,26.4,71,100,0.0,22.1
2024-07-25T02:00,26.1,73,100,0.0,23.9
2024-07-25T03:00,26.2,72,100,0.0,23.8
2024-07-25T04:00,26.3,71,100,0.0,23.3
2024-07-25T05:00,26.3,71,100,0.0,23.2
2024-07-25T06:00,26.6,71,100,6.0,21.0
2024-07-25T07:00,27.1,70,100,78.0,18.3
2024-07-25T08:00,28.2,65,100,248.0,22.2
2024-07-25T09:00,29.4,61,100,393.0,29.7
2024-07-25T10:00,30.2,59,100,504.0,26.6
2024-07-25T11:00,30.9,55,100,484.0,32.0
2024-07-25T12:00,32.0,52,100,560.0,32.4
2024-07-25T13:00,32.5,48,100,607.0,34.9
2024-07-25T14:00,28.3,68,100,545.0,30.6
2024-07-25T15:00,28.6,70,100,168.0,13.4
2024-07-25T16:00,29.7,61,100,170.0,28.2
2024-07-25T17:00,29.4,61,100,124.0,26.7
2024-07-25T18:00,28.0,66,100,49.0,18.0
2024-07-25T19:00,27.8,64,100,2.0,19.6
2024-07-25T20:00,27.7,63,100,0.0,18.6
2024-07-25T21:00,27.5,64,100,0.0,20.6
2024-07-25T22:00,27.2,66,100,0.0,22.3
2024-07-25T23:00,26.9,67,100,0.0,23.1
2024-07-26T00:00,26.5,70,100,0.0,22.3
2024-07-26T01:00,26.1,73,100,0.0,20.9
2024-07-26T02:00,25.9,75,100,0.0,21.3
2024-07-26T03:00,25.9,75,100,0.0,22.0
2024-07-26T04:00,25.7,76,100,0.0,22.7
2024-07-26T05:00,25.6,77,100,0.0,20.2
2024-07-26T06:00,26.0,76,100,4.0,20.2
2024-07-26T07:00,26.7,73,100,64.0,20.9
2024-07-26T08:00,27.4,71,100,144.0,17.7
2024-07-26T09:00,29.0,64,100,341.0,24.9
2024-07-26T10:00,30.8,58,100,633.0,27.3
2024-07-26T11:00,31.3,56,99,667.0,26.8
2024-07-26T12:00,32.4,53,100,818.0,28.4
2024-07-26T13:00,32.6,52,100,775.0,26.5
2024-07-26T14:00,32.6,53,98,712.0,26.5
2024-07-26T15:00,32.1,53,100,605.0,28.2
2024-07-26T16:00,31.0,56,100,237.0,27.6
2024-07-26T17:00,30.7,58,97,142.0,25.0
2024-07-26T18:00,28.2,67,100,53.0,23.1
2024-07-26T19:00,27.5,69,100,1.0,22.0
2024-07-26T20:00,27.0,71,100,0.0,20.2
2024-07-26T21:00,26.8,71,100,0.0,19.9
2024-07-26T22:00,26.8,71,100,0.0,20.4
2024-07-26T23:00,26.8,70,100,0.0,22.5
2024-07-27T00:00,26.8,69,100,0.0,20.8
2024-07-27T01:00,26.5,69,100,0.0,21.7
2024-07-27T02:00,26.3,70,100,0.0,22.0
2024-07-27T03:00,26.0,71,100,0.0,21.7
2024-07-27T04:00,25.6,74,100,0.0,21.3
2024-07-27T05:00,26.0,72,99,0.0,18.1
2024-07-27T06:00,26.4,70,100,8.0,20.9
2024-07-27T07:00,26.9,70,100,74.0,20.6
2024-07-27T08:00,27.6,67,100,161.0,22.0
2024-07-27T09:00,27.9,67,100,184.0,23.4
2024-07-27T10:00,26.9,73,100,121.0,21.3
2024-07-27T11:00,26.9,75,100,162.0,20.6
2024-07-27T12:00,28.4,66,100,269.0,26.4
2024-07-27T13:00,28.7,61,100,195.0,30.3
2024-07-27T14:00,28.4,64,100,161.0,26.7
2024-07-27T15:00,29.4,58,100,335.0,27.7
2024-07-27T16:00,29.7,56,100,227.0,27.1
2024-07-27T17:00,29.4,58,100,129.0,28.4
2024-07-27T18:00,28.8,60,100,34.0,26.3
2024-07-27T19:00,28.5,60,100,2.0,26.1
2024-07-27T20:00,28.1,61,100,0.0,24.0
2024-07-27T21:00,27.5,64,100,0.0,25.5
2024-07-27T22:00,27.1,65,100,0.0,23.7
2024-07-27T23:00,26.6,67,100,0.0,24.4
2024-07-28T00:00,26.4,66,100,0.0,25.1
2024-07-28T01:00,26.1,68,100,0.0,24.7
2024-07-28T02:00,26.0,69,99,0.0,22.7
2024-07-28T03:00,26.0,70,100,0.0,21.9
2024-07-28T04:00,26.3,70,100,0.0,22.6
2024-07-28T05:00,25.9,72,100,0.0,21.3
2024-07-28T06:00,26.3,71,100,9.0,21.1
2024-07-28T07:00,27.2,68,100,82.0,20.6
2024-07-28T08:00,28.2,64,100,288.0,26.8
2024-07-28T09:00,29.8,58,99,519.0,34.6
2024-07-28T10:00,30.7,55,33,521.0,31.3
2024-07-28T11:00,31.9,52,40,766.0,33.5
2024-07-28T12:00,32.7,48,67,839.0,33.5
2024-07-28T13:00,33.5,47,53,801.0,28.4
2024-07-28T14:00,34.3,46,58,827.0,26.6
2024-07-28T15:00,34.1,45,94,624.0,29.6
2024-07-28T16:00,32.8,49,29,483.0,28.5
2024-07-28T17:00,32.7,49,34,254.0,25.2
2024-07-28T18:00,30.8,54,100,90.0,17.3
2024-07-28T19:00,30.0,57,28,2.0,17.2
2024-07-28T20:00,29.4,59,94,0.0,18.6
2024-07-28T21:00,28.8,62,100,0.0,20.3
2024-07-28T22:00,28.1,64,100,0.0,20.3
2024-07-28T23:00,27.4,67,84,0.0,21.7
2024-07-29T00:00,26.8,69,98,0.0,22.7
2024-07-29T01:00,26.3,71,100,0.0,22.5
2024-07-29T02:00,26.1,72,99,0.0,22.5
2024-07-29T03:00,26.0,72,64,0.0,22.7
2024-07-29T04:00,26.1,73,57,0.0,22.8
2024-07-29T05:00,26.1,73,55,0.0,22.1
2024-07-29T06:00,26.4,71,100,9.0,21.4
2024-07-29T07:00,27.3,68,100,112.0,18.7
2024-07-29T08:00,28.5,64,100,269.0,21.3
2024-07-29T09:00,30.1,60,100,470.0,21.0
2024-07-29T10:00,31.8,54,81,656.0,27.8
2024-07-29T11:00,32.8,52,24,783.0,24.6
2024-07-29T12:00,33.9,48,75,936.0,25.3
2024-07-29T13:00,34.5,46,55,908.0,23.5
2024-07-29T14:00,35.0,44,84,819.0,23.1
2024-07-29T15:00,34.9,45,95,684.0,22.3
2024-07-29T16:00,29.0,71,66,465.0,19.5
2024-07-29T17:00,30.5,65,87,199.0,10.8
2024-07-29T18:00,30.9,58,100,73.0,13.8
2024-07-29T19:00,30.2,60,100,2.0,13.1
2024-07-29T20:00,29.7,62,86,0.0,13.7
2024-07-29T21:00,28.9,66,100,0.0,16.2
2024-07-29T22:00,28.7,66,100,0.0,17.8
2024-07-29T23:00,27.5,72,100,0.0,15.6
2024-07-30T00:00,27.3,73,100,0.0,17.3
2024-07-30T01:00,27.2,72,100,0.0,16.5
2024-07-30T02:00,26.7,74,100,0.0,17.2
2024-07-30T03:00,26.5,75,100,0.0,17.4
2024-07-30T04:00,26.3,75,100,0.0,17.5
2024-07-30T05:00,26.1,75,100,0.0,16.6
2024-07-30T06:00,26.5,72,100,8.0,16.6
2024-07-30T07:00,27.5,69,100,116.0,18.3
2024-07-30T08:00,28.5,65,100,271.0,19.1
2024-07-30T09:00,29.6,61,100,353.0,22.5
2024-07-30T10:00,30.9,56,97,533.0,23.4
2024-07-30T11:00,31.8,54,99,627.0,24.1
2024-07-30T12:00,32.1,53,100,577.0,23.0
2024-07-30T13:00,32.4,50,100,462.0,22.0
2024-07-30T14:00,32.1,52,99,547.0,22.0
2024-07-30T15:00,33.1,50,72,563.0,19.9
2024-07-30T16:00,32.5,50,40,425.0,21.2
2024-07-30T17:00,32.3,50,60,262.0,21.0
2024-07-30T18:00,30.7,55,95,85.0,19.3
2024-07-30T19:00,29.8,59,95,2.0,17.2
2024-07-30T20:00,29.5,59,72,0.0,18.7
2024-07-30T21:00,28.6,62,30,0.0,20.4
2024-07-30T22:00,27.9,65,100,0.0,19.5
2024-07-30T23:00,27.4,67,100,0.0,18.3
2024-07-31T00:00,27.1,68,99,0.0,18.4
2024-07-31T01:00,26.5,71,92,0.0,18.0
2024-07-31T02:00,26.1,73,100,0.0,17.8
2024-07-31T03:00,25.8,74,99,0.0,18.9
2024-07-31T04:00,25.6,75,97,0.0,18.9
2024-07-31T05:00,25.5,75,99,0.0,18.6
2024-07-31T06:00,26.3,72,100,5.0,17.0
2024-07-31T07:00,26.9,70,100,65.0,16.5
2024-07-31T08:00,28.3,66,100,256.0,18.5
2024-07-31T09:00,30.5,57,100,497.0,23.5
2024-07-31T10:00,31.5,54,100,555.0,23.4
2024-07-31T11:00,31.7,55,100,470.0,21.0
2024-07-31T12:00,33.2,51,100,722.0,19.1
2024-07-31T13:00,34.0,49,100,760.0,19.9
2024-07-31T14:00,33.1,49,100,485.0,24.3
2024-07-31T15:00,31.9,55,100,326.0,16.2
2024-07-31T16:00,30.8,59,100,340.0,22.7
2024-07-31T17:00,30.5,60,100,172.0,17.3
2024-07-31T18:00,29.4,62,100,81.0,15.3
2024-07-31T19:00,28.9,65,100,2.0,13.5
2024-07-31T20:00,28.6,66,100,0.0,12.0
2024-07-31T21:00,28.6,66,100,0.0,16.2
2024-07-31T22:00,28.5,66,100,0.0,18.0
2024-07-31T23:00,27.9,68,100,0.0,17.4
2024-08-01T00:00,27.4,70,100,0.0,18.6
2024-08-01T01:00,26.9,72,100,0.0,18.6
2024-08-01T02:00,26.8,73,100,0.0,18.9
2024-08-01T03:00,26.5,74,100,0.0,18.2
2024-08-01T04:00,26.4,74,100,0.0,18.8
2024-08-01T05:00,26.1,75,100,0.0,18.4
2024-08-01T06:00,26.5,72,100,9.0,19.5
2024-08-01T07:00,27.0,71,100,122.0,20.7
2024-08-01T08:00,27.6,69,100,258.0,22.3
2024-08-01T09:00,28.7,66,100,432.0,23.4
2024-08-01T10:00,29.8,64,100,644.0,23.8
2024-08-01T11:00,31.5,56,100,823.0,24.9
2024-08-01T12:00,31.5,56,80,809.0,24.9
2024-08-01T13:00,32.3,55,100,698.0,22.3
2024-08-01T14:00,33.1,50,100,587.0,22.0
2024-08-01T15:00,33.0,50,100,554.0,22.3
2024-08-01T16:00,31.8,53,100,298.0,21.6
2024-08-01T17:00,31.4,55,100,106.0,18.0
2024-08-01T18:00,26.8,75,100,34.0,3.8
2024-08-01T19:00,27.5,71,100,1.0,6.9
2024-08-01T20:00,27.8,70,100,0.0,8.7
2024-08-01T21:00,27.4,73,100,0.0,7.6
2024-08-01T22:00,27.2,73,100,0.0,7.1
2024-08-01T23:00,27.2,72,100,0.0,10.6
2024-08-02T00:00,27.2,71,100,0.0,13.6
2024-08-02T01:00,26.8,71,100,0.0,15.2
2024-08-02T02:00,26.6,72,100,0.0,16.2
2024-08-02T03:00,26.4,74,100,0.0,16.4
2024-08-02T04:00,26.0,76,100,0.0,18.1
2024-08-02T05:00,26.0,74,100,0.0,19.2
2024-08-02T06:00,26.6,72,100,4.0,14.9
2024-08-02T07:00,26.9,72,100,44.0,14.9
2024-08-02T08:00,28.0,68,100,200.0,20.1
2024-08-02T09:00,28.2,66,100,177.0,22.8
2024-08-02T10:00,29.6,61,100,415.0,24.5
2024-08-02T11:00,30.5,56,100,475.0,26.6
2024-08-02T12:00,30.4,58,100,340.0,23.1
2024-08-02T13:00,30.9,55,100,285.0,23.9
2024-08-02T14:00,30.8,54,100,221.0,25.2
2024-08-02T15:00,30.7,55,100,270.0,22.5
2024-08-02T16:00,30.5,55,100,150.0,23.8
2024-08-02T17:00,30.2,55,100,167.0,23.4
2024-08-02T18:00,29.6,58,100,31.0,18.5
2024-08-02T19:00,29.0,61,100,1.0,19.3
2024-08-02T20:00,28.1,65,100,0.0,20.5
2024-08-02T21:00,27.2,70,100,0.0,19.9
2024-08-02T22:00,26.9,71,100,0.0,18.2
2024-08-02T23:00,26.8,71,100,0.0,18.3
2024-08-03T00:00,26.4,72,100,0.0,18.5
2024-08-03T01:00,26.0,73,100,0.0,16.9
2024-08-03T02:00,26.0,73,100,0.0,16.9
2024-08-03T03:00,25.8,74,100,0.0,16.7
2024-08-03T04:00,25.4,76,100,0.0,14.8
2024-08-03T05:00,25.1,77,100,0.0,15.1
2024-08-03T06:00,24.3,86,100,3.0,16.2
2024-08-03T07:00,24.8,82,100,26.0,15.8
2024-08-03T08:00,25.6,78,100,76.0,15.7
2024-08-03T09:00,28.0,66,100,259.0,23.5
2024-08-03T10:00,30.3,57,100,408.0,24.5
2024-08-03T11:00,31.5,54,100,578.0,26.0
2024-08-03T12:00,31.9,52,100,462.0,23.8
2024-08-03T13:00,33.4,48,99,705.0,22.7
2024-08-03T14:00,33.6,49,100,580.0,21.2
2024-08-03T15:00,31.6,57,100,588.0,18.9
2024-08-03T16:00,31.0,57,100,215.0,20.5
2024-08-03T17:00,30.7,57,100,211.0,20.2
2024-08-03T18:00,30.6,54,100,71.0,16.2
2024-08-03T19:00,29.5,59,100,1.0,14.0
2024-08-03T20:00,27.9,66,100,0.0,18.0
2024-08-03T21:00,27.2,69,100,0.0,15.9
2024-08-03T22:00,27.5,69,100,0.0,16.3
2024-08-03T23:00,27.3,68,100,0.0,16.5
2024-08-04T00:00,26.7,69,100,0.0,16.3
2024-08-04T01:00,26.2,72,100,0.0,16.4
2024-08-04T02:00,26.0,72,100,0.0,16.5
2024-08-04T03:00,25.6,74,100,0.0,16.5
2024-08-04T04:00,25.3,76,100,0.0,16.7
2024-08-04T05:00,25.1,76,100,0.0,16.5
2024-08-04T06:00,26.3,72,100,9.0,14.7
2024-08-04T07:00,27.2,69,100,103.0,16.9
2024-08-04T08:00,28.8,63,97,295.0,19.5
2024-08-04T09:00,30.6,56,100,476.0,23.4
2024-08-04T10:00,31.8,51,97,444.0,22.0
2024-08-04T11:00,33.0,49,91,645.0,19.6
2024-08-04T12:00,34.7,44,92,943.0,20.9
2024-08-04T13:00,35.1,42,90,910.0,22.0
2024-08-04T14:00,35.4,41,71,816.0,21.3
2024-08-04T15:00,33.6,45,73,668.0,20.5
2024-08-04T16:00,34.1,44,94,414.0,17.7
2024-08-04T17:00,32.5,48,96,276.0,18.7
2024-08-04T18:00,31.5,50,64,81.0,18.0
2024-08-04T19:00,30.3,54,94,1.0,14.4
2024-08-04T20:00,29.6,57,78,0.0,14.8
2024-08-04T21:00,29.1,60,99,0.0,14.8
2024-08-04T22:00,28.6,62,99,0.0,12.1
2024-08-04T23:00,28.3,64,100,0.0,13.8
2024-08-05T00:00,27.7,66,99,0.0,14.5
2024-08-05T01:00,27.2,68,18,0.0,16.9
2024-08-05T02:00,26.5,71,100,0.0,15.7
2024-08-05T03:00,26.0,74,65,0.0,14.4
2024-08-05T04:00,25.6,76,22,0.0,14.2
2024-08-05T05:00,25.3,77,9,0.0,13.5
2024-08-05T06:00,25.9,74,13,7.0,14.7
2024-08-05T07:00,26.9,70,39,125.0,14.8
2024-08-05T08:00,28.7,63,41,340.0,16.3
2024-08-05T09:00,30.9,54,59,546.0,16.6
2024-08-05T10:00,32.0,52,93,667.0,14.8
2024-08-05T11:00,32.7,50,78,730.0,14.0
2024-08-05T12:00,33.8,47,58,848.0,13.5
2024-08-05T13:00,34.9,44,64,926.0,12.7
2024-08-05T14:00,35.0,43,86,792.0,12.5
2024-08-05T15:00,35.2,43,91,704.0,13.1
2024-08-05T16:00,34.8,44,90,440.0,10.2
2024-08-05T17:00,34.2,45,100,281.0,12.4
2024-08-05T18:00,31.9,50,100,58.0,6.6
2024-08-05T19:00,31.2,52,100,1.0,7.9
2024-08-05T20:00,28.9,61,100,0.0,23.5
2024-08-05T21:00,27.2,71,99,0.0,14.3
2024-08-05T22:00,26.4,77,100,0.0,15.0
2024-08-05T23:00,26.3,78,100,0.0,11.5
2024-08-06T00:00,26.2,80,100,0.0,11.9
2024-08-06T01:00,26.2,80,100,0.0,12.1
2024-08-06T02:00,25.9,82,97,0.0,11.1
2024-08-06T03:00,25.9,82,100,0.0,13.6
2024-08-06T04:00,25.9,80,100,0.0,13.0
2024-08-06T05:00,25.6,79,87,0.0,14.6
2024-08-06T06:00,25.8,82,100,2.0,10.2
2024-08-06T07:00,26.3,80,100,79.0,11.2
2024-08-06T08:00,27.5,73,100,258.0,14.4
2024-08-06T09:00,29.4,63,100,474.0,17.6
2024-08-06T10:00,31.0,55,100,583.0,17.7
2024-08-06T11:00,32.1,51,100,654.0,15.3
2024-08-06T12:00,32.5,51,100,641.0,14.8
2024-08-06T13:00,32.8,50,100,614.0,14.2
2024-08-06T14:00,33.6,48,100,672.0,13.4
2024-08-06T15:00,33.9,47,100,536.0,13.2
2024-08-06T16:00,31.9,52,100,401.0,16.9
2024-08-06T17:00,31.5,53,100,183.0,15.6
2024-08-06T18:00,29.8,58,100,30.0,13.9
2024-08-06T19:00,26.9,78,100,1.0,13.6
2024-08-06T20:00,25.9,84,100,0.0,9.7
2024-08-06T21:00,25.4,90,100,0.0,7.0
2024-08-06T22:00,25.4,91,100,0.0,5.4
2024-08-06T23:00,25.2,93,100,0.0,6.6
2024-08-07T00:00,25.0,94,100,0.0,6.8
2024-08-07T01:00,25.1,94,100,0.0,6.9
2024-08-07T02:00,25.0,92,100,0.0,10.3
2024-08-07T03:00,24.6,92,100,0.0,11.3
2024-08-07T04:00,24.5,93,100,0.0,11.8
2024-08-07T05:00,24.6,91,100,0.0,13.2
2024-08-07T06:00,24.3,92,100,3.0,12.1
2024-08-07T07:00,24.6,92,100,50.0,12.5
2024-08-07T08:00,24.7,92,100,79.0,12.2
2024-08-07T09:00,25.6,87,100,163.0,12.3
2024-08-07T10:00,26.5,81,100,284.0,14.1
2024-08-07T11:00,27.8,73,100,442.0,16.6
2024-08-07T12:00,27.7,73,100,326.0,16.0
2024-08-07T13:00,28.0,73,100,364.0,15.6
2024-08-07T14:00,28.0,72,100,283.0,14.2
2024-08-07T15:00,27.9,73,100,255.0,13.8
2024-08-07T16:00,28.2,71,100,271.0,13.8
2024-08-07T17:00,28.1,71,100,161.0,12.9
2024-08-07T18:00,26.9,76,100,46.0,8.7
2024-08-07T19:00,26.5,78,100,1.0,7.6
2024-08-07T20:00,26.2,78,100,0.0,6.9
2024-08-07T21:00,25.9,79,100,0.0,9.2
2024-08-07T22:00,25.4,80,100,0.0,14.0
2024-08-07T23:00,25.1,82,100,0.0,12.8
2024-08-08T00:00,24.8,85,100,0.0,12.3
2024-08-08T01:00,24.8,86,100,0.0,13.7
2024-08-08T02:00,24.6,86,100,0.0,14.3
2024-08-08T03:00,24.5,85,100,0.0,14.4
2024-08-08T04:00,24.4,85,100,0.0,14.8
2024-08-08T05:00,24.3,85,100,0.0,14.6
2024-08-08T06:00,23.7,93,100,3.0,14.1
2024-08-08T07:00,24.2,89,100,23.0,14.0
2024-08-08T08:00,26.0,79,100,278.0,15.3
2024-08-08T09:00,28.1,68,100,486.0,17.7
2024-08-08T10:00,29.4,63,98,639.0,15.9
2024-08-08T11:00,30.2,60,99,732.0,16.9
2024-08-08T12:00,31.0,58,98,642.0,12.2
2024-08-08T13:00,32.1,55,100,797.0,9.1
2024-08-08T14:00,32.0,53,100,603.0,11.0
2024-08-08T15:00,27.1,80,100,223.0,0.5
2024-08-08T16:00,29.4,70,96,342.0,1.5
2024-08-08T17:00,30.7,60,98,276.0,7.5
2024-08-08T18:00,27.1,72,100,61.0,7.4
2024-08-08T19:00,26.9,74,100,1.0,7.3
2024-08-08T20:00,26.7,78,93,0.0,8.7
2024-08-08T21:00,25.4,85,95,0.0,9.9
2024-08-08T22:00,25.3,86,86,0.0,13.1
2024-08-08T23:00,24.4,89,99,0.0,13.0
2024-08-09T00:00,24.1,91,100,0.0,13.0
2024-08-09T01:00,23.7,93,100,0.0,11.3
2024-08-09T02:00,23.7,95,100,0.0,10.6
2024-08-09T03:00,24.2,94,100,0.0,11.4
2024-08-09T04:00,24.3,92,100,0.0,11.8
2024-08-09T05:00,24.2,92,100,0.0,11.0
2024-08-09T06:00,24.8,89,100,6.0,12.0
2024-08-09T07:00,25.2,85,100,63.0,14.4
2024-08-09T08:00,26.5,78,100,230.0,15.2
2024-08-09T09:00,27.1,76,100,234.0,14.5
2024-08-09T10:00,28.0,72,97,296.0,14.3
2024-08-09T11:00,30.6,60,98,797.0,17.3
2024-08-09T12:00,31.6,57,97,865.0,17.1
2024-08-09T13:00,32.1,54,100,770.0,16.1
2024-08-09T14:00,32.8,52,97,777.0,15.1
2024-08-09T15:00,32.9,51,100,642.0,13.0
2024-08-09T16:00,32.7,52,100,498.0,12.7
2024-08-09T17:00,32.0,53,84,271.0,11.3
2024-08-09T18:00,29.9,60,60,83.0,3.9
2024-08-09T19:00,28.6,67,100,1.0,4.2
2024-08-09T20:00,28.1,69,47,0.0,4.3
2024-08-09T21:00,27.3,74,30,0.0,4.5
2024-08-09T22:00,26.7,78,21,0.0,4.7
2024-08-09T23:00,26.3,78,82,0.0,4.5
2024-08-10T00:00,26.7,75,98,0.0,10.1
2024-08-10T01:00,26.6,74,96,0.0,12.6
2024-08-10T02:00,26.0,76,99,0.0,9.5
2024-08-10T03:00,25.8,76,100,0.0,11.2
2024-08-10T04:00,25.6,78,100,0.0,11.0
2024-08-10T05:00,25.3,80,100,0.0,10.8
2024-08-10T06:00,25.7,80,100,4.0,15.5
2024-08-10T07:00,25.7,84,99,56.0,11.6
2024-08-10T08:00,26.9,77,100,233.0,15.0
2024-08-10T09:00,27.9,73,100,321.0,12.3
2024-08-10T10:00,30.0,62,100,562.0,12.7
2024-08-10T11:00,30.9,59,100,704.0,13.0
2024-08-10T12:00,31.7,56,100,785.0,12.2
2024-08-10T13:00,31.9,55,100,591.0,12.1
2024-08-10T14:00,32.1,54,100,496.0,11.4
2024-08-10T15:00,32.5,53,100,528.0,11.1
2024-08-10T16:00,32.7,52,100,418.0,11.9
2024-08-10T17:00,32.1,53,100,232.0,11.5
2024-08-10T18:00,30.0,65,100,60.0,4.6
2024-08-10T19:00,29.4,66,99,1.0,5.0
2024-08-10T20:00,28.1,70,99,0.0,5.4
2024-08-10T21:00,28.2,68,100,0.0,4.3
2024-08-10T22:00,27.2,73,100,0.0,5.2
2024-08-10T23:00,27.5,68,99,0.0,10.4
2024-08-11T00:00,27.7,67,99,0.0,14.5
2024-08-11T01:00,27.3,69,98,0.0,13.0
2024-08-11T02:00,26.8,72,99,0.0,13.0
2024-08-11T03:00,26.4,75,99,0.0,13.4
2024-08-11T04:00,25.8,78,100,0.0,14.4
2024-08-11T05:00,25.3,80,95,0.0,13.0
2024-08-11T06:00,26.0,78,100,7.0,10.1
2024-08-11T07:00,27.1,74,100,116.0,14.5
2024-08-11T08:00,27.9,71,100,220.0,14.9
2024-08-11T09:00,29.2,65,100,399.0,15.4
2024-08-11T10:00,30.4,61,100,696.0,15.0
2024-08-11T11:00,31.8,56,100,795.0,13.8
2024-08-11T12:00,33.3,49,100,897.0,13.8
2024-08-11T13:00,33.9,47,100,859.0,14.0
2024-08-11T14:00,34.1,46,100,788.0,13.9
2024-08-11T15:00,34.0,45,99,664.0,12.6
2024-08-11T16:00,33.7,45,100,466.0,13.2
2024-08-11T17:00,32.7,48,99,228.0,12.2
2024-08-11T18:00,31.4,53,100,77.0,12.9
2024-08-11T19:00,30.0,57,100,1.0,8.4
2024-08-11T20:00,29.0,61,89,0.0,6.0
2024-08-11T21:00,28.5,63,62,0.0,7.9
2024-08-11T22:00,28.1,64,22,0.0,9.7
2024-08-11T23:00,27.4,68,63,0.0,5.4
2024-08-12T00:00,27.1,70,71,0.0,6.7
2024-08-12T01:00,26.9,71,96,0.0,7.9
2024-08-12T02:00,26.6,73,98,0.0,8.5
2024-08-12T03:00,26.2,74,99,0.0,8.3
2024-08-12T04:00,25.9,76,100,0.0,8.0
2024-08-12T05:00,25.8,77,100,0.0,7.9
2024-08-12T06:00,25.0,90,100,6.0,9.9
2024-08-12T07:00,25.0,90,100,52.0,7.0
2024-08-12T08:00,27.6,76,100,254.0,8.8
2024-08-12T09:00,29.7,66,100,478.0,11.9
2024-08-12T10:00,31.2,59,100,705.0,12.5
2024-08-12T11:00,32.3,56,100,753.0,11.5
2024-08-12T12:00,33.4,52,99,870.0,12.9
2024-08-12T13:00,34.2,50,100,904.0,11.4
2024-08-12T14:00,34.5,49,99,814.0,11.3
2024-08-12T15:00,34.6,48,100,636.0,10.5
2024-08-12T16:00,34.5,48,45,514.0,10.4
2024-08-12T17:00,33.7,50,48,268.0,10.8
2024-08-12T18:00,32.1,51,100,76.0,7.3
2024-08-12T19:00,30.6,57,100,1.0,4.7
2024-08-12T20:00,30.1,61,99,0.0,4.0
2024-08-12T21:00,29.5,64,93,0.0,5.3
2024-08-12T22:00,29.1,66,93,0.0,7.4
2024-08-12T23:00,26.9,79,99,0.0,7.6
2024-08-13T00:00,25.9,86,97,0.0,8.6
2024-08-13T01:00,25.7,88,100,0.0,9.9
2024-08-13T02:00,25.4,91,100,0.0,10.7
2024-08-13T03:00,24.6,91,99,0.0,10.4
2024-08-13T04:00,24.1,91,100,0.0,8.1
2024-08-13T05:00,24.0,92,99,0.0,8.3
2024-08-13T06:00,25.0,83,93,7.0,5.7
2024-08-13T07:00,26.2,79,70,120.0,6.3
2024-08-13T08:00,28.0,72,89,338.0,3.9
2024-08-13T09:00,29.5,65,100,518.0,2.3
2024-08-13T10:00,30.4,62,100,579.0,3.4
2024-08-13T11:00,30.9,60,54,462.0,4.5
2024-08-13T12:00,32.5,55,9,880.0,2.9
2024-08-13T13:00,33.4,52,11,919.0,2.0
2024-08-13T14:00,33.6,52,58,809.0,1.8
2024-08-13T15:00,33.6,51,100,617.0,2.6
2024-08-13T16:00,32.9,52,70,433.0,2.1
2024-08-13T17:00,32.5,54,29,275.0,1.8
2024-08-13T18:00,31.4,60,57,61.0,9.1
2024-08-13T19:00,29.5,71,86,0.0,12.0
2024-08-13T20:00,27.3,80,90,0.0,9.6
2024-08-13T21:00,25.8,90,95,0.0,1.1
2024-08-13T22:00,25.6,93,85,0.0,1.5
2024-08-13T23:00,25.6,92,89,0.0,3.7
2024-08-14T00:00,25.2,91,100,0.0,4.6
2024-08-14T01:00,24.3,96,99,0.0,8.0
2024-08-14T02:00,24.3,95,100,0.0,0.8
2024-08-14T03:00,23.8,97,100,0.0,10.0
2024-08-14T04:00,24.1,93,97,0.0,5.3
2024-08-14T05:00,23.8,95,98,0.0,2.3
2024-08-14T06:00,24.8,93,100,7.0,1.1
2024-08-14T07:00,26.0,86,100,105.0,3.3
2024-08-14T08:00,27.3,79,100,238.0,6.4
2024-08-14T09:00,28.4,73,100,353.0,7.1
2024-08-14T10:00,30.1,67,100,677.0,4.0
2024-08-14T11:00,31.2,63,100,735.0,2.6
2024-08-14T12:00,32.1,60,100,827.0,3.4
2024-08-14T13:00,33.0,56,100,914.0,3.0
2024-08-14T14:00,33.7,53,93,851.0,3.3
2024-08-14T15:00,33.8,53,26,707.0,4.8
2024-08-14T16:00,33.2,54,21,465.0,5.6
2024-08-14T17:00,32.7,55,15,269.0,7.6
2024-08-14T18:00,31.3,66,40,79.0,3.7
2024-08-14T19:00,30.6,66,21,1.0,4.2
2024-08-14T20:00,30.7,63,99,0.0,0.5
2024-08-14T21:00,29.2,73,100,0.0,3.6
2024-08-14T22:00,28.3,80,100,0.0,3.5
2024-08-14T23:00,27.5,82,100,0.0,3.8
2024-08-15T00:00,27.4,81,100,0.0,6.8
2024-08-15T01:00,27.2,80,100,0.0,10.6
2024-08-15T02:00,26.6,83,100,0.0,9.7
2024-08-15T03:00,26.2,86,100,0.0,8.8
2024-08-15T04:00,25.8,88,100,0.0,5.3
2024-08-15T05:00,25.5,90,100,0.0,4.3
2024-08-15T06:00,26.2,87,99,7.0,7.4
2024-08-15T07:00,27.2,82,100,131.0,5.8
2024-08-15T08:00,28.6,74,100,286.0,3.3
2024-08-15T09:00,29.7,69,100,437.0,1.1
2024-08-15T10:00,31.3,60,100,729.0,0.8
2024-08-15T11:00,32.5,53,100,859.0,2.6
2024-08-15T12:00,33.1,50,100,820.0,3.2
2024-08-15T13:00,33.5,49,100,826.0,2.7
2024-08-15T14:00,33.9,47,100,788.0,1.8
2024-08-15T15:00,34.2,46,100,659.0,3.3
2024-08-15T16:00,34.3,46,100,484.0,6.5
2024-08-15T17:00,33.4,48,100,254.0,7.9
2024-08-15T18:00,31.8,58,100,78.0,4.3
2024-08-15T19:00,30.7,62,100,0.0,4.4
2024-08-15T20:00,30.7,61,100,0.0,3.0
2024-08-15T21:00,29.0,69,100,0.0,4.0
2024-08-15T22:00,29.0,67,100,0.0,5.4
2024-08-15T23:00,28.7,69,100,0.0,7.0
2024-08-16T00:00,28.2,71,100,0.0,5.4
2024-08-16T01:00,27.5,76,100,0.0,4.6
2024-08-16T02:00,27.7,78,100,0.0,7.3
2024-08-16T03:00,27.2,82,100,0.0,7.1
2024-08-16T04:00,26.7,86,100,0.0,5.5
2024-08-16T05:00,26.2,90,100,0.0,2.6
2024-08-16T06:00,27.5,84,100,6.0,4.7
2024-08-16T07:00,28.4,80,100,117.0,6.6
2024-08-16T08:00,29.5,74,100,282.0,5.5
2024-08-16T09:00,30.7,68,100,475.0,5.0
2024-08-16T10:00,32.0,63,100,691.0,4.7
2024-08-16T11:00,33.4,56,100,737.0,4.8
2024-08-16T12:00,32.6,57,100,399.0,5.4
2024-08-16T13:00,32.5,58,100,641.0,6.9
2024-08-16T14:00,31.5,63,100,634.0,3.4
2024-08-16T15:00,32.5,59,100,525.0,2.9
2024-08-16T16:00,32.4,57,100,301.0,4.5
2024-08-16T17:00,31.6,59,100,205.0,8.7
2024-08-16T18:00,30.4,61,100,61.0,8.1
2024-08-16T19:00,28.8,72,100,0.0,3.8
2024-08-16T20:00,28.0,77,100,0.0,2.7
2024-08-16T21:00,25.7,90,100,0.0,10.3
2024-08-16T22:00,25.4,90,100,0.0,6.1
2024-08-16T23:00,25.2,93,100,0.0,7.9
2024-08-17T00:00,24.4,96,100,0.0,9.9
2024-08-17T01:00,24.7,96,100,0.0,8.3
2024-08-17T02:00,24.8,94,100,0.0,4.7
2024-08-17T03:00,24.6,95,100,0.0,5.4
2024-08-17T04:00,24.3,96,100,0.0,2.2
2024-08-17T05:00,24.0,98,100,0.0,2.5
2024-08-17T06:00,24.9,92,100,6.0,5.9
2024-08-17T07:00,25.7,87,100,103.0,3.0
2024-08-17T08:00,27.1,79,100,285.0,1.4
2024-08-17T09:00,28.5,72,100,418.0,3.8
2024-08-17T10:00,29.7,66,100,507.0,4.4
2024-08-17T11:00,31.1,61,100,689.0,6.4
2024-08-17T12:00,31.3,60,100,560.0,6.3
2024-08-17T13:00,31.9,58,100,540.0,2.8
2024-08-17T14:00,32.9,54,100,671.0,1.1
2024-08-17T15:00,33.4,53,99,555.0,1.1
2024-08-17T16:00,33.3,52,92,498.0,3.4
2024-08-17T17:00,32.6,55,99,277.0,4.0
2024-08-17T18:00,30.8,61,100,56.0,5.6
2024-08-17T19:00,29.4,73,100,0.0,5.8
2024-08-17T20:00,29.0,71,100,0.0,4.3
2024-08-17T21:00,28.8,70,100,0.0,11.5
2024-08-17T22:00,27.9,76,100,0.0,9.2
2024-08-17T23:00,26.9,82,100,0.0,9.3
2024-08-18T00:00,24.9,93,100,0.0,13.0
2024-08-18T01:00,24.9,91,100,0.0,8.6
2024-08-18T02:00,24.6,93,100,0.0,7.1
2024-08-18T03:00,24.3,93,100,0.0,7.9
2024-08-18T04:00,24.2,92,99,0.0,7.6
2024-08-18T05:00,24.1,93,100,0.0,5.1
2024-08-18T06:00,25.2,90,100,7.0,2.4
2024-08-18T07:00,26.2,85,100,122.0,0.8
2024-08-18T08:00,27.4,77,100,278.0,2.4
2024-08-18T09:00,29.0,70,100,488.0,0.7
2024-08-18T10:00,30.2,64,100,619.0,3.3
2024-08-18T11:00,30.9,62,100,570.0,3.6
2024-08-18T12:00,31.3,61,100,511.0,3.8
2024-08-18T13:00,32.3,59,100,718.0,3.1
2024-08-18T14:00,32.8,56,19,761.0,3.2
2024-08-18T15:00,33.1,55,14,686.0,1.5
2024-08-18T16:00,33.0,55,23,496.0,3.3
2024-08-18T17:00,32.3,58,24,266.0,6.7
2024-08-18T18:00,30.4,72,33,77.0,5.5
2024-08-18T19:00,30.8,62,25,0.0,1.8
2024-08-18T20:00,29.3,73,55,0.0,2.3
2024-08-18T21:00,29.4,71,82,0.0,3.7
2024-08-18T22:00,27.8,79,52,0.0,9.2
2024-08-18T23:00,25.7,90,100,0.0,9.0
2024-08-19T00:00,25.4,92,96,0.0,5.2
2024-08-19T01:00,25.0,93,100,0.0,2.7
2024-08-19T02:00,24.7,96,100,0.0,1.9
2024-08-19T03:00,24.7,97,100,0.0,2.3
2024-08-19T04:00,24.6,98,100,0.0,3.9
2024-08-19T05:00,24.7,97,100,0.0,5.0
2024-08-19T06:00,26.1,91,100,7.0,2.6
2024-08-19T07:00,27.0,81,100,112.0,5.4
2024-08-19T08:00,27.9,78,100,272.0,3.7
2024-08-19T09:00,29.3,74,100,499.0,2.5
2024-08-19T10:00,30.6,70,100,699.0,1.1
2024-08-19T11:00,31.8,66,100,857.0,1.6
2024-08-19T12:00,32.6,63,100,882.0,1.3
2024-08-19T13:00,33.2,60,100,879.0,0.4
2024-08-19T14:00,33.1,59,100,709.0,0.5
2024-08-19T15:00,33.4,55,100,534.0,2.7
2024-08-19T16:00,32.9,55,100,454.0,3.0
2024-08-19T17:00,31.1,63,98,173.0,9.7
2024-08-19T18:00,29.2,71,99,71.0,8.7
2024-08-19T19:00,25.5,91,100,0.0,9.5
2024-08-19T20:00,25.8,90,100,0.0,6.0
2024-08-19T21:00,25.3,92,100,0.0,11.7
2024-08-19T22:00,24.8,95,100,0.0,7.2
2024-08-19T23:00,25.0,94,100,0.0,5.6
2024-08-20T00:00,24.8,95,100,0.0,7.8
2024-08-20T01:00,24.9,93,100,0.0,10.5
2024-08-20T02:00,24.1,96,100,0.0,9.7
2024-08-20T03:00,24.2,96,100,0.0,4.4
2024-08-20T04:00,24.0,97,100,0.0,2.9
2024-08-20T05:00,23.8,98,100,0.0,2.9
2024-08-20T06:00,24.4,91,99,7.0,8.2
2024-08-20T07:00,25.4,85,100,126.0,8.2
2024-08-20T08:00,26.9,77,100,293.0,6.0
2024-08-20T09:00,28.0,72,100,370.0,4.0
2024-08-20T10:00,29.5,66,100,560.0,4.2
2024-08-20T11:00,30.5,62,100,601.0,3.6
2024-08-20T12:00,31.4,59,89,626.0,3.8
2024-08-20T13:00,32.1,56,100,624.0,6.6
2024-08-20T14:00,32.0,57,100,519.0,7.5
2024-08-20T15:00,32.0,58,100,425.0,8.0
2024-08-20T16:00,31.8,57,92,395.0,8.2
2024-08-20T17:00,31.5,57,76,274.0,6.1
2024-08-20T18:00,29.5,71,95,70.0,2.9
2024-08-20T19:00,28.6,72,62,0.0,5.0
2024-08-20T20:00,27.7,74,23,0.0,3.6
2024-08-20T21:00,27.3,77,100,0.0,3.3
2024-08-20T22:00,26.2,86,89,0.0,16.8
2024-08-20T23:00,25.5,92,93,0.0,5.2
2024-08-21T00:00,25.3,92,81,0.0,3.6
2024-08-21T01:00,25.1,94,100,0.0,6.4
2024-08-21T02:00,24.9,94,85,0.0,5.0
2024-08-21T03:00,24.6,96,85,0.0,2.9
2024-08-21T04:00,24.2,98,84,0.0,3.9
2024-08-21T05:00,24.0,98,81,0.0,4.5
2024-08-21T06:00,24.6,89,93,7.0,3.0
2024-08-21T07:00,25.8,84,98,127.0,1.5
2024-08-21T08:00,27.5,76,94,345.0,2.4
2024-08-21T09:00,29.1,70,94,570.0,6.2
2024-08-21T10:00,30.7,63,99,751.0,12.0
2024-08-21T11:00,31.6,62,100,849.0,10.6
2024-08-21T12:00,32.3,60,100,894.0,10.6
2024-08-21T13:00,33.0,58,100,915.0,11.1
2024-08-21T14:00,33.2,59,100,811.0,11.5
2024-08-21T15:00,33.2,58,99,690.0,11.1
2024-08-21T16:00,31.6,65,100,469.0,11.3
2024-08-21T17:00,31.5,65,97,261.0,9.0
2024-08-21T18:00,30.3,69,73,70.0,6.4
2024-08-21T19:00,30.0,63,100,0.0,5.4
2024-08-21T20:00,29.6,66,100,0.0,7.6
2024-08-21T21:00,28.8,69,99,0.0,8.4
2024-08-21T22:00,27.7,73,100,0.0,6.3
2024-08-21T23:00,27.8,72,99,0.0,9.7
2024-08-22T00:00,27.6,71,98,0.0,12.0
2024-08-22T01:00,27.1,73,97,0.0,10.9
2024-08-22T02:00,26.7,72,97,0.0,10.8
2024-08-22T03:00,26.4,70,91,0.0,11.5
2024-08-22T04:00,26.0,70,99,0.0,12.7
2024-08-22T05:00,25.7,71,99,0.0,13.7
2024-08-22T06:00,25.5,82,99,7.0,8.2
2024-08-22T07:00,26.4,82,100,125.0,6.9
2024-08-22T08:00,28.1,70,100,345.0,11.6
2024-08-22T09:00,29.7,61,98,568.0,13.0
2024-08-22T10:00,31.2,54,100,700.0,17.2
2024-08-22T11:00,31.1,54,100,393.0,18.0
2024-08-22T12:00,31.6,53,100,514.0,15.1
2024-08-22T13:00,32.5,50,100,522.0,16.2
2024-08-22T14:00,32.9,50,100,659.0,14.8
2024-08-22T15:00,32.8,51,96,554.0,13.0
2024-08-22T16:00,32.9,50,83,438.0,10.0
2024-08-22T17:00,31.5,58,100,225.0,10.7
2024-08-22T18:00,30.2,59,100,62.0,4.9
2024-08-22T19:00,28.7,70,100,0.0,5.4
2024-08-22T20:00,28.4,67,100,0.0,5.6
2024-08-22T21:00,28.4,68,100,0.0,7.2
2024-08-22T22:00,28.4,68,100,0.0,11.5
2024-08-22T23:00,28.1,67,100,0.0,10.4
2024-08-23T00:00,27.6,69,100,0.0,9.7
2024-08-23T01:00,27.3,70,100,0.0,8.5
2024-08-23T02:00,27.0,73,100,0.0,9.4
2024-08-23T03:00,26.6,74,100,0.0,11.3
2024-08-23T04:00,26.4,74,100,0.0,11.5
2024-08-23T05:00,26.0,74,100,0.0,11.0
2024-08-23T06:00,26.0,78,100,4.0,9.1
2024-08-23T07:00,26.4,76,100,61.0,8.7
2024-08-23T08:00,27.2,71,100,172.0,11.4
2024-08-23T09:00,27.7,69,100,220.0,10.1
2024-08-23T10:00,28.3,67,100,243.0,10.3
2024-08-23T11:00,29.3,64,100,359.0,9.9
2024-08-23T12:00,30.2,60,100,429.0,13.9
2024-08-23T13:00,30.7,57,100,444.0,14.8
2024-08-23T14:00,31.1,56,100,422.0,12.7
2024-08-23T15:00,31.5,54,100,402.0,11.4
2024-08-23T16:00,31.7,53,100,301.0,10.3
2024-08-23T17:00,31.5,55,100,196.0,7.8
2024-08-23T18:00,29.5,66,100,33.0,6.3
2024-08-23T19:00,29.4,61,100,0.0,5.5
2024-08-23T20:00,28.8,63,100,0.0,7.2
2024-08-23T21:00,28.2,66,100,0.0,7.3
2024-08-23T22:00,27.8,68,100,0.0,6.9
2024-08-23T23:00,27.5,70,100,0.0,7.7
2024-08-24T00:00,27.2,71,100,0.0,11.0
2024-08-24T01:00,27.0,71,100,0.0,14.7
2024-08-24T02:00,26.6,71,100,0.0,15.3
2024-08-24T03:00,26.1,73,100,0.0,14.7
2024-08-24T04:00,25.7,75,100,0.0,14.4
2024-08-24T05:00,25.6,76,100,0.0,13.5
2024-08-24T06:00,25.9,76,100,4.0,13.7
2024-08-24T07:00,26.2,74,100,50.0,12.6
2024-08-24T08:00,26.9,71,100,135.0,13.8
2024-08-24T09:00,28.2,66,100,342.0,14.7
2024-08-24T10:00,29.9,61,100,564.0,15.5
2024-08-24T11:00,31.3,56,100,621.0,23.8
2024-08-24T12:00,30.3,61,100,492.0,20.5
2024-08-24T13:00,32.2,55,100,595.0,21.9
2024-08-24T14:00,31.2,61,100,593.0,14.7
2024-08-24T15:00,29.5,69,100,375.0,17.8
2024-08-24T16:00,29.7,68,100,236.0,13.4
2024-08-24T17:00,29.9,62,100,87.0,14.4
2024-08-24T18:00,28.9,63,100,24.0,18.3
2024-08-24T19:00,28.4,63,100,0.0,20.3
2024-08-24T20:00,27.0,70,100,0.0,19.9
2024-08-24T21:00,25.9,78,100,0.0,18.9
2024-08-24T22:00,25.6,80,100,0.0,19.7
2024-08-24T23:00,24.7,88,100,0.0,16.9
2024-08-25T00:00,24.5,89,100,0.0,15.5
2024-08-25T01:00,24.3,90,100,0.0,16.2
2024-08-25T02:00,24.0,91,100,0.0,16.3
2024-08-25T03:00,24.0,88,100,0.0,17.6
2024-08-25T04:00,24.0,87,100,0.0,17.5
2024-08-25T05:00,24.0,85,100,0.0,17.7
2024-08-25T06:00,24.4,85,100,6.0,14.2
2024-08-25T07:00,25.6,77,100,82.0,17.6
2024-08-25T08:00,26.8,72,100,217.0,21.1
2024-08-25T09:00,28.0,66,100,358.0,24.4
2024-08-25T10:00,29.4,61,100,568.0,23.2
2024-08-25T11:00,30.3,56,100,435.0,23.0
2024-08-25T12:00,31.4,53,100,702.0,23.6
2024-08-25T13:00,32.6,50,99,899.0,23.1
2024-08-25T14:00,32.9,49,99,772.0,22.0
2024-08-25T15:00,32.7,50,100,595.0,20.9
2024-08-25T16:00,32.6,49,100,480.0,20.9
2024-08-25T17:00,30.2,60,100,173.0,15.3
2024-08-25T18:00,29.8,57,100,60.0,12.8
2024-08-25T19:00,29.2,57,100,0.0,15.0
2024-08-25T20:00,28.6,60,38,0.0,12.2
2024-08-25T21:00,28.3,61,96,0.0,16.9
2024-08-25T22:00,27.9,63,94,0.0,18.8
2024-08-25T23:00,27.1,67,100,0.0,18.9
2024-08-26T00:00,26.4,70,85,0.0,18.6
2024-08-26T01:00,25.9,72,86,0.0,19.1
2024-08-26T02:00,25.5,74,100,0.0,18.7
2024-08-26T03:00,25.4,74,99,0.0,19.7
2024-08-26T04:00,25.4,74,100,0.0,19.7
2024-08-26T05:00,25.1,75,98,0.0,19.1
2024-08-26T06:00,25.2,75,94,6.0,17.7
2024-08-26T07:00,26.4,70,71,125.0,17.9
2024-08-26T08:00,28.0,64,94,314.0,24.5
2024-08-26T09:00,29.5,57,100,499.0,29.2
2024-08-26T10:00,29.7,57,100,358.0,25.7
2024-08-26T11:00,31.8,50,93,818.0,28.9
2024-08-26T12:00,32.5,47,65,835.0,27.2
2024-08-26T13:00,32.6,46,87,812.0,28.1
2024-08-26T14:00,32.4,47,68,534.0,22.7
2024-08-26T15:00,33.1,45,56,604.0,20.5
2024-08-26T16:00,32.5,48,79,446.0,19.4
2024-08-26T17:00,31.4,52,99,252.0,17.0
2024-08-26T18:00,30.2,55,100,55.0,14.7
2024-08-26T19:00,29.5,57,100,0.0,12.8
2024-08-26T20:00,29.1,59,100,0.0,15.2
2024-08-26T21:00,28.5,61,91,0.0,17.4
2024-08-26T22:00,27.9,64,35,0.0,16.7
2024-08-26T23:00,27.3,67,48,0.0,16.5
2024-08-27T00:00,26.6,70,18,0.0,17.3
2024-08-27T01:00,26.2,72,23,0.0,17.2
2024-08-27T02:00,25.7,74,100,0.0,17.2
2024-08-27T03:00,25.5,75,88,0.0,18.1
2024-08-27T04:00,25.3,76,44,0.0,17.6
2024-08-27T05:00,25.2,76,81,0.0,17.2
2024-08-27T06:00,25.6,74,98,6.0,18.1
2024-08-27T07:00,26.5,71,100,120.0,18.6
2024-08-27T08:00,28.1,63,100,332.0,24.5
2024-08-27T09:00,29.8,56,100,528.0,23.9
2024-08-27T10:00,30.4,54,100,517.0,21.6
2024-08-27T11:00,30.9,53,100,464.0,20.6
2024-08-27T12:00,32.4,50,100,752.0,18.7
2024-08-27T13:00,32.7,49,100,758.0,18.4
2024-08-27T14:00,33.1,48,100,721.0,16.6
2024-08-27T15:00,32.9,49,100,496.0,16.9
2024-08-27T16:00,30.4,60,100,328.0,15.1
2024-08-27T17:00,29.9,60,100,134.0,12.2
2024-08-27T18:00,29.7,60,100,54.0,11.9
2024-08-27T19:00,27.7,70,91,0.0,19.1
2024-08-27T20:00,25.4,85,100,0.0,12.1
2024-08-27T21:00,24.9,93,100,0.0,7.1
2024-08-27T22:00,25.2,94,100,0.0,9.0
2024-08-27T23:00,25.4,87,100,0.0,10.8
2024-08-28T00:00,25.4,84,100,0.0,13.7
2024-08-28T01:00,25.2,81,99,0.0,13.8
2024-08-28T02:00,25.3,78,99,0.0,14.3
2024-08-28T03:00,25.2,77,96,0.0,14.8
2024-08-28T04:00,25.0,78,97,0.0,15.2
2024-08-28T05:00,24.8,79,100,0.0,16.0
2024-08-28T06:00,25.1,76,100,6.0,17.4
2024-08-28T07:00,26.3,70,100,99.0,16.2
2024-08-28T08:00,27.2,67,100,211.0,18.6
2024-08-28T09:00,27.6,65,100,239.0,21.6
2024-08-28T10:00,28.7,60,100,297.0,22.7
2024-08-28T11:00,29.9,57,100,414.0,19.8
2024-08-28T12:00,30.9,53,100,394.0,19.9
2024-08-28T13:00,32.2,49,100,595.0,18.2
2024-08-28T14:00,32.6,49,100,441.0,17.1
2024-08-28T15:00,30.2,62,100,438.0,21.3
2024-08-28T16:00,30.9,56,100,233.0,17.1
2024-08-28T17:00,30.0,60,100,158.0,15.6
2024-08-28T18:00,27.8,66,100,56.0,18.1
2024-08-28T19:00,26.6,75,100,0.0,14.6
2024-08-28T20:00,26.5,77,100,0.0,12.2
2024-08-28T21:00,26.5,75,100,0.0,14.9
2024-08-28T22:00,26.3,76,100,0.0,14.7
2024-08-28T23:00,26.0,77,100,0.0,15.1
2024-08-29T00:00,25.7,77,100,0.0,15.8
2024-08-29T01:00,25.6,76,100,0.0,17.7
2024-08-29T02:00,25.4,76,100,0.0,17.9
2024-08-29T03:00,25.2,77,100,0.0,17.4
2024-08-29T04:00,24.9,79,100,0.0,17.4
2024-08-29T05:00,24.8,79,100,0.0,15.5
2024-08-29T06:00,25.5,76,100,6.0,16.6
2024-08-29T07:00,26.3,73,100,87.0,16.6
2024-08-29T08:00,27.0,69,100,172.0,18.2
2024-08-29T09:00,28.7,61,100,410.0,23.1
2024-08-29T10:00,29.3,58,100,369.0,22.2
2024-08-29T11:00,30.8,52,100,466.0,23.6
2024-08-29T12:00,31.4,50,100,510.0,21.9
2024-08-29T13:00,32.8,48,100,771.0,20.7
2024-08-29T14:00,33.3,46,100,701.0,19.7
2024-08-29T15:00,31.7,54,100,579.0,19.3
2024-08-29T16:00,32.7,49,100,331.0,13.0
2024-08-29T17:00,30.7,56,100,198.0,20.5
2024-08-29T18:00,30.8,53,100,34.0,11.8
2024-08-29T19:00,30.2,55,100,0.0,14.6
2024-08-29T20:00,29.1,59,100,0.0,11.4
2024-08-29T21:00,28.6,61,100,0.0,12.0
2024-08-29T22:00,28.4,63,100,0.0,12.6
2024-08-29T23:00,28.2,65,100,0.0,15.1
2024-08-30T00:00,27.8,66,100,0.0,16.0
2024-08-30T01:00,27.2,69,100,0.0,17.0
2024-08-30T02:00,26.5,73,100,0.0,18.2
2024-08-30T03:00,26.1,75,100,0.0,19.4
2024-08-30T04:00,25.8,76,100,0.0,19.5
2024-08-30T05:00,25.6,77,100,0.0,18.1
2024-08-30T06:00,25.7,77,100,2.0,15.8
2024-08-30T07:00,26.1,76,100,55.0,13.7
2024-08-30T08:00,26.3,75,100,102.0,15.2
2024-08-30T09:00,26.4,77,100,274.0,19.1
2024-08-30T10:00,25.2,89,100,176.0,16.0
2024-08-30T11:00,26.5,80,100,208.0,13.0
2024-08-30T12:00,27.8,72,100,212.0,11.9
2024-08-30T13:00,28.1,73,100,219.0,12.0
2024-08-30T14:00,29.2,63,100,286.0,17.5
2024-08-30T15:00,26.5,78,100,191.0,16.1
2024-08-30T16:00,25.7,84,100,48.0,11.5
2024-08-30T17:00,26.3,81,100,109.0,14.0
2024-08-30T18:00,27.2,70,100,11.0,15.2
2024-08-30T19:00,26.3,77,100,0.0,12.8
2024-08-30T20:00,25.9,84,100,0.0,12.7
2024-08-30T21:00,25.2,85,100,0.0,18.2
2024-08-30T22:00,24.5,89,100,0.0,15.2
2024-08-30T23:00,24.6,89,100,0.0,16.6
2024-08-31T00:00,24.7,89,100,0.0,18.9
2024-08-31T01:00,24.3,91,100,0.0,18.8
2024-08-31T02:00,24.2,91,100,0.0,17.8
2024-08-31T03:00,24.1,91,100,0.0,18.4
2024-08-31T04:00,24.0,91,100,0.0,19.8
2024-08-31T05:00,23.9,91,100,0.0,18.0
2024-08-31T06:00,23.8,92,100,1.0,14.6
2024-08-31T07:00,23.8,91,100,9.0,18.4
2024-08-31T08:00,24.0,91,100,40.0,17.7
2024-08-31T09:00,24.2,91,100,81.0,17.3
2024-08-31T10:00,24.6,91,100,157.0,19.5
2024-08-31T11:00,25.0,90,100,204.0,19.5
2024-08-31T12:00,25.0,90,100,149.0,20.1
2024-08-31T13:00,25.7,85,100,227.0,21.6
2024-08-31T14:00,27.0,79,100,339.0,22.7
2024-08-31T15:00,25.5,88,100,141.0,18.5
2024-08-31T16:00,25.2,89,100,89.0,17.8
2024-08-31T17:00,25.4,87,100,70.0,21.3
2024-08-31T18:00,24.6,90,100,9.0,21.3
2024-08-31T19:00,24.4,90,100,0.0,22.0
2024-08-31T20:00,24.2,90,100,0.0,21.0
2024-08-31T21:00,24.0,91,100,0.0,22.0
2024-08-31T22:00,24.0,91,100,0.0,22.3
2024-08-31T23:00,23.9,91,100,0.0,21.2
2024-09-01T00:00,23.8,91,100,0.0,22.0
2024-09-01T01:00,23.8,91,100,0.0,21.6
2024-09-01T02:00,23.9,91,100,0.0,22.3
2024-09-01T03:00,24.0,91,100,0.0,23.8
2024-09-01T04:00,24.0,91,100,0.0,23.4
2024-09-01T05:00,24.0,91,100,0.0,25.2
2024-09-01T06:00,24.0,89,100,2.0,23.4
2024-09-01T07:00,24.2,88,100,44.0,23.1
2024-09-01T08:00,24.7,86,100,109.0,23.8
2024-09-01T09:00,25.5,83,100,159.0,23.5
2024-09-01T10:00,26.1,80,100,197.0,20.5
2024-09-01T11:00,27.4,71,100,224.0,24.4
2024-09-01T12:00,29.0,61,100,308.0,25.7
2024-09-01T13:00,29.4,59,100,335.0,28.5
2024-09-01T14:00,29.8,57,100,335.0,26.3
2024-09-01T15:00,30.5,54,100,551.0,27.6
2024-09-01T16:00,29.8,58,100,434.0,24.4
2024-09-01T17:00,29.0,61,100,210.0,21.5
2024-09-01T18:00,27.0,71,100,33.0,15.3
2024-09-01T19:00,26.7,74,99,0.0,16.4
2024-09-01T20:00,26.4,76,99,0.0,16.3
2024-09-01T21:00,26.2,77,99,0.0,16.3
2024-09-01T22:00,25.9,77,98,0.0,16.9
2024-09-01T23:00,25.6,78,100,0.0,16.2
2024-09-02T00:00,25.4,79,100,0.0,16.8
2024-09-02T01:00,25.4,80,99,0.0,17.7
2024-09-02T02:00,25.3,81,76,0.0,18.4
2024-09-02T03:00,25.0,82,54,0.0,17.3
2024-09-02T04:00,24.8,82,13,0.0,16.6
2024-09-02T05:00,24.6,82,34,0.0,16.3
2024-09-02T06:00,24.4,84,63,6.0,12.6
2024-09-02T07:00,26.0,77,33,131.0,14.4
2024-09-02T08:00,27.0,73,26,321.0,20.9
2024-09-02T09:00,28.5,66,36,525.0,22.0
2024-09-02T10:00,30.1,59,44,711.0,22.9
2024-09-02T11:00,31.0,55,55,802.0,23.4
2024-09-02T12:00,31.6,53,83,923.0,24.3
2024-09-02T13:00,28.9,71,94,672.0,20.2
2024-09-02T14:00,29.9,61,45,386.0,17.2
2024-09-02T15:00,30.5,59,75,564.0,18.1
2024-09-02T16:00,27.9,78,80,316.0,12.2
2024-09-02T17:00,27.6,77,77,174.0,11.3
2024-09-02T18:00,27.9,67,71,37.0,15.5
2024-09-02T19:00,26.5,77,100,0.0,12.8
2024-09-02T20:00,26.2,81,100,0.0,15.1
2024-09-02T21:00,25.1,86,71,0.0,16.1
2024-09-02T22:00,24.9,87,84,0.0,12.3
2024-09-02T23:00,25.0,86,40,0.0,11.9
2024-09-03T00:00,24.6,89,90,0.0,13.2
2024-09-03T01:00,24.6,88,78,0.0,15.1
2024-09-03T02:00,24.6,86,69,0.0,16.1
2024-09-03T03:00,24.4,86,38,0.0,16.6
2024-09-03T04:00,24.3,85,90,0.0,17.6
2024-09-03T05:00,24.2,85,39,0.0,17.7
2024-09-03T06:00,24.7,84,98,5.0,14.2
2024-09-03T07:00,26.0,77,100,116.0,16.9
2024-09-03T08:00,26.9,74,100,184.0,22.5
2024-09-03T09:00,28.0,69,100,322.0,21.6
2024-09-03T10:00,29.9,61,100,667.0,22.4
2024-09-03T11:00,30.9,59,98,800.0,20.2
2024-09-03T12:00,31.8,57,100,936.0,21.2
2024-09-03T13:00,32.0,56,100,723.0,19.4
2024-09-03T14:00,30.9,60,100,551.0,16.6
2024-09-03T15:00,29.3,68,100,395.0,18.2
2024-09-03T16:00,29.5,65,100,201.0,15.9
2024-09-03T17:00,29.5,66,99,205.0,12.2
2024-09-03T18:00,27.4,75,100,50.0,13.1
2024-09-03T19:00,27.1,75,100,0.0,10.9
2024-09-03T20:00,27.0,77,69,0.0,12.0
2024-09-03T21:00,27.3,74,80,0.0,15.5
2024-09-03T22:00,27.2,71,99,0.0,16.4
2024-09-03T23:00,26.6,72,100,0.0,16.9
2024-09-04T00:00,26.1,75,100,0.0,17.2
2024-09-04T01:00,25.9,76,100,0.0,18.6
2024-09-04T02:00,25.6,77,100,0.0,19.2
2024-09-04T03:00,25.4,77,100,0.0,19.5
2024-09-04T04:00,25.2,79,100,0.0,19.5
2024-09-04T05:00,25.1,79,100,0.0,17.3
2024-09-04T06:00,24.0,92,100,3.0,14.6
2024-09-04T07:00,24.8,87,100,75.0,16.0
2024-09-04T08:00,25.9,79,100,133.0,20.5
2024-09-04T09:00,27.7,70,100,320.0,22.7
2024-09-04T10:00,29.3,63,100,628.0,25.3
2024-09-04T11:00,29.6,62,100,565.0,24.8
2024-09-04T12:00,30.1,62,100,718.0,24.5
2024-09-04T13:00,30.4,60,100,665.0,22.3
2024-09-04T14:00,30.7,59,100,617.0,22.7
2024-09-04T15:00,29.9,61,100,442.0,19.1
2024-09-04T16:00,28.9,66,100,312.0,18.8
2024-09-04T17:00,27.3,80,100,85.0,8.4
2024-09-04T18:00,28.1,67,100,26.0,11.9
2024-09-04T19:00,27.6,70,100,0.0,8.8
2024-09-04T20:00,27.4,70,100,0.0,12.7
2024-09-04T21:00,27.2,70,100,0.0,13.8
2024-09-04T22:00,27.0,70,100,0.0,16.7
2024-09-04T23:00,26.4,73,100,0.0,16.9
2024-09-05T00:00,25.7,78,100,0.0,19.2
2024-09-05T01:00,25.2,81,100,0.0,17.7
2024-09-05T02:00,25.0,82,100,0.0,18.6
2024-09-05T03:00,24.9,82,100,0.0,18.8
2024-09-05T04:00,24.4,85,100,0.0,17.3
2024-09-05T05:00,24.4,86,100,0.0,17.3
2024-09-05T06:00,24.3,89,100,6.0,14.4
2024-09-05T07:00,25.2,86,100,99.0,13.9
2024-09-05T08:00,25.5,82,100,110.0,16.6
2024-09-05T09:00,27.5,72,100,463.0,24.5
2024-09-05T10:00,28.9,66,100,652.0,26.3
2024-09-05T11:00,28.8,69,100,566.0,23.2
2024-09-05T12:00,29.5,62,100,405.0,19.2
2024-09-05T13:00,29.9,60,100,293.0,16.0
2024-09-05T14:00,31.3,55,100,543.0,17.8
2024-09-05T15:00,31.7,53,99,530.0,18.7
2024-09-05T16:00,31.5,54,100,366.0,17.0
2024-09-05T17:00,30.4,59,100,197.0,14.1
2024-09-05T18:00,30.0,57,100,43.0,13.1
2024-09-05T19:00,29.0,62,100,0.0,12.6
2024-09-05T20:00,28.5,65,100,0.0,13.0
2024-09-05T21:00,28.2,68,100,0.0,15.1
2024-09-05T22:00,27.5,70,100,0.0,17.4
2024-09-05T23:00,27.0,73,100,0.0,16.8
2024-09-06T00:00,26.5,75,100,0.0,15.9
2024-09-06T01:00,26.0,77,100,0.0,16.6
2024-09-06T02:00,25.8,77,100,0.0,15.9
2024-09-06T03:00,25.7,78,100,0.0,16.2
2024-09-06T04:00,25.4,79,100,0.0,16.9
2024-09-06T05:00,25.2,79,100,0.0,15.9
2024-09-06T06:00,24.6,89,100,2.0,16.2
2024-09-06T07:00,24.9,87,100,36.0,15.5
2024-09-06T08:00,24.7,89,100,56.0,16.6
2024-09-06T09:00,25.5,85,100,122.0,15.9
2024-09-06T10:00,27.3,73,100,331.0,20.8
2024-09-06T11:00,28.5,66,100,372.0,21.0
2024-09-06T12:00,30.7,57,100,664.0,21.8
2024-09-06T13:00,30.5,57,99,419.0,20.4
2024-09-06T14:00,31.4,55,100,696.0,18.1
2024-09-06T15:00,31.6,54,99,562.0,17.3
2024-09-06T16:00,30.8,58,100,337.0,16.6
2024-09-06T17:00,30.0,62,100,153.0,10.3
2024-09-06T18:00,28.7,65,100,18.0,8.3
2024-09-06T19:00,28.2,66,100,0.0,11.0
2024-09-06T20:00,26.8,75,100,0.0,13.9
2024-09-06T21:00,27.3,74,100,0.0,15.8
2024-09-06T22:00,26.8,75,100,0.0,11.5
2024-09-06T23:00,26.6,76,100,0.0,12.2
2024-09-07T00:00,26.4,77,100,0.0,14.8
2024-09-07T01:00,26.2,77,100,0.0,16.9
2024-09-07T02:00,25.9,77,99,0.0,18.0
2024-09-07T03:00,25.7,78,100,0.0,19.5
2024-09-07T04:00,25.5,78,100,0.0,19.1
2024-09-07T05:00,25.1,81,100,0.0,16.6
2024-09-07T06:00,24.8,88,100,4.0,16.6
2024-09-07T07:00,25.4,86,100,88.0,16.2
2024-09-07T08:00,26.5,79,100,206.0,15.4
2024-09-07T09:00,27.0,75,100,206.0,16.7
2024-09-07T10:00,28.5,68,100,446.0,17.9
2024-09-07T11:00,29.0,65,100,481.0,17.6
2024-09-07T12:00,29.9,60,100,504.0,17.9
2024-09-07T13:00,30.8,57,100,641.0,18.3
2024-09-07T14:00,31.2,55,100,596.0,19.2
2024-09-07T15:00,30.8,56,100,345.0,18.5
2024-09-07T16:00,30.8,56,100,295.0,18.9
2024-09-07T17:00,27.7,72,100,126.0,18.0
2024-09-07T18:00,28.7,63,100,32.0,13.8
2024-09-07T19:00,27.5,69,100,0.0,16.3
2024-09-07T20:00,26.9,73,100,0.0,15.5
2024-09-07T21:00,26.3,78,100,0.0,15.3
2024-09-07T22:00,26.0,82,100,0.0,16.2
2024-09-07T23:00,25.6,86,100,0.0,15.9
2024-09-08T00:00,24.9,91,100,0.0,16.5
2024-09-08T01:00,24.8,92,100,0.0,17.1
2024-09-08T02:00,24.6,92,100,0.0,17.3
2024-09-08T03:00,24.4,92,100,0.0,16.7
2024-09-08T04:00,24.4,91,100,0.0,16.1
2024-09-08T05:00,24.4,90,100,0.0,16.4
2024-09-08T06:00,24.5,89,100,3.0,17.3
2024-09-08T07:00,24.9,87,100,63.0,16.6
2024-09-08T08:00,25.9,80,100,151.0,16.6
2024-09-08T09:00,27.2,73,100,340.0,20.9
2024-09-08T10:00,28.0,68,100,408.0,22.6
2024-09-08T11:00,27.1,73,100,167.0,18.5
2024-09-08T12:00,27.9,72,100,374.0,17.7
2024-09-08T13:00,28.0,73,100,308.0,16.0
2024-09-08T14:00,28.6,70,100,381.0,17.0
2024-09-08T15:00,29.5,66,100,490.0,18.7
2024-09-08T16:00,29.0,65,100,296.0,20.7
2024-09-08T17:00,28.1,71,100,113.0,16.6
2024-09-08T18:00,27.7,70,100,16.0,16.3
2024-09-08T19:00,27.0,71,100,0.0,16.5
2024-09-08T20:00,26.6,75,100,0.0,17.7
2024-09-08T21:00,26.4,76,100,0.0,18.9
2024-09-08T22:00,26.0,77,100,0.0,19.4
2024-09-08T23:00,25.7,78,100,0.0,19.8
2024-09-09T00:00,25.3,80,100,0.0,19.0
2024-09-09T01:00,25.1,82,100,0.0,18.2
2024-09-09T02:00,24.8,84,100,0.0,18.9
2024-09-09T03:00,24.4,87,100,0.0,17.8
2024-09-09T04:00,24.1,89,100,0.0,17.4
2024-09-09T05:00,23.9,90,100,0.0,17.0
2024-09-09T06:00,24.2,90,100,4.0,16.5
2024-09-09T07:00,25.2,83,100,94.0,20.9
2024-09-09T08:00,26.6,75,100,245.0,22.0
2024-09-09T09:00,27.5,70,100,245.0,23.9
2024-09-09T10:00,28.8,64,100,378.0,23.3
2024-09-09T11:00,29.6,60,100,487.0,25.5
2024-09-09T12:00,29.3,61,100,300.0,21.8
2024-09-09T13:00,29.8,60,100,555.0,23.3
2024-09-09T14:00,29.4,61,100,355.0,20.3
2024-09-09T15:00,29.3,62,100,277.0,16.6
2024-09-09T16:00,29.4,62,100,281.0,15.1
2024-09-09T17:00,28.9,65,100,133.0,12.6
2024-09-09T18:00,28.5,62,100,31.0,8.4
2024-09-09T19:00,28.0,62,100,0.0,10.5
2024-09-09T20:00,28.0,63,100,0.0,12.1
2024-09-09T21:00,27.7,65,100,0.0,16.5
2024-09-09T22:00,27.3,67,100,0.0,18.4
2024-09-09T23:00,26.8,70,100,0.0,18.3
2024-09-10T00:00,26.1,74,100,0.0,18.1
2024-09-10T01:00,25.6,76,100,0.0,17.8
2024-09-10T02:00,25.5,76,100,0.0,18.2
2024-09-10T03:00,25.2,77,100,0.0,18.9
2024-09-10T04:00,25.0,78,99,0.0,18.6
2024-09-10T05:00,24.8,79,100,0.0,19.0
2024-09-10T06:00,25.2,76,100,5.0,18.4
2024-09-10T07:00,25.8,74,100,61.0,18.9
2024-09-10T08:00,27.0,70,100,204.0,26.2
2024-09-10T09:00,28.5,64,100,463.0,27.1
2024-09-10T10:00,29.5,60,100,512.0,25.2
2024-09-10T11:00,30.3,58,100,535.0,25.2
2024-09-10T12:00,31.8,53,100,837.0,24.5
2024-09-10T13:00,32.8,49,100,911.0,24.5
2024-09-10T14:00,32.4,51,100,708.0,22.7
2024-09-10T15:00,32.2,53,100,576.0,20.3
2024-09-10T16:00,32.1,53,100,409.0,20.6
2024-09-10T17:00,30.4,60,100,217.0,16.7
2024-09-10T18:00,29.9,58,100,40.0,13.8
2024-09-10T19:00,29.4,59,100,0.0,15.5
2024-09-10T20:00,28.8,61,91,0.0,15.9
2024-09-10T21:00,28.0,64,100,0.0,16.7
2024-09-10T22:00,27.5,66,100,0.0,17.3
2024-09-10T23:00,26.8,68,100,0.0,18.0
2024-09-11T00:00,26.2,72,100,0.0,17.8
2024-09-11T01:00,25.6,74,97,0.0,17.9
2024-09-11T02:00,25.0,77,100,0.0,19.1
2024-09-11T03:00,24.5,79,98,0.0,19.5
2024-09-11T04:00,23.9,82,100,0.0,17.6
2024-09-11T05:00,23.6,83,100,0.0,16.4
2024-09-11T06:00,24.0,81,100,6.0,14.7
2024-09-11T07:00,25.1,77,100,120.0,16.0
2024-09-11T08:00,26.8,69,100,343.0,24.6
2024-09-11T09:00,28.2,63,100,452.0,23.4
2024-09-11T10:00,29.5,59,100,536.0,21.7
2024-09-11T11:00,30.4,55,100,515.0,20.9
2024-09-11T12:00,31.6,51,98,617.0,20.9
2024-09-11T13:00,32.4,50,98,832.0,19.8
2024-09-11T14:00,32.8,47,100,689.0,20.5
2024-09-11T15:00,32.9,46,100,582.0,18.0
2024-09-11T16:00,32.7,47,96,460.0,18.4
2024-09-11T17:00,31.6,52,93,209.0,12.3
2024-09-11T18:00,30.0,54,38,39.0,8.3
2024-09-11T19:00,28.9,59,11,0.0,7.3
2024-09-11T20:00,28.7,59,92,0.0,12.9
2024-09-11T21:00,28.3,62,20,0.0,14.4
2024-09-11T22:00,27.7,64,12,0.0,16.6
2024-09-11T23:00,26.9,67,71,0.0,17.0
2024-09-12T00:00,26.2,71,6,0.0,17.9
2024-09-12T01:00,25.6,74,58,0.0,18.7
2024-09-12T02:00,25.0,77,100,0.0,17.8
2024-09-12T03:00,24.4,80,52,0.0,17.8
2024-09-12T04:00,23.9,82,70,0.0,17.4
2024-09-12T05:00,23.4,84,27,0.0,15.6
2024-09-12T06:00,23.9,81,9,6.0,14.1
2024-09-12T07:00,25.2,75,10,139.0,13.6
2024-09-12T08:00,27.0,66,57,369.0,19.5
2024-09-12T09:00,28.4,61,100,488.0,19.1
2024-09-12T10:00,29.2,59,92,479.0,18.0
2024-09-12T11:00,30.3,55,100,671.0,20.2
2024-09-12T12:00,31.1,52,30,667.0,17.9
2024-09-12T13:00,32.1,49,30,823.0,19.6
2024-09-12T14:00,32.5,49,38,747.0,17.6
2024-09-12T15:00,32.7,47,10,632.0,18.2
2024-09-12T16:00,32.5,46,40,451.0,17.1
2024-09-12T17:00,31.5,50,28,210.0,12.0
2024-09-12T18:00,29.2,57,88,39.0,6.5
2024-09-12T19:00,27.4,66,100,0.0,5.4
2024-09-12T20:00,27.0,66,100,0.0,6.1
2024-09-12T21:00,26.9,66,100,0.0,7.6
2024-09-12T22:00,26.7,67,100,0.0,9.2
2024-09-12T23:00,26.1,70,100,0.0,10.6
2024-09-13T00:00,26.1,70,100,0.0,14.7
2024-09-13T01:00,25.9,71,100,0.0,16.8
2024-09-13T02:00,25.4,74,100,0.0,17.4
2024-09-13T03:00,24.8,78,99,0.0,16.2
2024-09-13T04:00,24.2,81,99,0.0,16.0
2024-09-13T05:00,23.7,83,44,0.0,15.6
2024-09-13T06:00,24.0,82,100,6.0,15.5
2024-09-13T07:00,25.0,78,100,136.0,16.6
2024-09-13T08:00,26.4,71,40,365.0,16.2
2024-09-13T09:00,27.9,64,22,594.0,15.0
2024-09-13T10:00,29.7,56,45,784.0,17.3
2024-09-13T11:00,30.9,50,97,859.0,17.7
2024-09-13T12:00,31.8,46,100,870.0,18.5
2024-09-13T13:00,32.2,43,99,845.0,20.4
2024-09-13T14:00,32.0,43,99,674.0,21.2
2024-09-13T15:00,32.2,41,97,529.0,19.5
2024-09-13T16:00,31.7,42,29,378.0,18.9
2024-09-13T17:00,31.0,46,70,225.0,12.9
2024-09-13T18:00,28.9,54,100,32.0,5.6
2024-09-13T19:00,27.6,59,100,0.0,6.3
2024-09-13T20:00,28.0,57,100,0.0,9.1
2024-09-13T21:00,27.1,61,100,0.0,6.9
2024-09-13T22:00,26.6,64,100,0.0,8.7
2024-09-13T23:00,26.6,64,100,0.0,13.5
2024-09-14T00:00,26.4,66,70,0.0,16.0
2024-09-14T01:00,25.8,69,100,0.0,15.2
2024-09-14T02:00,25.5,71,63,0.0,15.8
2024-09-14T03:00,25.2,75,96,0.0,16.1
2024-09-14T04:00,24.9,77,94,0.0,15.4
2024-09-14T05:00,24.4,80,100,0.0,16.0
2024-09-14T06:00,24.9,78,100,6.0,15.5
2024-09-14T07:00,25.7,75,100,130.0,15.5
2024-09-14T08:00,27.0,68,99,344.0,15.6
2024-09-14T09:00,28.5,62,100,601.0,16.8
2024-09-14T10:00,29.8,57,100,769.0,17.0
2024-09-14T11:00,31.2,52,53,911.0,18.9
2024-09-14T12:00,32.1,48,100,891.0,20.7
2024-09-14T13:00,33.2,43,81,919.0,21.1
2024-09-14T14:00,32.7,43,99,779.0,23.3
2024-09-14T15:00,32.6,42,100,471.0,18.6
2024-09-14T16:00,32.4,42,97,385.0,20.2
2024-09-14T17:00,31.5,45,87,213.0,11.6
2024-09-14T18:00,28.3,58,100,39.0,7.0
2024-09-14T19:00,27.9,60,100,0.0,6.6
2024-09-14T20:00,28.5,55,100,0.0,3.9
2024-09-14T21:00,27.5,61,100,0.0,3.7
2024-09-14T22:00,25.4,71,100,0.0,5.9
2024-09-14T23:00,25.3,69,100,0.0,6.6
2024-09-15T00:00,26.0,65,100,0.0,12.0
2024-09-15T01:00,26.1,65,100,0.0,14.8
2024-09-15T02:00,25.9,69,100,0.0,18.1
2024-09-15T03:00,25.4,73,100,0.0,19.2
2024-09-15T04:00,24.9,77,100,0.0,18.8
2024-09-15T05:00,24.5,79,94,0.0,17.3
2024-09-15T06:00,25.4,76,100,6.0,16.6
2024-09-15T07:00,26.1,74,100,107.0,15.1
2024-09-15T08:00,27.6,69,81,346.0,14.5
2024-09-15T09:00,29.2,62,93,579.0,14.8
2024-09-15T10:00,30.6,56,35,765.0,17.2
2024-09-15T11:00,32.0,49,42,820.0,18.0
2024-09-15T12:00,33.1,43,100,930.0,18.8
2024-09-15T13:00,33.3,42,97,813.0,18.9
2024-09-15T14:00,33.6,41,94,755.0,18.8
2024-09-15T15:00,33.1,42,88,535.0,18.8
2024-09-15T16:00,32.5,44,47,419.0,18.8
2024-09-15T17:00,31.9,46,69,201.0,13.8
2024-09-15T18:00,29.5,53,99,33.0,6.4
2024-09-15T19:00,27.9,61,100,0.0,5.8
2024-09-15T20:00,27.3,62,99,0.0,5.9
2024-09-15T21:00,27.3,62,100,0.0,8.0
2024-09-15T22:00,27.2,62,100,0.0,11.1
2024-09-15T23:00,27.1,64,99,0.0,14.1
2024-09-16T00:00,26.7,66,100,0.0,15.2
2024-09-16T01:00,26.4,67,100,0.0,16.7
2024-09-16T02:00,25.8,69,100,0.0,17.0
2024-09-16T03:00,25.2,71,100,0.0,16.3
2024-09-16T04:00,24.6,74,100,0.0,15.8
2024-09-16T05:00,24.1,76,100,0.0,15.8
2024-09-16T06:00,24.7,74,100,6.0,17.3
2024-09-16T07:00,25.5,72,100,123.0,19.1
2024-09-16T08:00,27.0,66,100,360.0,20.2
2024-09-16T09:00,28.8,59,100,591.0,19.8
2024-09-16T10:00,30.6,51,100,755.0,21.1
2024-09-16T11:00,31.9,46,100,874.0,20.5
2024-09-16T12:00,32.7,43,96,912.0,20.3
2024-09-16T13:00,33.4,40,99,833.0,21.1
2024-09-16T14:00,33.5,39,100,759.0,20.1
2024-09-16T15:00,33.4,39,99,659.0,19.2
2024-09-16T16:00,32.7,41,100,448.0,17.6
2024-09-16T17:00,32.0,44,100,220.0,14.0
2024-09-16T18:00,29.6,49,90,35.0,12.0
2024-09-16T19:00,28.6,54,48,0.0,10.4
2024-09-16T20:00,27.4,60,97,0.0,5.6
2024-09-16T21:00,27.0,61,79,0.0,8.6
2024-09-16T22:00,26.9,61,98,0.0,11.0
2024-09-16T23:00,27.1,63,97,0.0,13.8
2024-09-17T00:00,26.9,67,71,0.0,13.0
2024-09-17T01:00,26.2,69,62,0.0,14.2
2024-09-17T02:00,25.8,71,95,0.0,15.2
2024-09-17T03:00,25.6,72,64,0.0,15.6
2024-09-17T04:00,25.0,76,87,0.0,15.2
2024-09-17T05:00,24.7,78,19,0.0,15.7
2024-09-17T06:00,26.1,72,78,2.0,17.8
2024-09-17T07:00,26.4,72,4,87.0,18.8
2024-09-17T08:00,28.1,66,13,369.0,18.4
2024-09-17T09:00,29.7,59,23,597.0,18.9
2024-09-17T10:00,31.3,53,62,759.0,18.3
2024-09-17T11:00,32.5,48,81,875.0,17.2
2024-09-17T12:00,32.8,46,26,824.0,16.3
2024-09-17T13:00,33.6,43,52,864.0,17.4
2024-09-17T14:00,33.8,42,27,778.0,18.7
2024-09-17T15:00,33.2,45,28,589.0,19.2
2024-09-17T16:00,32.9,47,10,405.0,16.9
2024-09-17T17:00,32.0,50,7,216.0,16.2
2024-09-17T18:00,29.9,56,22,30.0,6.8
2024-09-17T19:00,28.4,65,46,0.0,5.7
2024-09-17T20:00,27.6,70,9,0.0,4.8
2024-09-17T21:00,27.2,70,11,0.0,5.9
2024-09-17T22:00,26.5,73,57,0.0,6.0
2024-09-17T23:00,26.3,72,60,0.0,7.1
2024-09-18T00:00,26.1,72,39,0.0,7.6
2024-09-18T01:00,25.9,71,26,0.0,13.4
2024-09-18T02:00,25.4,73,19,0.0,15.0
2024-09-18T03:00,25.0,75,29,0.0,16.0
2024-09-18T04:00,24.5,76,60,0.0,18.7
2024-09-18T05:00,24.5,77,66,0.0,15.9
2024-09-18T06:00,23.9,85,87,4.0,15.3
2024-09-18T07:00,24.6,84,100,96.0,15.0
2024-09-18T08:00,24.7,85,100,105.0,13.6
2024-09-18T09:00,24.9,87,100,138.0,10.7
2024-09-18T10:00,27.4,69,100,228.0,10.9
2024-09-18T11:00,29.6,56,77,390.0,10.7
2024-09-18T12:00,31.2,52,46,616.0,10.9
2024-09-18T13:00,32.7,47,71,881.0,10.4
2024-09-18T14:00,32.6,46,36,678.0,11.1
2024-09-18T15:00,32.5,46,18,595.0,11.5
2024-09-18T16:00,32.2,46,8,427.0,10.2
2024-09-18T17:00,31.5,47,14,211.0,9.0
2024-09-18T18:00,29.0,59,12,32.0,7.5
2024-09-18T19:00,28.2,59,43,0.0,5.5
2024-09-18T20:00,27.8,60,28,0.0,4.7
2024-09-18T21:00,27.9,61,26,0.0,5.5
2024-09-18T22:00,26.8,67,41,0.0,6.4
2024-09-18T23:00,27.8,60,6,0.0,3.6
2024-09-19T00:00,25.6,71,2,0.0,4.0
2024-09-19T01:00,25.3,71,11,0.0,7.1
2024-09-19T02:00,25.5,67,35,0.0,13.0
2024-09-19T03:00,25.4,64,13,0.0,15.1
2024-09-19T04:00,24.7,68,5,0.0,14.4
2024-09-19T05:00,24.2,72,4,0.0,13.6
2024-09-19T06:00,24.8,70,5,6.0,13.2
2024-09-19T07:00,25.9,68,1,140.0,13.9
2024-09-19T08:00,27.8,62,0,372.0,14.0
2024-09-19T09:00,29.8,55,1,600.0,13.3
2024-09-19T10:00,31.8,47,12,782.0,11.1
2024-09-19T11:00,32.9,42,17,860.0,9.7
2024-09-19T12:00,33.6,39,40,910.0,8.6
2024-09-19T13:00,34.2,38,48,894.0,8.9
2024-09-19T14:00,34.4,36,51,810.0,10.0
2024-09-19T15:00,34.1,35,83,645.0,9.3
2024-09-19T16:00,33.4,38,15,370.0,9.5
2024-09-19T17:00,32.7,39,22,213.0,8.1
2024-09-19T18:00,31.4,43,6,31.0,4.5
2024-09-19T19:00,30.8,45,64,0.0,3.5
2024-09-19T20:00,28.5,54,65,0.0,4.3
2024-09-19T21:00,27.4,59,39,0.0,8.5
2024-09-19T22:00,27.4,60,17,0.0,7.6
2024-09-19T23:00,26.8,62,100,0.0,3.6
2024-09-20T00:00,26.5,61,100,0.0,12.5
2024-09-20T01:00,26.6,61,99,0.0,15.8
2024-09-20T02:00,26.6,64,100,0.0,15.5
2024-09-20T03:00,26.0,68,100,0.0,15.8
2024-09-20T04:00,25.5,72,53,0.0,15.5
2024-09-20T05:00,25.1,74,7,0.0,15.6
2024-09-20T06:00,25.3,75,35,6.0,16.9
2024-09-20T07:00,26.4,70,95,134.0,17.8
2024-09-20T08:00,28.2,63,50,340.0,17.3
2024-09-20T09:00,30.4,55,5,587.0,16.5
2024-09-20T10:00,32.3,48,100,781.0,15.0
2024-09-20T11:00,33.3,44,100,710.0,13.7
2024-09-20T12:00,34.2,41,100,736.0,13.6
2024-09-20T13:00,33.7,41,100,538.0,12.7
2024-09-20T14:00,33.7,42,100,448.0,11.7
2024-09-20T15:00,34.4,41,100,514.0,11.9
2024-09-20T16:00,34.3,40,91,404.0,12.4
2024-09-20T17:00,33.4,41,57,188.0,12.2
2024-09-20T18:00,31.4,44,100,28.0,6.3
2024-09-20T19:00,29.6,53,100,0.0,7.7
2024-09-20T20:00,29.5,53,99,0.0,6.0
2024-09-20T21:00,29.3,54,100,0.0,5.5
2024-09-20T22:00,29.6,54,100,0.0,5.0
2024-09-20T23:00,29.4,55,99,0.0,5.8
2024-09-21T00:00,28.4,61,100,0.0,5.2
2024-09-21T01:00,27.9,61,100,0.0,3.6
2024-09-21T02:00,27.4,67,100,0.0,4.7
2024-09-21T03:00,26.6,71,100,0.0,4.7
2024-09-21T04:00,26.4,70,100,0.0,11.1
2024-09-21T05:00,26.2,71,100,0.0,12.3
2024-09-21T06:00,26.5,70,100,5.0,15.0
2024-09-21T07:00,27.0,69,100,77.0,18.0
2024-09-21T08:00,28.1,64,95,187.0,19.9
2024-09-21T09:00,29.9,56,64,370.0,19.2
2024-09-21T10:00,31.6,51,63,612.0,17.8
2024-09-21T11:00,33.1,47,97,778.0,16.3
2024-09-21T12:00,34.4,44,100,821.0,15.6
2024-09-21T13:00,27.4,77,100,269.0,21.6
2024-09-21T14:00,26.2,87,100,299.0,11.6
2024-09-21T15:00,28.0,76,100,308.0,7.2
2024-09-21T16:00,28.6,71,100,247.0,8.0
2024-09-21T17:00,28.4,69,100,114.0,8.6
2024-09-21T18:00,27.1,77,100,13.0,4.0
2024-09-21T19:00,26.6,78,100,0.0,3.9
2024-09-21T20:00,26.8,77,86,0.0,4.7
2024-09-21T21:00,26.9,74,66,0.0,8.2
2024-09-21T22:00,26.4,75,59,0.0,8.8
2024-09-21T23:00,26.1,77,85,0.0,9.4
2024-09-22T00:00,25.8,77,100,0.0,11.2
2024-09-22T01:00,25.8,77,100,0.0,12.7
2024-09-22T02:00,25.5,78,100,0.0,13.7
2024-09-22T03:00,24.6,83,100,0.0,12.1
2024-09-22T04:00,23.4,92,100,0.0,16.6
2024-09-22T05:00,23.4,93,100,0.0,10.7
2024-09-22T06:00,24.8,87,24,6.0,13.9
2024-09-22T07:00,26.1,77,74,126.0,14.8
2024-09-22T08:00,27.3,72,52,282.0,18.9
2024-09-22T09:00,29.0,64,98,471.0,17.8
2024-09-22T10:00,30.3,58,97,544.0,16.8
2024-09-22T11:00,31.1,55,34,543.0,15.8
2024-09-22T12:00,32.7,51,93,830.0,14.9
2024-09-22T13:00,33.1,49,61,791.0,15.0
2024-09-22T14:00,33.5,48,15,743.0,13.2
2024-09-22T15:00,33.5,48,27,630.0,10.9
2024-09-22T16:00,32.8,49,80,416.0,10.3
2024-09-22T17:00,32.0,51,97,198.0,8.9
2024-09-22T18:00,29.5,63,26,27.0,7.6
2024-09-22T19:00,28.7,65,46,0.0,5.6
2024-09-22T20:00,28.6,66,47,0.0,5.1
2024-09-22T21:00,27.9,70,16,0.0,6.1
2024-09-22T22:00,26.3,76,99,0.0,19.8
2024-09-22T23:00,25.2,84,74,0.0,15.5
2024-09-23T00:00,24.7,87,94,0.0,11.9
2024-09-23T01:00,24.5,88,90,0.0,12.7
2024-09-23T02:00,24.1,92,86,0.0,13.0
2024-09-23T03:00,24.2,92,85,0.0,9.4
2024-09-23T04:00,24.1,93,95,0.0,10.3
2024-09-23T05:00,23.9,94,97,0.0,6.6
2024-09-23T06:00,24.9,88,93,5.0,7.9
2024-09-23T07:00,26.3,80,100,108.0,15.6
2024-09-23T08:00,27.5,74,100,229.0,13.2
2024-09-23T09:00,28.6,70,100,319.0,11.2
2024-09-23T10:00,29.4,67,99,339.0,9.7
2024-09-23T11:00,31.2,60,100,625.0,11.7
2024-09-23T12:00,32.7,55,97,728.0,12.5
2024-09-23T13:00,33.8,51,100,883.0,11.5
2024-09-23T14:00,34.0,50,98,710.0,12.5
2024-09-23T15:00,33.6,50,100,509.0,11.1
2024-09-23T16:00,33.4,51,98,283.0,9.0
2024-09-23T17:00,30.0,63,86,128.0,6.8
2024-09-23T18:00,29.0,67,83,14.0,7.8
2024-09-23T19:00,28.1,73,79,0.0,4.5
2024-09-23T20:00,27.8,74,99,0.0,5.1
2024-09-23T21:00,26.7,81,100,0.0,4.7
2024-09-23T22:00,25.7,89,100,0.0,12.8
2024-09-23T23:00,24.3,91,100,0.0,11.5
2024-09-24T00:00,24.5,90,100,0.0,10.5
2024-09-24T01:00,24.3,92,100,0.0,5.6
2024-09-24T02:00,24.5,92,100,0.0,9.3
2024-09-24T03:00,24.5,92,100,0.0,8.9
2024-09-24T04:00,24.3,94,100,0.0,6.7
2024-09-24T05:00,24.3,93,100,0.0,7.4
2024-09-24T06:00,24.9,83,100,4.0,12.2
2024-09-24T07:00,25.6,80,100,57.0,14.2
2024-09-24T08:00,26.9,76,100,235.0,13.3
2024-09-24T09:00,27.8,71,100,245.0,14.5
2024-09-24T10:00,28.5,67,100,308.0,13.8
2024-09-24T11:00,29.3,66,100,427.0,11.5
2024-09-24T12:00,30.3,62,100,490.0,13.0
2024-09-24T13:00,30.9,59,100,550.0,12.3
2024-09-24T14:00,31.0,60,100,520.0,11.1
2024-09-24T15:00,31.0,61,100,434.0,10.4
2024-09-24T16:00,30.4,62,100,311.0,10.6
2024-09-24T17:00,29.8,65,100,145.0,9.7
2024-09-24T18:00,28.6,71,100,21.0,6.7
2024-09-24T19:00,28.1,73,99,0.0,8.2
2024-09-24T20:00,26.6,79,96,0.0,7.2
2024-09-24T21:00,26.2,81,100,0.0,11.5
2024-09-24T22:00,25.7,81,100,0.0,12.2
2024-09-24T23:00,25.0,86,100,0.0,14.4
2024-09-25T00:00,24.7,90,100,0.0,12.9
2024-09-25T01:00,24.4,94,100,0.0,7.1
2024-09-25T02:00,24.7,92,100,0.0,11.3
2024-09-25T03:00,24.5,91,100,0.0,11.6
2024-09-25T04:00,24.2,92,100,0.0,10.9
2024-09-25T05:00,23.9,94,100,0.0,13.4
2024-09-25T06:00,24.9,90,100,2.0,11.5
2024-09-25T07:00,25.6,87,100,56.0,12.5
2024-09-25T08:00,26.8,80,100,204.0,16.5
2024-09-25T09:00,28.6,70,100,422.0,22.0
2024-09-25T10:00,30.4,62,100,678.0,21.7
2024-09-25T11:00,31.4,57,56,752.0,19.4
2024-09-25T12:00,32.3,53,78,873.0,19.2
2024-09-25T13:00,33.1,53,100,819.0,16.9
2024-09-25T14:00,33.5,51,100,788.0,18.2
2024-09-25T15:00,29.9,66,100,340.0,26.3
2024-09-25T16:00,27.2,82,100,184.0,18.7
2024-09-25T17:00,28.4,75,100,90.0,14.6
2024-09-25T18:00,27.1,77,100,17.0,16.6
2024-09-25T19:00,26.8,77,100,0.0,13.7
2024-09-25T20:00,27.1,76,100,0.0,14.1
2024-09-25T21:00,26.9,74,100,0.0,14.3
2024-09-25T22:00,26.6,74,100,0.0,13.4
2024-09-25T23:00,26.3,74,100,0.0,15.6
2024-09-26T00:00,26.0,75,100,0.0,15.6
2024-09-26T01:00,25.8,75,100,0.0,14.7
2024-09-26T02:00,25.4,76,100,0.0,14.6
2024-09-26T03:00,25.2,77,100,0.0,15.6
2024-09-26T04:00,24.8,78,100,0.0,16.4
2024-09-26T05:00,24.5,79,100,0.0,17.0
2024-09-26T06:00,25.1,77,100,5.0,16.0
2024-09-26T07:00,26.0,74,100,105.0,14.6
2024-09-26T08:00,27.4,68,100,262.0,19.0
2024-09-26T09:00,29.1,62,100,445.0,19.7
2024-09-26T10:00,29.7,61,100,431.0,17.7
2024-09-26T11:00,30.3,59,100,463.0,16.4
2024-09-26T12:00,31.6,55,100,686.0,16.1
2024-09-26T13:00,32.4,53,100,749.0,16.4
2024-09-26T14:00,33.1,50,100,729.0,16.3
2024-09-26T15:00,33.2,48,100,563.0,16.5
2024-09-26T16:00,32.8,47,100,379.0,13.8
2024-09-26T17:00,31.5,55,100,120.0,5.0
2024-09-26T18:00,29.2,64,100,21.0,6.8
2024-09-26T19:00,28.2,65,100,0.0,6.5
2024-09-26T20:00,28.7,58,100,0.0,10.1
2024-09-26T21:00,28.3,61,100,0.0,10.1
2024-09-26T22:00,27.8,64,100,0.0,8.3
2024-09-26T23:00,27.7,65,100,0.0,11.3
2024-09-27T00:00,27.4,66,100,0.0,12.2
2024-09-27T01:00,26.9,69,100,0.0,12.6
2024-09-27T02:00,26.6,71,100,0.0,14.2
2024-09-27T03:00,25.9,74,100,0.0,14.5
2024-09-27T04:00,25.3,77,100,0.0,13.8
2024-09-27T05:00,24.9,80,100,0.0,14.3
2024-09-27T06:00,25.5,77,100,5.0,14.1
2024-09-27T07:00,26.5,74,100,94.0,13.6
2024-09-27T08:00,27.6,70,100,239.0,13.0
2024-09-27T09:00,29.6,61,100,460.0,15.8
2024-09-27T10:00,30.5,58,100,475.0,13.1
2024-09-27T11:00,31.1,56,100,512.0,11.8
2024-09-27T12:00,31.8,54,100,658.0,11.1
2024-09-27T13:00,32.2,53,100,635.0,10.0
2024-09-27T14:00,32.8,52,100,627.0,8.9
2024-09-27T15:00,32.8,52,100,456.0,7.6
2024-09-27T16:00,32.2,53,100,265.0,6.9
2024-09-27T17:00,31.5,61,100,122.0,2.5
2024-09-27T18:00,28.8,72,100,15.0,2.6
2024-09-27T19:00,27.8,73,78,0.0,2.9
2024-09-27T20:00,25.4,88,53,0.0,11.6
2024-09-27T21:00,25.1,89,30,0.0,11.4
2024-09-27T22:00,24.8,90,67,0.0,9.3
2024-09-27T23:00,24.7,92,62,0.0,6.4
2024-09-28T00:00,24.4,92,88,0.0,6.9
2024-09-28T01:00,24.3,92,92,0.0,8.1
2024-09-28T02:00,24.2,92,94,0.0,5.8
2024-09-28T03:00,24.1,92,72,0.0,4.8
2024-09-28T04:00,24.0,92,92,0.0,5.6
2024-09-28T05:00,23.9,93,84,0.0,5.9
2024-09-28T06:00,25.0,86,92,5.0,5.9
2024-09-28T07:00,26.1,81,70,115.0,6.9
2024-09-28T08:00,27.5,73,62,333.0,8.4
2024-09-28T09:00,28.7,67,100,457.0,6.3
2024-09-28T10:00,29.4,63,82,479.0,6.7
2024-09-28T11:00,30.7,60,56,750.0,6.0
2024-09-28T12:00,31.5,57,43,813.0,5.7
2024-09-28T13:00,32.0,54,52,759.0,4.7
2024-09-28T14:00,32.1,55,69,726.0,3.5
2024-09-28T15:00,32.0,56,67,598.0,4.3
2024-09-28T16:00,31.7,55,67,382.0,3.7
2024-09-28T17:00,30.7,61,66,150.0,5.0
2024-09-28T18:00,29.2,63,18,19.0,6.2
2024-09-28T19:00,28.4,67,20,0.0,5.8
2024-09-28T20:00,27.5,73,18,0.0,5.0
2024-09-28T21:00,26.9,77,36,0.0,4.8
2024-09-28T22:00,26.3,81,43,0.0,4.9
2024-09-28T23:00,26.3,80,58,0.0,8.0
2024-09-29T00:00,26.0,82,93,0.0,11.1
2024-09-29T01:00,25.5,84,85,0.0,11.8
2024-09-29T02:00,25.0,86,100,0.0,10.1
2024-09-29T03:00,24.8,88,96,0.0,9.6
2024-09-29T04:00,24.6,90,97,0.0,7.0
2024-09-29T05:00,24.5,91,73,0.0,6.2
2024-09-29T06:00,26.1,82,83,5.0,4.1
2024-09-29T07:00,26.8,78,88,105.0,3.4
2024-09-29T08:00,27.4,76,48,241.0,6.3
2024-09-29T09:00,28.9,68,81,542.0,9.8
2024-09-29T10:00,30.1,62,62,691.0,7.9
2024-09-29T11:00,31.0,60,75,749.0,6.6
2024-09-29T12:00,32.0,57,33,852.0,6.0
2024-09-29T13:00,32.6,56,14,874.0,6.7
2024-09-29T14:00,32.5,57,14,739.0,7.2
2024-09-29T15:00,32.3,57,26,585.0,6.6
2024-09-29T16:00,31.2,60,49,371.0,8.4
2024-09-29T17:00,30.3,65,53,154.0,6.3
2024-09-29T18:00,29.5,68,34,15.0,11.2
2024-09-29T19:00,28.6,72,41,0.0,8.9
2024-09-29T20:00,28.0,73,24,0.0,6.1
2024-09-29T21:00,27.8,74,12,0.0,10.4
2024-09-29T22:00,27.2,75,6,0.0,8.2
2024-09-29T23:00,26.5,79,11,0.0,5.2
2024-09-30T00:00,25.0,88,81,0.0,6.4
2024-09-30T01:00,24.7,89,58,0.0,4.0
2024-09-30T02:00,24.5,89,50,0.0,3.6
2024-09-30T03:00,24.4,88,36,0.0,2.2
2024-09-30T04:00,24.4,88,8,0.0,1.5
2024-09-30T05:00,23.4,96,3,0.0,3.7
2024-09-30T06:00,25.7,84,6,5.0,3.1
2024-09-30T07:00,26.8,78,2,129.0,4.6
2024-09-30T08:00,28.2,71,0,355.0,4.7
2024-09-30T09:00,29.6,65,20,580.0,5.5
2024-09-30T10:00,30.6,60,13,715.0,4.2
2024-09-30T11:00,31.7,56,13,837.0,5.0
2024-09-30T12:00,32.5,53,21,878.0,6.6
2024-09-30T13:00,32.9,51,21,846.0,8.7
2024-09-30T14:00,32.9,51,16,748.0,7.7
2024-09-30T15:00,32.9,50,18,588.0,7.0
2024-09-30T16:00,32.5,51,18,391.0,6.8
2024-09-30T17:00,31.6,58,11,174.0,3.6
2024-09-30T18:00,30.5,60,8,17.0,4.3
2024-09-30T19:00,28.7,70,4,0.0,6.3
2024-09-30T20:00,28.2,72,5,0.0,4.7
2024-09-30T21:00,27.8,72,5,0.0,3.1
2024-09-30T22:00,28.5,67,4,0.0,4.7
2024-09-30T23:00,26.8,75,14,0.0,6.1
2024-10-01T00:00,26.3,78,3,0.0,4.7
2024-10-01T01:00,25.6,81,0,0.0,5.2
2024-10-01T02:00,25.9,74,9,0.0,8.3
2024-10-01T03:00,25.2,76,10,0.0,5.4
2024-10-01T04:00,24.8,79,39,0.0,5.2
2024-10-01T05:00,24.2,84,24,0.0,5.8
2024-10-01T06:00,25.8,78,26,5.0,3.4
2024-10-01T07:00,27.0,74,1,134.0,3.6
2024-10-01T08:00,28.5,70,0,362.0,5.9
2024-10-01T09:00,30.0,64,0,585.0,6.5
2024-10-01T10:00,31.3,58,0,766.0,5.9
2024-10-01T11:00,32.4,54,0,887.0,5.2
2024-10-01T12:00,33.1,51,46,924.0,4.7
2024-10-01T13:00,33.4,50,34,847.0,4.2
2024-10-01T14:00,33.7,48,11,784.0,4.1
2024-10-01T15:00,33.6,48,23,611.0,4.1
2024-10-01T16:00,33.3,48,22,400.0,4.1
2024-10-01T17:00,32.2,57,14,172.0,2.2
2024-10-01T18:00,29.8,59,13,16.0,5.2
2024-10-01T19:00,29.3,63,13,0.0,5.1
2024-10-01T20:00,30.7,51,7,0.0,1.4
2024-10-01T21:00,30.7,50,96,0.0,3.2
2024-10-01T22:00,27.8,68,68,0.0,7.2
2024-10-01T23:00,26.9,75,48,0.0,5.4
2024-10-02T00:00,27.2,74,94,0.0,4.2
2024-10-02T01:00,26.6,76,93,0.0,7.0
2024-10-02T02:00,26.9,72,99,0.0,4.4
2024-10-02T03:00,25.8,75,54,0.0,9.2
2024-10-02T04:00,25.3,79,80,0.0,5.4
2024-10-02T05:00,25.4,76,30,0.0,8.1
2024-10-02T06:00,26.1,78,82,5.0,1.9
2024-10-02T07:00,27.7,71,24,134.0,1.4
2024-10-02T08:00,29.6,61,99,362.0,0.2
2024-10-02T09:00,31.0,57,82,584.0,3.1
2024-10-02T10:00,32.4,53,19,763.0,3.5
2024-10-02T11:00,33.6,49,90,881.0,3.7
2024-10-02T12:00,34.5,47,88,908.0,6.9
2024-10-02T13:00,35.2,45,11,896.0,8.0
2024-10-02T14:00,35.4,44,72,782.0,8.6
2024-10-02T15:00,34.5,46,88,529.0,7.1
2024-10-02T16:00,33.3,50,100,295.0,4.5
2024-10-02T17:00,32.3,53,87,167.0,7.2
2024-10-02T18:00,30.6,63,100,15.0,6.5
2024-10-02T19:00,30.0,64,100,0.0,5.3
2024-10-02T20:00,29.4,63,100,0.0,16.4
2024-10-02T21:00,26.5,78,100,0.0,17.1
2024-10-02T22:00,25.3,85,100,0.0,13.9
2024-10-02T23:00,24.3,88,100,0.0,10.5
2024-10-03T00:00,24.3,89,100,0.0,10.0
2024-10-03T01:00,24.2,92,100,0.0,9.5
2024-10-03T02:00,24.2,92,100,0.0,8.9
2024-10-03T03:00,24.1,92,100,0.0,8.8
2024-10-03T04:00,24.2,91,100,0.0,9.3
2024-10-03T05:00,24.3,90,100,0.0,10.1
2024-10-03T06:00,24.9,86,100,4.0,10.2
2024-10-03T07:00,26.2,80,88,101.0,13.0
2024-10-03T08:00,28.4,72,96,345.0,16.0
2024-10-03T09:00,30.3,63,100,552.0,17.5
2024-10-03T10:00,32.2,55,100,642.0,18.6
2024-10-03T11:00,33.7,50,100,790.0,15.8
2024-10-03T12:00,34.5,47,100,822.0,15.6
2024-10-03T13:00,31.0,60,100,592.0,15.4
2024-10-03T14:00,32.8,53,100,523.0,13.5
2024-10-03T15:00,33.0,53,100,480.0,11.8
2024-10-03T16:00,32.9,53,100,300.0,9.3
2024-10-03T17:00,29.6,67,100,70.0,10.5
2024-10-03T18:00,26.6,82,100,5.0,6.7
2024-10-03T19:00,26.8,81,100,0.0,4.4
2024-10-03T20:00,26.9,82,94,0.0,6.5
2024-10-03T21:00,26.8,83,100,0.0,5.4
2024-10-03T22:00,26.2,87,100,0.0,3.3
2024-10-03T23:00,26.0,89,100,0.0,4.8
2024-10-04T00:00,25.8,90,100,0.0,5.2
2024-10-04T01:00,25.7,90,97,0.0,6.1
2024-10-04T02:00,25.6,88,100,0.0,8.3
2024-10-04T03:00,25.5,83,100,0.0,8.5
2024-10-04T04:00,25.1,83,100,0.0,8.6
2024-10-04T05:00,24.9,84,99,0.0,8.5
2024-10-04T06:00,24.9,85,100,4.0,9.4
2024-10-04T07:00,25.9,82,100,81.0,8.8
2024-10-04T08:00,27.7,75,100,255.0,11.8
2024-10-04T09:00,29.7,65,100,462.0,15.6
2024-10-04T10:00,31.0,60,99,558.0,12.4
2024-10-04T11:00,32.5,55,99,817.0,9.9
2024-10-04T12:00,33.2,52,100,802.0,8.4
2024-10-04T13:00,33.8,49,100,701.0,8.8
2024-10-04T14:00,32.9,49,100,359.0,6.3
2024-10-04T15:00,27.3,86,100,213.0,10.4
2024-10-04T16:00,27.7,81,100,123.0,8.1
2024-10-04T17:00,28.2,78,100,117.0,6.7
2024-10-04T18:00,28.0,69,100,11.0,4.7
2024-10-04T19:00,27.5,72,88,0.0,6.1
2024-10-04T20:00,26.8,75,6,0.0,6.0
2024-10-04T21:00,26.4,77,14,0.0,5.0
2024-10-04T22:00,26.1,79,80,0.0,6.3
2024-10-04T23:00,26.2,79,58,0.0,8.1
2024-10-05T00:00,25.9,81,27,0.0,10.2
2024-10-05T01:00,25.6,84,12,0.0,12.4
2024-10-05T02:00,25.3,84,11,0.0,11.7
2024-10-05T03:00,24.6,85,71,0.0,12.1
2024-10-05T04:00,23.5,94,99,0.0,10.6
2024-10-05T05:00,23.5,92,35,0.0,9.8
2024-10-05T06:00,24.3,83,97,4.0,12.6
2024-10-05T07:00,25.3,79,100,108.0,12.0
2024-10-05T08:00,26.3,76,100,224.0,13.9
2024-10-05T09:00,27.8,69,100,417.0,11.1
2024-10-05T10:00,29.7,63,99,689.0,8.5
2024-10-05T11:00,31.2,58,98,826.0,8.5
2024-10-05T12:00,32.0,56,55,843.0,7.0
2024-10-05T13:00,32.7,54,85,844.0,7.4
2024-10-05T14:00,32.9,52,89,633.0,7.6
2024-10-05T15:00,28.1,74,57,443.0,14.0
2024-10-05T16:00,30.1,63,9,322.0,6.1
2024-10-05T17:00,29.7,64,7,166.0,5.4
2024-10-05T18:00,27.8,71,100,13.0,4.3
2024-10-05T19:00,27.6,73,100,0.0,5.8
2024-10-05T20:00,27.2,75,82,0.0,5.2
2024-10-05T21:00,26.4,79,38,0.0,4.0
2024-10-05T22:00,25.7,84,49,0.0,4.1
2024-10-05T23:00,25.3,84,34,0.0,3.7
2024-10-06T00:00,25.5,82,18,0.0,6.0
2024-10-06T01:00,25.2,83,83,0.0,6.7
2024-10-06T02:00,24.7,87,20,0.0,8.1
2024-10-06T03:00,24.4,89,100,0.0,7.6
2024-10-06T04:00,24.1,90,100,0.0,6.7
2024-10-06T05:00,23.8,91,100,0.0,5.6
2024-10-06T06:00,24.6,89,100,5.0,6.4
2024-10-06T07:00,26.1,81,100,119.0,6.9
2024-10-06T08:00,27.9,73,100,334.0,5.8
2024-10-06T09:00,29.6,65,100,542.0,1.1
2024-10-06T10:00,30.8,58,100,643.0,1.7
2024-10-06T11:00,32.2,52,100,791.0,2.2
2024-10-06T12:00,33.5,48,99,893.0,1.9
2024-10-06T13:00,34.4,45,17,881.0,1.9
2024-10-06T14:00,34.4,44,33,764.0,5.7
2024-10-06T15:00,33.1,46,43,539.0,10.3
2024-10-06T16:00,32.0,49,53,308.0,12.2
2024-10-06T17:00,30.7,57,50,131.0,10.3
2024-10-06T18:00,29.1,63,99,13.0,4.9
2024-10-06T19:00,28.0,69,100,0.0,4.6
2024-10-06T20:00,27.5,74,98,0.0,5.1
2024-10-06T21:00,27.1,78,87,0.0,5.2
2024-10-06T22:00,27.4,76,24,0.0,6.5
2024-10-06T23:00,26.5,79,20,0.0,4.5
2024-10-07T00:00,26.3,76,35,0.0,6.5
2024-10-07T01:00,26.4,71,85,0.0,9.6
2024-10-07T02:00,25.9,76,61,0.0,8.1
2024-10-07T03:00,25.7,79,25,0.0,8.0
2024-10-07T04:00,25.0,84,12,0.0,6.1
2024-10-07T05:00,24.2,90,1,0.0,4.6
2024-10-07T06:00,25.2,86,0,5.0,4.0
2024-10-07T07:00,26.5,81,6,130.0,6.0
2024-10-07T08:00,28.3,69,12,355.0,7.9
2024-10-07T09:00,30.0,58,15,552.0,8.8
2024-10-07T10:00,31.4,50,17,722.0,9.9
2024-10-07T11:00,32.4,48,15,789.0,8.3
2024-10-07T12:00,33.3,45,32,886.0,8.5
2024-10-07T13:00,33.4,45,32,796.0,9.6
2024-10-07T14:00,33.9,44,21,705.0,10.6
2024-10-07T15:00,33.9,42,20,549.0,13.1
2024-10-07T16:00,33.2,42,84,361.0,16.5
2024-10-07T17:00,30.2,56,55,113.0,11.8
2024-10-07T18:00,30.4,52,89,8.0,15.2
2024-10-07T19:00,29.3,58,50,0.0,10.9
2024-10-07T20:00,28.4,64,33,0.0,12.9
2024-10-07T21:00,27.8,68,21,0.0,12.4
2024-10-07T22:00,27.3,71,13,0.0,11.4
2024-10-07T23:00,26.7,74,10,0.0,10.8
2024-10-08T00:00,26.2,76,14,0.0,9.3
2024-10-08T01:00,25.7,80,11,0.0,7.7
2024-10-08T02:00,25.1,83,5,0.0,5.8
2024-10-08T03:00,24.5,88,1,0.0,4.3
2024-10-08T04:00,24.1,91,17,0.0,4.0
2024-10-08T05:00,23.8,93,21,0.0,3.5
2024-10-08T06:00,25.1,86,94,5.0,4.4
2024-10-08T07:00,26.4,79,62,122.0,5.3
2024-10-08T08:00,27.9,71,28,316.0,5.8
2024-10-08T09:00,29.6,63,59,533.0,7.3
2024-10-08T10:00,30.9,57,99,650.0,8.1
2024-10-08T11:00,32.1,52,99,780.0,8.0
2024-10-08T12:00,33.1,48,94,851.0,7.8
2024-10-08T13:00,33.6,48,99,775.0,7.6
2024-10-08T14:00,34.2,46,90,724.0,8.3
2024-10-08T15:00,34.1,44,99,497.0,9.7
2024-10-08T16:00,33.2,45,100,248.0,11.3
2024-10-08T17:00,30.1,58,95,80.0,18.8
2024-10-08T18:00,30.6,52,96,11.0,14.2
2024-10-08T19:00,29.8,56,75,0.0,15.5
2024-10-08T20:00,28.6,63,100,0.0,17.5
2024-10-08T21:00,28.0,68,78,0.0,14.9
2024-10-08T22:00,27.5,72,82,0.0,15.1
2024-10-08T23:00,27.0,76,99,0.0,12.7
2024-10-09T00:00,26.6,78,100,0.0,11.8
2024-10-09T01:00,26.1,82,100,0.0,8.6
2024-10-09T02:00,24.9,89,100,0.0,8.2
2024-10-09T03:00,24.8,90,100,0.0,5.9
2024-10-09T04:00,24.3,92,94,0.0,4.3
2024-10-09T05:00,24.1,93,35,0.0,2.9
2024-10-09T06:00,24.9,89,88,4.0,3.6
2024-10-09T07:00,26.1,82,75,119.0,6.7
2024-10-09T08:00,27.7,73,28,345.0,8.5
2024-10-09T09:00,29.1,66,22,498.0,9.8
2024-10-09T10:00,30.6,58,76,657.0,12.7
2024-10-09T11:00,31.7,56,90,770.0,11.8
2024-10-09T12:00,33.1,51,92,863.0,11.3
2024-10-09T13:00,33.6,47,100,733.0,11.1
2024-10-09T14:00,32.3,49,100,241.0,15.7
2024-10-09T15:00,29.5,63,99,412.0,13.2
2024-10-09T16:00,30.9,59,100,325.0,11.5
2024-10-09T17:00,28.5,71,100,143.0,12.9
2024-10-09T18:00,27.6,73,100,10.0,9.7
2024-10-09T19:00,26.7,77,100,0.0,10.8
2024-10-09T20:00,26.5,77,100,0.0,8.9
2024-10-09T21:00,26.6,77,100,0.0,10.8
2024-10-09T22:00,26.1,80,99,0.0,10.8
2024-10-09T23:00,25.8,82,81,0.0,11.1
2024-10-10T00:00,25.4,84,77,0.0,9.5
2024-10-10T01:00,25.2,86,32,0.0,7.6
2024-10-10T02:00,24.3,90,100,0.0,5.8
2024-10-10T03:00,23.8,93,96,0.0,9.1
2024-10-10T04:00,23.7,91,22,0.0,6.9
2024-10-10T05:00,23.4,92,51,0.0,6.5
2024-10-10T06:00,24.5,91,38,5.0,11.3
2024-10-10T07:00,25.7,84,21,120.0,11.7
2024-10-10T08:00,27.4,73,38,320.0,11.8
2024-10-10T09:00,28.9,66,31,484.0,12.9
2024-10-10T10:00,30.4,59,95,659.0,11.8
2024-10-10T11:00,31.1,56,33,675.0,12.6
2024-10-10T12:00,32.5,52,100,822.0,14.0
2024-10-10T13:00,31.7,53,65,567.0,16.1
2024-10-10T14:00,30.1,62,79,500.0,18.1
2024-10-10T15:00,29.9,64,79,446.0,15.7
2024-10-10T16:00,29.2,64,93,286.0,14.5
2024-10-10T17:00,27.3,75,100,115.0,13.3
2024-10-10T18:00,28.1,63,92,10.0,12.6
2024-10-10T19:00,27.5,67,100,0.0,11.3
2024-10-10T20:00,27.0,71,98,0.0,10.8
2024-10-10T21:00,26.4,74,99,0.0,10.3
2024-10-10T22:00,25.8,79,81,0.0,7.7
2024-10-10T23:00,25.3,83,98,0.0,7.4
2024-10-11T00:00,24.9,87,93,0.0,8.0
2024-10-11T01:00,24.6,89,67,0.0,7.6
2024-10-11T02:00,24.5,89,71,0.0,8.6
2024-10-11T03:00,24.5,89,74,0.0,11.2
2024-10-11T04:00,24.3,91,34,0.0,8.0
2024-10-11T05:00,23.9,92,100,0.0,9.8
2024-10-11T06:00,23.9,94,100,4.0,10.5
2024-10-11T07:00,25.0,87,100,101.0,11.5
2024-10-11T08:00,26.1,81,100,267.0,12.8
2024-10-11T09:00,27.6,73,100,462.0,12.6
2024-10-11T10:00,28.7,68,99,525.0,12.4
2024-10-11T11:00,30.2,61,100,766.0,13.1
2024-10-11T12:00,30.8,58,100,702.0,12.9
2024-10-11T13:00,31.8,56,19,817.0,11.4
2024-10-11T14:00,32.1,54,17,718.0,11.0
2024-10-11T15:00,32.1,53,15,555.0,13.0
2024-10-11T16:00,31.3,54,25,368.0,16.9
2024-10-11T17:00,29.2,64,74,137.0,16.1
2024-10-11T18:00,29.1,62,97,10.0,12.1
2024-10-11T19:00,28.5,64,69,0.0,13.6
2024-10-11T20:00,28.1,67,74,0.0,13.1
2024-10-11T21:00,25.9,83,98,0.0,9.6
2024-10-11T22:00,24.8,89,97,0.0,9.5
2024-10-11T23:00,24.0,93,98,0.0,10.5
2024-10-12T00:00,24.0,94,99,0.0,6.7
2024-10-12T01:00,24.0,95,100,0.0,6.3
2024-10-12T02:00,23.7,96,99,0.0,5.3
2024-10-12T03:00,24.0,90,100,0.0,7.3
2024-10-12T04:00,24.1,93,100,0.0,6.9
2024-10-12T05:00,23.9,96,100,0.0,7.5
2024-10-12T06:00,25.0,91,95,4.0,6.8
2024-10-12T07:00,26.1,84,100,108.0,8.1
2024-10-12T08:00,27.1,79,100,262.0,11.0
2024-10-12T09:00,27.7,75,100,304.0,11.9
2024-10-12T10:00,28.5,72,100,481.0,13.1
2024-10-12T11:00,29.5,67,100,659.0,13.5
2024-10-12T12:00,30.2,66,100,735.0,12.7
2024-10-12T13:00,31.3,62,100,714.0,11.8
2024-10-12T14:00,31.8,58,100,675.0,11.8
2024-10-12T15:00,32.0,56,100,525.0,13.1
2024-10-12T16:00,29.8,63,98,289.0,17.5
2024-10-12T17:00,28.5,72,92,93.0,8.5
2024-10-12T18:00,28.1,69,100,9.0,7.9
2024-10-12T19:00,27.3,73,98,0.0,5.2
2024-10-12T20:00,27.2,72,98,0.0,8.8
2024-10-12T21:00,27.2,72,85,0.0,11.4
2024-10-12T22:00,26.3,77,57,0.0,8.3
2024-10-12T23:00,24.8,86,43,0.0,11.6
2024-10-13T00:00,24.4,89,49,0.0,5.9
2024-10-13T01:00,24.4,91,33,0.0,8.6
2024-10-13T02:00,24.1,93,19,0.0,6.7
2024-10-13T03:00,23.8,94,10,0.0,6.9
2024-10-13T04:00,23.5,96,16,0.0,6.2
2024-10-13T05:00,23.4,96,18,0.0,5.9
2024-10-13T06:00,24.3,90,61,4.0,9.3
2024-10-13T07:00,25.4,85,73,113.0,11.2
2024-10-13T08:00,27.2,75,100,317.0,12.3
2024-10-13T09:00,28.3,70,27,370.0,12.3
2024-10-13T10:00,29.9,62,38,673.0,13.7
2024-10-13T11:00,31.0,58,91,810.0,13.5
2024-10-13T12:00,31.7,57,25,759.0,13.4
2024-10-13T13:00,32.4,55,12,801.0,12.7
2024-10-13T14:00,32.8,53,21,737.0,12.3
2024-10-13T15:00,32.6,53,19,534.0,12.8
2024-10-13T16:00,32.1,54,22,345.0,14.2
2024-10-13T17:00,30.2,61,49,132.0,13.7
2024-10-13T18:00,29.6,59,93,7.0,14.2
2024-10-13T19:00,29.0,62,100,0.0,13.1
2024-10-13T20:00,28.3,66,100,0.0,13.0
2024-10-13T21:00,27.5,70,100,0.0,10.2
2024-10-13T22:00,26.7,74,45,0.0,8.7
2024-10-13T23:00,26.1,78,16,0.0,8.0
2024-10-14T00:00,25.4,82,35,0.0,6.0
2024-10-14T01:00,24.9,85,100,0.0,5.3
2024-10-14T02:00,24.4,89,99,0.0,4.2
2024-10-14T03:00,24.2,91,99,0.0,4.8
2024-10-14T04:00,24.1,91,100,0.0,4.0
2024-10-14T05:00,23.9,92,100,0.0,3.7
2024-10-14T06:00,25.1,84,100,2.0,2.8
2024-10-14T07:00,25.0,89,100,18.0,1.3
2024-10-14T08:00,25.1,85,100,31.0,5.3
2024-10-14T09:00,25.8,84,100,175.0,5.8
2024-10-14T10:00,25.7,87,100,195.0,6.8
2024-10-14T11:00,25.8,85,100,241.0,9.6
2024-10-14T12:00,26.7,77,100,298.0,10.8
2024-10-14T13:00,27.7,74,100,477.0,11.2
2024-10-14T14:00,27.9,72,100,365.0,11.3
2024-10-14T15:00,28.7,69,100,371.0,12.4
2024-10-14T16:00,25.4,88,100,58.0,11.4
2024-10-14T17:00,25.1,92,100,48.0,8.3
2024-10-14T18:00,25.6,83,100,3.0,3.6
2024-10-14T19:00,25.2,88,100,0.0,2.2
2024-10-14T20:00,25.0,89,100,0.0,3.9
2024-10-14T21:00,24.8,93,100,0.0,4.6
2024-10-14T22:00,24.7,94,100,0.0,2.6
2024-10-14T23:00,24.6,95,100,0.0,1.5
2024-10-15T00:00,23.8,96,100,0.0,6.0
2024-10-15T01:00,24.0,95,100,0.0,3.9
2024-10-15T02:00,23.9,96,100,0.0,3.4
2024-10-15T03:00,23.8,96,100,0.0,6.6
2024-10-15T04:00,23.8,96,100,0.0,4.6
2024-10-15T05:00,23.2,98,100,0.0,8.3
2024-10-15T06:00,23.7,96,100,1.0,3.5
2024-10-15T07:00,24.0,96,100,15.0,2.4
2024-10-15T08:00,24.0,95,100,50.0,5.6
2024-10-15T09:00,24.3,93,100,81.0,5.4
2024-10-15T10:00,24.7,92,100,143.0,6.2
2024-10-15T11:00,24.7,92,100,179.0,7.5
2024-10-15T12:00,24.9,91,100,163.0,6.2
2024-10-15T13:00,25.3,90,100,231.0,9.1
2024-10-15T14:00,26.1,85,100,248.0,8.5
2024-10-15T15:00,26.0,85,100,135.0,8.1
2024-10-15T16:00,26.0,84,99,207.0,9.2
2024-10-15T17:00,25.3,88,76,86.0,5.0
2024-10-15T18:00,24.4,93,100,4.0,5.2
2024-10-15T19:00,23.7,96,100,0.0,4.3
2024-10-15T20:00,23.8,96,100,0.0,3.6
2024-10-15T21:00,23.9,95,100,0.0,1.7
2024-10-15T22:00,23.7,97,100,0.0,2.2
2024-10-15T23:00,23.6,97,100,0.0,2.3
2024-10-16T00:00,23.5,98,100,0.0,4.4
2024-10-16T01:00,23.4,98,100,0.0,6.5
2024-10-16T02:00,23.5,97,100,0.0,6.3
2024-10-16T03:00,23.5,95,100,0.0,6.1
2024-10-16T04:00,23.3,96,100,0.0,3.7
2024-10-16T05:00,23.1,97,100,0.0,3.6
2024-10-16T06:00,23.6,97,100,0.0,4.4
2024-10-16T07:00,23.6,97,100,7.0,5.3
2024-10-16T08:00,23.5,98,100,15.0,7.0
2024-10-16T09:00,23.6,97,100,35.0,4.2
2024-10-16T10:00,23.4,98,100,26.0,4.4
2024-10-16T11:00,23.7,97,100,84.0,4.1
2024-10-16T12:00,23.9,96,100,92.0,4.7
2024-10-16T13:00,23.9,97,100,99.0,6.4
2024-10-16T14:00,24.7,92,100,201.0,8.8
2024-10-16T15:00,25.6,85,100,220.0,10.1
2024-10-16T16:00,25.2,90,100,92.0,8.6
2024-10-16T17:00,25.0,90,100,54.0,8.0
2024-10-16T18:00,24.7,92,100,2.0,3.4
2024-10-16T19:00,24.3,95,100,0.0,4.0
2024-10-16T20:00,23.9,95,100,0.0,5.0
2024-10-16T21:00,23.5,96,100,0.0,3.8
2024-10-16T22:00,23.1,97,100,0.0,3.5
2024-10-16T23:00,23.0,98,100,0.0,3.8
2024-10-17T00:00,23.1,97,100,0.0,4.5
2024-10-17T01:00,22.9,98,100,0.0,1.9
2024-10-17T02:00,23.0,97,100,0.0,3.0
2024-10-17T03:00,23.1,96,100,0.0,4.0
2024-10-17T04:00,23.1,96,100,0.0,2.8
2024-10-17T05:00,23.2,96,100,0.0,3.9
2024-10-17T06:00,24.2,95,100,3.0,6.4
2024-10-17T07:00,24.9,91,99,66.0,9.4
2024-10-17T08:00,25.9,86,100,278.0,8.5
2024-10-17T09:00,26.8,83,100,334.0,9.1
2024-10-17T10:00,25.9,89,100,201.0,12.6
2024-10-17T11:00,26.9,86,100,380.0,9.0
2024-10-17T12:00,26.4,88,100,337.0,8.9
2024-10-17T13:00,26.4,83,96,337.0,9.7
2024-10-17T14:00,28.2,77,95,543.0,4.7
2024-10-17T15:00,28.7,75,81,509.0,5.3
2024-10-17T16:00,28.6,76,91,308.0,6.1
2024-10-17T17:00,27.5,81,98,113.0,6.4
2024-10-17T18:00,26.0,88,100,7.0,3.7
2024-10-17T19:00,25.6,92,100,0.0,4.0
2024-10-17T20:00,24.8,95,100,0.0,4.3
2024-10-17T21:00,24.2,97,100,0.0,6.0
2024-10-17T22:00,24.1,96,100,0.0,7.0
2024-10-17T23:00,24.0,94,100,0.0,4.6
2024-10-18T00:00,23.5,96,100,0.0,3.9
2024-10-18T01:00,23.7,95,100,0.0,2.7
2024-10-18T02:00,23.7,95,100,0.0,5.3
2024-10-18T03:00,23.6,97,100,0.0,3.9
2024-10-18T04:00,23.6,96,100,0.0,3.1
2024-10-18T05:00,23.5,96,100,0.0,3.3
2024-10-18T06:00,24.3,93,100,2.0,3.2
2024-10-18T07:00,25.0,89,94,64.0,6.0
2024-10-18T08:00,26.0,88,62,237.0,5.9
2024-10-18T09:00,27.3,81,100,392.0,7.0
2024-10-18T10:00,29.0,73,100,589.0,7.9
2024-10-18T11:00,29.0,71,100,357.0,7.9
2024-10-18T12:00,29.3,68,100,313.0,8.0
2024-10-18T13:00,29.2,70,96,305.0,8.6
2024-10-18T14:00,29.2,71,99,485.0,12.8
2024-10-18T15:00,26.5,81,97,236.0,11.2
2024-10-18T16:00,27.0,80,75,303.0,7.8
2024-10-18T17:00,26.7,82,99,116.0,5.1
2024-10-18T18:00,25.8,90,99,5.0,1.5
2024-10-18T19:00,25.0,93,100,0.0,2.2
2024-10-18T20:00,24.6,95,100,0.0,3.1
2024-10-18T21:00,24.3,96,100,0.0,6.1
2024-10-18T22:00,23.6,98,100,0.0,2.8
2024-10-18T23:00,23.7,94,100,0.0,3.9
2024-10-19T00:00,23.1,97,98,0.0,3.7
2024-10-19T01:00,22.8,98,99,0.0,4.1
2024-10-19T02:00,22.6,98,100,0.0,4.2
2024-10-19T03:00,23.1,97,100,0.0,2.2
2024-10-19T04:00,23.5,95,100,0.0,2.3
2024-10-19T05:00,23.5,96,100,0.0,2.7
2024-10-19T06:00,23.8,96,93,3.0,4.7
2024-10-19T07:00,25.0,90,97,105.0,3.9
2024-10-19T08:00,26.4,85,100,286.0,3.4
2024-10-19T09:00,27.7,78,100,505.0,5.3
2024-10-19T10:00,28.4,75,100,538.0,6.2
2024-10-19T11:00,29.6,69,100,793.0,4.9
2024-10-19T12:00,26.6,81,100,412.0,16.7
2024-10-19T13:00,26.0,83,100,228.0,4.4
2024-10-19T14:00,28.1,75,100,554.0,5.9
2024-10-19T15:00,27.6,75,100,314.0,10.9
2024-10-19T16:00,27.0,79,100,163.0,7.4
2024-10-19T17:00,26.5,81,100,94.0,5.1
2024-10-19T18:00,25.6,88,100,6.0,4.5
2024-10-19T19:00,25.5,89,100,0.0,3.5
2024-10-19T20:00,24.9,92,100,0.0,3.4
2024-10-19T21:00,24.8,93,100,0.0,4.6
2024-10-19T22:00,24.8,91,81,0.0,5.5
2024-10-19T23:00,24.1,93,66,0.0,8.1
2024-10-20T00:00,23.7,95,84,0.0,2.9
2024-10-20T01:00,23.2,97,99,0.0,4.8
2024-10-20T02:00,23.2,97,99,0.0,4.4
2024-10-20T03:00,22.7,98,97,0.0,2.0
2024-10-20T04:00,22.9,98,100,0.0,2.6
2024-10-20T05:00,23.4,96,100,0.0,2.4
2024-10-20T06:00,23.7,91,98,3.0,2.9
2024-10-20T07:00,24.5,90,99,103.0,3.3
2024-10-20T08:00,25.6,87,100,241.0,6.1
2024-10-20T09:00,27.1,80,100,436.0,6.8
2024-10-20T10:00,28.3,73,100,631.0,6.4
2024-10-20T11:00,28.5,72,100,595.0,7.1
2024-10-20T12:00,29.6,67,95,696.0,7.6
2024-10-20T13:00,29.9,69,76,708.0,8.7
2024-10-20T14:00,30.0,68,96,627.0,10.4
2024-10-20T15:00,28.6,74,100,430.0,11.8
2024-10-20T16:00,24.8,88,100,68.0,7.7
2024-10-20T17:00,25.6,88,100,68.0,5.7
2024-10-20T18:00,25.4,87,56,5.0,5.4
2024-10-20T19:00,25.4,87,44,0.0,6.3
2024-10-20T20:00,25.2,89,72,0.0,6.8
2024-10-20T21:00,24.7,91,21,0.0,5.7
2024-10-20T22:00,24.3,93,10,0.0,5.1
2024-10-20T23:00,23.9,94,13,0.0,4.8
2024-10-21T00:00,23.8,94,11,0.0,5.2
2024-10-21T01:00,23.2,97,15,0.0,5.4
2024-10-21T02:00,23.7,96,35,0.0,2.3
2024-10-21T03:00,23.6,96,44,0.0,0.7
2024-10-21T04:00,22.8,98,46,0.0,0.7
2024-10-21T05:00,22.3,99,45,0.0,2.7
2024-10-21T06:00,24.1,94,51,3.0,3.6
2024-10-21T07:00,24.9,91,100,104.0,4.3
2024-10-21T08:00,26.1,83,92,215.0,7.9
2024-10-21T09:00,27.5,76,77,460.0,10.1
2024-10-21T10:00,28.7,71,40,669.0,11.1
2024-10-21T11:00,29.4,67,28,678.0,9.8
2024-10-21T12:00,30.1,65,57,766.0,8.8
2024-10-21T13:00,30.6,66,100,807.0,8.0
2024-10-21T14:00,30.9,64,68,720.0,7.5
2024-10-21T15:00,29.3,68,100,465.0,11.3
2024-10-21T16:00,26.2,80,100,228.0,14.0
2024-10-21T17:00,25.9,84,59,71.0,3.8
2024-10-21T18:00,26.3,83,100,5.0,6.0
2024-10-21T19:00,25.7,86,91,0.0,5.4
2024-10-21T20:00,24.0,94,100,0.0,11.6
2024-10-21T21:00,23.5,95,98,0.0,6.8
2024-10-21T22:00,22.4,96,100,0.0,6.1
2024-10-21T23:00,22.6,95,99,0.0,4.4
2024-10-22T00:00,22.4,97,99,0.0,4.2
2024-10-22T01:00,22.0,98,100,0.0,2.9
2024-10-22T02:00,22.6,97,100,0.0,5.5
2024-10-22T03:00,22.9,97,100,0.0,5.4
2024-10-22T04:00,23.1,96,24,0.0,2.9
2024-10-22T05:00,23.0,96,27,0.0,2.0
2024-10-22T06:00,23.2,94,3,3.0,1.5
2024-10-22T07:00,24.4,88,22,116.0,3.8
2024-10-22T08:00,26.0,80,100,332.0,6.1
2024-10-22T09:00,26.8,76,100,297.0,6.1
2024-10-22T10:00,27.8,72,100,447.0,4.4
2024-10-22T11:00,29.0,67,88,646.0,3.9
2024-10-22T12:00,29.5,64,96,632.0,2.2
2024-10-22T13:00,30.5,61,91,829.0,2.4
2024-10-22T14:00,31.0,61,5,717.0,3.5
2024-10-22T15:00,30.8,62,2,550.0,5.3
2024-10-22T16:00,29.3,67,59,339.0,8.2
2024-10-22T17:00,28.2,75,88,92.0,8.1
2024-10-22T18:00,27.4,76,100,5.0,11.0
2024-10-22T19:00,25.9,80,94,0.0,7.9
2024-10-22T20:00,25.5,81,90,0.0,7.9
2024-10-22T21:00,25.4,83,76,0.0,8.2
2024-10-22T22:00,25.0,86,93,0.0,5.9
2024-10-22T23:00,24.2,91,97,0.0,4.8
2024-10-23T00:00,24.1,90,92,0.0,4.3
2024-10-23T01:00,23.6,93,100,0.0,4.7
2024-10-23T02:00,23.3,95,98,0.0,6.1
2024-10-23T03:00,22.9,96,100,0.0,3.6
2024-10-23T04:00,22.7,97,98,0.0,4.0
2024-10-23T05:00,22.5,97,100,0.0,4.5
2024-10-23T06:00,23.9,94,95,4.0,5.1
2024-10-23T07:00,25.2,89,100,116.0,5.0
2024-10-23T08:00,26.8,80,54,324.0,5.2
2024-10-23T09:00,28.1,74,96,505.0,4.5
2024-10-23T10:00,29.2,68,11,690.0,6.9
2024-10-23T11:00,30.2,63,20,786.0,9.4
2024-10-23T12:00,30.8,60,13,815.0,10.4
2024-10-23T13:00,31.2,59,12,786.0,9.1
2024-10-23T14:00,31.4,58,7,687.0,8.8
2024-10-23T15:00,30.3,63,35,538.0,10.2
2024-10-23T16:00,29.2,68,59,302.0,8.8
2024-10-23T17:00,26.5,81,59,90.0,9.4
2024-10-23T18:00,26.7,82,100,5.0,5.6
2024-10-23T19:00,26.1,86,100,0.0,6.6
2024-10-23T20:00,26.5,81,100,0.0,5.1
2024-10-23T21:00,25.4,86,100,0.0,7.1
2024-10-23T22:00,25.2,87,100,0.0,5.4
2024-10-23T23:00,24.7,91,100,0.0,4.8
2024-10-24T00:00,24.1,94,100,0.0,7.1
2024-10-24T01:00,23.6,95,100,0.0,8.5
2024-10-24T02:00,23.1,96,100,0.0,9.9
2024-10-24T03:00,22.8,95,100,0.0,9.9
2024-10-24T04:00,22.5,95,100,0.0,10.1
2024-10-24T05:00,22.3,94,100,0.0,11.3
2024-10-24T06:00,22.9,92,100,3.0,12.7
2024-10-24T07:00,24.0,88,100,106.0,10.4
2024-10-24T08:00,25.9,80,100,309.0,8.8
2024-10-24T09:00,27.8,71,98,536.0,7.9
2024-10-24T10:00,29.1,62,100,689.0,6.0
2024-10-24T11:00,30.0,56,99,752.0,6.8
2024-10-24T12:00,30.6,52,100,766.0,6.8
2024-10-24T13:00,31.0,49,84,742.0,7.3
2024-10-24T14:00,31.1,49,45,685.0,9.0
2024-10-24T15:00,30.7,51,77,541.0,7.9
2024-10-24T16:00,30.3,53,100,348.0,4.4
2024-10-24T17:00,29.6,56,100,114.0,0.2
2024-10-24T18:00,27.8,59,100,4.0,6.8
2024-10-24T19:00,27.3,59,100,0.0,6.0
2024-10-24T20:00,25.4,69,100,0.0,5.2
2024-10-24T21:00,25.1,72,100,0.0,6.2
2024-10-24T22:00,24.8,73,100,0.0,7.9
2024-10-24T23:00,24.3,72,100,0.0,7.7
2024-10-25T00:00,23.4,75,100,0.0,5.7
2024-10-25T01:00,22.5,79,9,0.0,5.9
2024-10-25T02:00,22.0,82,63,0.0,6.0
2024-10-25T03:00,21.6,85,14,0.0,7.0
2024-10-25T04:00,21.2,88,30,0.0,6.6
2024-10-25T05:00,21.0,89,0,0.0,5.9
2024-10-25T06:00,22.5,83,83,3.0,8.6
2024-10-25T07:00,24.3,80,6,122.0,8.3
2024-10-25T08:00,26.6,70,49,345.0,6.4
2024-10-25T09:00,28.3,62,57,560.0,5.3
2024-10-25T10:00,29.4,59,95,734.0,6.4
2024-10-25T11:00,29.5,55,25,549.0,7.4
2024-10-25T12:00,30.5,51,34,800.0,7.3
2024-10-25T13:00,31.0,47,16,742.0,6.3
2024-10-25T14:00,31.7,44,26,674.0,7.2
2024-10-25T15:00,31.5,42,14,528.0,11.4
2024-10-25T16:00,30.6,48,3,334.0,9.2
2024-10-25T17:00,28.0,66,26,127.0,6.9
2024-10-25T18:00,26.1,66,100,4.0,8.1
2024-10-25T19:00,25.6,63,96,0.0,6.6
2024-10-25T20:00,24.5,67,100,0.0,9.1
2024-10-25T21:00,23.7,70,100,0.0,8.1
2024-10-25T22:00,23.7,68,100,0.0,6.1
2024-10-25T23:00,24.0,65,98,0.0,8.1
2024-10-26T00:00,24.1,62,68,0.0,10.4
2024-10-26T01:00,23.5,62,35,0.0,7.8
2024-10-26T02:00,21.8,73,100,0.0,9.6
2024-10-26T03:00,21.5,74,94,0.0,9.5
2024-10-26T04:00,21.2,77,50,0.0,8.4
2024-10-26T05:00,20.8,78,57,0.0,5.6
2024-10-26T06:00,22.2,81,99,3.0,5.8
2024-10-26T07:00,24.4,71,100,116.0,2.6
2024-10-26T08:00,26.1,66,99,329.0,2.4
2024-10-26T09:00,27.7,62,75,559.0,3.8
2024-10-26T10:00,29.5,57,62,741.0,5.5
2024-10-26T11:00,31.0,45,83,845.0,10.5
2024-10-26T12:00,31.6,43,34,889.0,10.3
2024-10-26T13:00,31.9,42,31,836.0,10.5
2024-10-26T14:00,31.1,45,26,646.0,12.0
2024-10-26T15:00,30.8,46,39,502.0,10.5
2024-10-26T16:00,30.6,48,62,328.0,7.1
2024-10-26T17:00,28.4,61,24,118.0,5.8
2024-10-26T18:00,28.6,55,26,4.0,5.8
2024-10-26T19:00,25.8,71,42,0.0,6.9
2024-10-26T20:00,25.4,69,50,0.0,6.2
2024-10-26T21:00,25.0,67,7,0.0,5.9
2024-10-26T22:00,24.6,68,11,0.0,8.9
2024-10-26T23:00,23.9,72,11,0.0,7.9
2024-10-27T00:00,23.7,73,1,0.0,9.1
2024-10-27T01:00,23.4,74,17,0.0,8.9
2024-10-27T02:00,23.0,76,13,0.0,7.8
2024-10-27T03:00,22.5,79,65,0.0,5.9
2024-10-27T04:00,22.2,81,68,0.0,6.1
2024-10-27T05:00,21.9,83,35,0.0,6.7
2024-10-27T06:00,24.0,76,65,3.0,6.4
2024-10-27T07:00,25.5,73,94,93.0,6.6
2024-10-27T08:00,26.8,68,42,247.0,6.3
2024-10-27T09:00,28.4,64,49,479.0,3.5
2024-10-27T10:00,29.7,59,10,636.0,2.0
2024-10-27T11:00,31.0,47,20,793.0,6.7
2024-10-27T12:00,31.4,43,11,780.0,10.8
2024-10-27T13:00,31.8,42,6,795.0,10.3
2024-10-27T14:00,32.1,40,20,696.0,9.0
2024-10-27T15:00,32.0,40,29,499.0,7.7
2024-10-27T16:00,31.3,46,15,299.0,6.1
2024-10-27T17:00,28.7,62,35,112.0,6.2
2024-10-27T18:00,27.2,63,27,4.0,3.5
2024-10-27T19:00,25.7,69,21,0.0,5.0
2024-10-27T20:00,25.2,69,5,0.0,3.9
2024-10-27T21:00,24.1,71,3,0.0,4.6
2024-10-27T22:00,24.1,69,2,0.0,6.5
2024-10-27T23:00,23.7,71,3,0.0,6.8
2024-10-28T00:00,23.1,74,2,0.0,7.6
2024-10-28T01:00,22.5,77,2,0.0,7.0
2024-10-28T02:00,21.3,85,1,0.0,5.5
2024-10-28T03:00,20.6,89,0,0.0,5.5
2024-10-28T04:00,20.6,88,0,0.0,5.2
2024-10-28T05:00,20.4,88,0,0.0,5.7
2024-10-28T06:00,22.0,82,0,3.0,8.9
2024-10-28T07:00,23.5,79,0,120.0,8.0
2024-10-28T08:00,25.6,72,0,343.0,7.6
2024-10-28T09:00,27.7,65,0,560.0,7.2
2024-10-28T10:00,29.6,57,0,734.0,7.5
2024-10-28T11:00,31.0,46,12,847.0,5.0
2024-10-28T12:00,31.6,43,10,831.0,3.8
2024-10-28T13:00,31.9,42,5,812.0,4.4
2024-10-28T14:00,32.1,42,34,716.0,5.3
2024-10-28T15:00,31.8,41,32,510.0,6.3
2024-10-28T16:00,31.0,46,9,317.0,7.4
2024-10-28T17:00,28.5,60,8,111.0,5.4
2024-10-28T18:00,26.9,63,29,3.0,7.8
2024-10-28T19:00,28.5,50,55,0.0,2.8
2024-10-28T20:00,29.1,45,78,0.0,2.5
2024-10-28T21:00,26.2,58,55,0.0,4.2
2024-10-28T22:00,25.6,58,17,0.0,7.4
2024-10-28T23:00,24.9,63,95,0.0,7.7
2024-10-29T00:00,24.1,70,21,0.0,7.5
2024-10-29T01:00,23.6,74,7,0.0,7.6
2024-10-29T02:00,22.5,82,2,0.0,7.3
2024-10-29T03:00,22.4,81,12,0.0,4.2
2024-10-29T04:00,22.3,82,5,0.0,6.7
2024-10-29T05:00,21.8,85,0,0.0,7.6
2024-10-29T06:00,23.5,78,2,3.0,8.6
2024-10-29T07:00,25.0,75,0,115.0,8.6
2024-10-29T08:00,26.9,69,0,332.0,8.0
2024-10-29T09:00,28.6,64,0,546.0,8.2
2024-10-29T10:00,30.2,57,14,717.0,7.5
2024-10-29T11:00,31.2,50,8,792.0,7.3
2024-10-29T12:00,31.9,47,8,833.0,6.3
2024-10-29T13:00,32.2,46,6,808.0,5.8
2024-10-29T14:00,32.3,46,7,694.0,5.6
2024-10-29T15:00,32.1,46,6,531.0,5.5
2024-10-29T16:00,31.6,47,5,327.0,4.5
2024-10-29T17:00,29.6,69,6,116.0,5.0
2024-10-29T18:00,28.8,59,3,3.0,4.7
2024-10-29T19:00,29.1,55,3,0.0,1.0
2024-10-29T20:00,26.5,70,6,0.0,2.9
2024-10-29T21:00,26.1,71,8,0.0,2.2
2024-10-29T22:00,25.4,74,8,0.0,3.2
2024-10-29T23:00,25.0,74,3,0.0,4.2
2024-10-30T00:00,24.0,81,4,0.0,5.1
2024-10-30T01:00,23.7,81,2,0.0,3.3
2024-10-30T02:00,23.0,87,8,0.0,3.6
2024-10-30T03:00,23.1,85,16,0.0,3.1
2024-10-30T04:00,23.2,83,0,0.0,2.6
2024-10-30T05:00,22.7,86,0,0.0,3.3
2024-10-30T06:00,24.8,80,24,2.0,2.2
2024-10-30T07:00,26.0,76,6,103.0,0.8
2024-10-30T08:00,27.8,67,2,319.0,2.1
2024-10-30T09:00,29.5,62,0,540.0,1.4
2024-10-30T10:00,30.9,54,13,715.0,1.5
2024-10-30T11:00,31.6,51,9,785.0,1.1
2024-10-30T12:00,32.3,48,5,805.0,1.8
2024-10-30T13:00,32.6,47,9,802.0,2.7
2024-10-30T14:00,32.6,47,15,651.0,4.6
2024-10-30T15:00,32.4,46,18,509.0,5.0
2024-10-30T16:00,31.8,47,11,310.0,5.8
2024-10-30T17:00,30.0,57,11,111.0,4.7
2024-10-30T18:00,28.5,62,12,3.0,6.5
2024-10-30T19:00,27.4,65,20,0.0,6.9
2024-10-30T20:00,28.0,61,17,0.0,5.6
2024-10-30T21:00,27.4,61,37,0.0,6.9
2024-10-30T22:00,27.4,64,12,0.0,12.1
2024-10-30T23:00,26.5,72,10,0.0,12.5
2024-10-31T00:00,25.8,76,5,0.0,9.2
2024-10-31T01:00,25.1,81,10,0.0,6.6
2024-10-31T02:00,24.6,84,17,0.0,6.0
2024-10-31T03:00,24.2,88,7,0.0,4.9
2024-10-31T04:00,23.5,92,0,0.0,6.2
2024-10-31T05:00,23.6,92,2,0.0,4.6
2024-10-31T06:00,24.7,88,0,2.0,3.3
2024-10-31T07:00,26.0,81,2,110.0,6.4
2024-10-31T08:00,27.6,73,6,322.0,8.3
2024-10-31T09:00,29.1,66,13,533.0,6.8
2024-10-31T10:00,30.3,62,22,673.0,5.9
2024-10-31T11:00,31.3,58,26,760.0,5.8
2024-10-31T12:00,32.0,54,100,760.0,5.6
2024-10-31T13:00,31.3,55,78,388.0,5.0
2024-10-31T14:00,28.5,68,95,562.0,17.2
2024-10-31T15:00,28.5,67,95,333.0,7.7
2024-10-31T16:00,28.8,65,74,271.0,10.1
2024-10-31T17:00,27.7,69,62,85.0,7.7
2024-10-31T18:00,26.6,77,44,3.0,6.2
2024-10-31T19:00,26.0,79,20,0.0,6.2
2024-10-31T20:00,26.3,77,9,0.0,7.2
2024-10-31T21:00,26.1,77,5,0.0,8.8
2024-10-31T22:00,25.6,78,5,0.0,9.3
2024-10-31T23:00,25.2,81,2,0.0,8.4
2024-11-01T00:00,24.6,85,5,0.0,6.5
2024-11-01T01:00,24.1,89,6,0.0,4.9
2024-11-01T02:00,23.8,91,7,0.0,4.6
2024-11-01T03:00,23.3,94,0,0.0,5.0
2024-11-01T04:00,22.9,96,0,0.0,5.5
2024-11-01T05:00,22.7,97,0,0.0,5.4
2024-11-01T06:00,24.1,90,0,2.0,3.6
2024-11-01T07:00,25.4,85,1,110.0,4.5
2024-11-01T08:00,27.0,76,16,325.0,8.3
2024-11-01T09:00,28.5,67,8,514.0,7.2
2024-11-01T10:00,30.0,57,8,690.0,6.5
2024-11-01T11:00,31.1,52,13,796.0,6.1
2024-11-01T12:00,31.9,47,20,795.0,6.9
2024-11-01T13:00,32.2,46,25,751.0,8.5
2024-11-01T14:00,32.3,46,22,640.0,11.0
2024-11-01T15:00,31.9,46,13,499.0,12.1
2024-11-01T16:00,31.5,47,8,311.0,11.3
2024-11-01T17:00,30.3,50,10,107.0,7.9
2024-11-01T18:00,27.7,61,14,3.0,7.5
2024-11-01T19:00,27.3,61,24,0.0,5.9
2024-11-01T20:00,27.1,65,12,0.0,9.1
2024-11-01T21:00,26.5,68,1,0.0,8.0
2024-11-01T22:00,25.4,75,0,0.0,6.2
2024-11-01T23:00,24.7,81,0,0.0,5.9
2024-11-02T00:00,24.1,84,0,0.0,5.5
2024-11-02T01:00,23.6,88,0,0.0,5.1
2024-11-02T02:00,23.0,91,0,0.0,5.4
2024-11-02T03:00,22.4,94,0,0.0,6.7
2024-11-02T04:00,22.7,92,0,0.0,5.4
2024-11-02T05:00,22.9,92,0,0.0,4.3
2024-11-02T06:00,23.3,93,0,2.0,1.9
2024-11-02T07:00,24.7,83,0,111.0,2.8
2024-11-02T08:00,26.5,73,0,327.0,4.0
2024-11-02T09:00,28.3,63,0,542.0,5.4
2024-11-02T10:00,30.0,55,1,716.0,6.9
2024-11-02T11:00,31.2,50,4,824.0,7.8
2024-11-02T12:00,32.0,46,22,858.0,8.1
2024-11-02T13:00,32.3,44,27,747.0,7.4
2024-11-02T14:00,32.4,43,27,611.0,8.4
2024-11-02T15:00,32.5,42,13,491.0,10.4
2024-11-02T16:00,32.2,43,18,320.0,10.5
2024-11-02T17:00,31.0,45,79,102.0,10.4
2024-11-02T18:00,28.4,53,79,3.0,6.2
2024-11-02T19:00,28.3,56,88,0.0,9.9
2024-11-02T20:00,27.2,68,63,0.0,11.0
2024-11-02T21:00,26.5,72,79,0.0,11.1
2024-11-02T22:00,25.9,76,0,0.0,9.5
2024-11-02T23:00,25.3,79,0,0.0,9.1
2024-11-03T00:00,24.6,82,0,0.0,8.1
2024-11-03T01:00,23.7,88,0,0.0,5.4
2024-11-03T02:00,22.9,93,0,0.0,5.2
2024-11-03T03:00,22.9,92,0,0.0,5.2
2024-11-03T04:00,23.1,92,0,0.0,4.0
2024-11-03T05:00,22.8,94,3,0.0,3.4
2024-11-03T06:00,22.9,95,0,2.0,2.6
2024-11-03T07:00,24.6,86,0,111.0,3.8
2024-11-03T08:00,26.4,75,16,327.0,5.4
2024-11-03T09:00,28.2,66,9,527.0,6.1
2024-11-03T10:00,29.9,56,25,693.0,8.6
2024-11-03T11:00,30.7,52,28,726.0,9.5
2024-11-03T12:00,31.7,48,42,761.0,11.1
2024-11-03T13:00,31.8,48,38,639.0,13.0
2024-11-03T14:00,31.6,50,33,534.0,12.4
2024-11-03T15:00,32.0,50,28,461.0,13.3
2024-11-03T16:00,29.7,58,66,291.0,15.6
2024-11-03T17:00,29.0,61,70,96.0,8.8
2024-11-03T18:00,28.8,53,13,2.0,9.0
2024-11-03T19:00,28.1,58,16,0.0,9.7
2024-11-03T20:00,27.4,64,12,0.0,11.6
2024-11-03T21:00,26.7,68,13,0.0,10.5
2024-11-03T22:00,26.2,70,19,0.0,9.7
2024-11-03T23:00,25.8,73,5,0.0,9.6
2024-11-04T00:00,25.1,77,13,0.0,7.2
2024-11-04T01:00,24.6,80,18,0.0,5.7
2024-11-04T02:00,23.9,84,11,0.0,4.8
2024-11-04T03:00,23.4,87,15,0.0,4.3
2024-11-04T04:00,23.1,89,43,0.0,4.3
2024-11-04T05:00,22.8,91,10,0.0,4.9
2024-11-04T06:00,23.9,88,12,2.0,6.7
2024-11-04T07:00,25.2,83,27,107.0,7.9
2024-11-04T08:00,26.8,73,11,314.0,9.1
2024-11-04T09:00,28.6,60,10,526.0,10.6
2024-11-04T10:00,30.1,52,18,674.0,12.1
2024-11-04T11:00,31.4,47,12,776.0,11.8
2024-11-04T12:00,32.3,43,17,793.0,11.1
2024-11-04T13:00,32.7,41,22,741.0,10.9
2024-11-04T14:00,32.6,41,32,631.0,11.9
2024-11-04T15:00,32.2,41,21,484.0,12.8
2024-11-04T16:00,31.5,43,13,299.0,13.3
2024-11-04T17:00,30.0,48,22,104.0,15.0
2024-11-04T18:00,28.4,55,14,1.0,15.4
2024-11-04T19:00,27.4,61,36,0.0,11.3
2024-11-04T20:00,26.7,63,1,0.0,10.5
2024-11-04T21:00,26.1,65,3,0.0,11.1
2024-11-04T22:00,25.5,67,8,0.0,9.3
2024-11-04T23:00,24.9,70,11,0.0,7.8
2024-11-05T00:00,24.3,73,46,0.0,6.4
2024-11-05T01:00,24.0,75,1,0.0,5.6
2024-11-05T02:00,22.8,81,12,0.0,5.2
2024-11-05T03:00,22.3,85,18,0.0,5.1
2024-11-05T04:00,21.9,88,9,0.0,6.2
2024-11-05T05:00,22.6,84,2,0.0,3.9
2024-11-05T06:00,22.5,93,0,2.0,2.8
2024-11-05T07:00,24.2,82,4,109.0,3.4
2024-11-05T08:00,26.2,72,21,327.0,5.5
2024-11-05T09:00,27.9,60,52,544.0,5.3
2024-11-05T10:00,29.2,54,56,656.0,5.1
2024-11-05T11:00,30.9,47,53,823.0,5.4
2024-11-05T12:00,31.9,41,59,848.0,6.7
2024-11-05T13:00,32.5,38,26,800.0,7.5
2024-11-05T14:00,32.6,37,41,688.0,6.9
2024-11-05T15:00,32.5,36,27,530.0,4.7
2024-11-05T16:00,32.1,35,26,298.0,3.7
2024-11-05T17:00,30.0,50,43,108.0,4.4
2024-11-05T18:00,27.1,56,20,2.0,7.3
2024-11-05T19:00,26.1,54,6,0.0,8.6
2024-11-05T20:00,26.1,51,12,0.0,8.1
2024-11-05T21:00,25.5,49,13,0.0,6.7
2024-11-05T22:00,24.7,53,14,0.0,6.2
2024-11-05T23:00,23.5,61,0,0.0,7.8
2024-11-06T00:00,23.0,63,0,0.0,7.8
2024-11-06T01:00,23.9,57,16,0.0,0.4
2024-11-06T02:00,22.3,65,2,0.0,4.2
2024-11-06T03:00,21.3,70,9,0.0,5.2
2024-11-06T04:00,20.9,72,25,0.0,4.9
2024-11-06T05:00,21.4,69,6,0.0,2.3
2024-11-06T06:00,22.1,75,0,2.0,5.8
2024-11-06T07:00,24.6,65,14,109.0,3.8
2024-11-06T08:00,26.8,57,60,325.0,5.4
2024-11-06T09:00,28.6,52,70,536.0,8.5
2024-11-06T10:00,30.2,46,70,706.0,8.6
2024-11-06T11:00,31.5,41,68,816.0,7.9
2024-11-06T12:00,33.1,36,75,856.0,9.7
2024-11-06T13:00,33.6,35,51,697.0,12.0
2024-11-06T14:00,33.1,36,69,611.0,12.8
2024-11-06T15:00,33.2,35,76,402.0,9.1
2024-11-06T16:00,32.8,37,80,177.0,8.0
2024-11-06T17:00,31.5,40,60,89.0,7.0
2024-11-06T18:00,29.1,44,10,2.0,10.8
2024-11-06T19:00,28.2,49,2,0.0,8.9
2024-11-06T20:00,27.2,52,1,0.0,8.4
2024-11-06T21:00,25.9,57,5,0.0,6.2
2024-11-06T22:00,24.4,66,59,0.0,7.9
2024-11-06T23:00,24.4,66,0,0.0,7.0
2024-11-07T00:00,23.5,73,1,0.0,8.4
2024-11-07T01:00,23.3,80,1,0.0,6.0
2024-11-07T02:00,22.8,86,0,0.0,7.8
2024-11-07T03:00,22.2,90,0,0.0,8.4
2024-11-07T04:00,23.7,83,0,0.0,4.1
2024-11-07T05:00,22.6,88,0,0.0,3.1
2024-11-07T06:00,22.9,90,0,2.0,3.3
2024-11-07T07:00,24.8,78,0,107.0,4.0
2024-11-07T08:00,27.0,67,0,323.0,5.0
2024-11-07T09:00,29.0,57,2,539.0,9.2
2024-11-07T10:00,30.6,48,16,701.0,10.9
2024-11-07T11:00,31.7,43,10,778.0,9.3
2024-11-07T12:00,33.3,38,100,833.0,8.7
2024-11-07T13:00,33.0,38,100,497.0,10.3
2024-11-07T14:00,32.5,39,99,314.0,10.2
2024-11-07T15:00,32.3,40,95,213.0,9.4
2024-11-07T16:00,32.1,41,26,200.0,9.5
2024-11-07T17:00,30.5,46,0,99.0,5.9
2024-11-07T18:00,28.6,48,11,2.0,6.9
2024-11-07T19:00,27.5,52,7,0.0,6.9
2024-11-07T20:00,27.3,58,18,0.0,9.9
2024-11-07T21:00,26.6,64,5,0.0,11.4
2024-11-07T22:00,25.8,69,0,0.0,12.7
2024-11-07T23:00,24.9,74,1,0.0,10.1
2024-11-08T00:00,23.9,81,0,0.0,5.8
2024-11-08T01:00,23.3,85,3,0.0,5.8
2024-11-08T02:00,22.9,89,1,0.0,5.5
2024-11-08T03:00,22.5,91,0,0.0,5.0
2024-11-08T04:00,21.8,95,0,0.0,7.0
2024-11-08T05:00,21.9,93,0,0.0,5.5
2024-11-08T06:00,23.5,92,5,1.0,2.0
2024-11-08T07:00,24.9,83,10,102.0,3.9
2024-11-08T08:00,26.6,73,8,307.0,3.7
2024-11-08T09:00,28.6,63,13,519.0,7.2
2024-11-08T10:00,30.2,54,24,668.0,11.2
2024-11-08T11:00,31.3,49,17,741.0,12.1
2024-11-08T12:00,32.1,45,20,783.0,10.9
2024-11-08T13:00,33.0,42,23,766.0,9.6
2024-11-08T14:00,33.4,39,23,658.0,9.6
2024-11-08T15:00,33.2,38,45,498.0,10.3
2024-11-08T16:00,32.8,38,58,273.0,12.8
2024-11-08T17:00,31.5,42,44,79.0,12.3
2024-11-08T18:00,29.5,47,44,2.0,11.8
2024-11-08T19:00,28.4,56,4,0.0,13.2
2024-11-08T20:00,27.4,61,3,0.0,12.3
2024-11-08T21:00,26.8,63,23,0.0,11.2
2024-11-08T22:00,25.9,68,12,0.0,10.1
2024-11-08T23:00,25.0,74,30,0.0,7.2
2024-11-09T00:00,24.1,80,76,0.0,4.8
2024-11-09T01:00,23.8,83,89,0.0,5.5
2024-11-09T02:00,23.5,86,99,0.0,6.4
2024-11-09T03:00,22.9,90,94,0.0,6.3
2024-11-09T04:00,22.5,93,100,0.0,5.9
2024-11-09T05:00,22.2,95,100,0.0,5.6
2024-11-09T06:00,23.2,92,34,1.0,6.3
2024-11-09T07:00,24.6,85,92,102.0,9.5
2024-11-09T08:00,26.1,78,100,276.0,8.0
2024-11-09T09:00,27.5,71,76,433.0,7.7
2024-11-09T10:00,29.7,59,73,686.0,8.4
2024-11-09T11:00,31.3,49,89,782.0,9.8
2024-11-09T12:00,32.3,42,86,788.0,10.6
2024-11-09T13:00,33.0,37,30,784.0,10.6
2024-11-09T14:00,33.3,36,22,667.0,10.1
2024-11-09T15:00,33.3,36,16,517.0,10.0
2024-11-09T16:00,32.6,37,22,303.0,12.4
2024-11-09T17:00,31.1,40,19,99.0,11.2
2024-11-09T18:00,28.5,50,20,2.0,6.9
2024-11-09T19:00,27.9,51,26,0.0,6.3
2024-11-09T20:00,26.3,60,16,0.0,7.3
2024-11-09T21:00,26.4,57,25,0.0,6.3
2024-11-09T22:00,26.5,59,6,0.0,12.0
2024-11-09T23:00,25.3,71,12,0.0,10.4
2024-11-10T00:00,24.4,78,2,0.0,7.8
2024-11-10T01:00,23.8,83,2,0.0,7.3
2024-11-10T02:00,23.5,86,3,0.0,6.5
2024-11-10T03:00,23.0,90,0,0.0,5.1
2024-11-10T04:00,22.5,92,0,0.0,4.7
2024-11-10T05:00,21.9,94,1,0.0,5.9
2024-11-10T06:00,23.1,90,0,1.0,2.3
2024-11-10T07:00,24.8,81,2,103.0,1.0
2024-11-10T08:00,26.6,72,26,312.0,4.0
2024-11-10T09:00,28.1,64,26,475.0,5.6
2024-11-10T10:00,29.6,56,24,604.0,9.6
2024-11-10T11:00,31.0,49,19,745.0,11.3
2024-11-10T12:00,32.2,43,13,798.0,10.5
2024-11-10T13:00,32.9,40,20,774.0,11.3
2024-11-10T14:00,33.2,37,24,661.0,13.3
2024-11-10T15:00,32.5,36,16,497.0,14.0
2024-11-10T16:00,32.0,37,9,304.0,11.7
2024-11-10T17:00,30.8,39,8,105.0,8.3
2024-11-10T18:00,28.4,48,8,2.0,5.9
2024-11-10T19:00,27.4,51,95,0.0,7.0
2024-11-10T20:00,28.0,46,56,0.0,9.8
2024-11-10T21:00,27.3,45,55,0.0,8.8
2024-11-10T22:00,26.3,47,4,0.0,7.7
2024-11-10T23:00,25.0,57,0,0.0,8.3
2024-11-11T00:00,23.5,76,0,0.0,7.1
2024-11-11T01:00,24.3,74,0,0.0,4.7
2024-11-11T02:00,24.0,76,0,0.0,3.4
2024-11-11T03:00,22.3,84,0,0.0,4.6
2024-11-11T04:00,22.6,82,0,0.0,2.7
2024-11-11T05:00,22.4,83,0,0.0,0.8
2024-11-11T06:00,22.5,88,0,1.0,2.6
2024-11-11T07:00,24.5,77,2,101.0,3.6
2024-11-11T08:00,26.8,59,16,316.0,3.9
2024-11-11T09:00,28.8,48,44,523.0,8.3
2024-11-11T10:00,30.4,41,47,697.0,10.9
2024-11-11T11:00,31.5,37,12,808.0,10.6
2024-11-11T12:00,32.5,33,84,848.0,10.4
2024-11-11T13:00,33.1,32,37,811.0,10.7
2024-11-11T14:00,33.0,33,94,699.0,10.6
2024-11-11T15:00,33.3,32,76,465.0,10.8
2024-11-11T16:00,32.9,32,100,266.0,11.0
2024-11-11T17:00,31.9,34,99,88.0,11.0
2024-11-11T18:00,28.9,42,97,2.0,11.0
2024-11-11T19:00,28.0,44,86,0.0,9.5
2024-11-11T20:00,27.4,46,79,0.0,8.2
2024-11-11T21:00,27.4,46,97,0.0,7.3
2024-11-11T22:00,26.7,49,98,0.0,7.6
2024-11-11T23:00,26.0,52,14,0.0,6.3
2024-11-12T00:00,24.4,63,48,0.0,6.3
2024-11-12T01:00,24.4,64,83,0.0,5.1
2024-11-12T02:00,24.1,63,2,0.0,4.1
2024-11-12T03:00,23.8,63,92,0.0,3.7
2024-11-12T04:00,23.9,62,99,0.0,4.9
2024-11-12T05:00,23.0,67,16,0.0,5.9
2024-11-12T06:00,24.3,68,99,1.0,1.8
2024-11-12T07:00,25.8,61,100,59.0,2.7
2024-11-12T08:00,27.2,57,100,181.0,5.3
2024-11-12T09:00,29.2,53,100,477.0,10.9
2024-11-12T10:00,30.2,51,100,558.0,16.2
2024-11-12T11:00,31.0,49,100,618.0,17.1
2024-11-12T12:00,31.2,48,100,555.0,15.5
2024-11-12T13:00,32.2,45,100,666.0,13.0
2024-11-12T14:00,30.9,51,100,380.0,12.8
2024-11-12T15:00,30.5,52,100,255.0,9.8
2024-11-12T16:00,28.6,64,100,139.0,17.2
2024-11-12T17:00,26.0,82,100,40.0,12.3
2024-11-12T18:00,25.6,85,100,1.0,9.6
2024-11-12T19:00,24.9,88,100,0.0,11.4
2024-11-12T20:00,24.5,90,100,0.0,7.6
2024-11-12T21:00,24.1,93,100,0.0,8.4
2024-11-12T22:00,23.6,95,100,0.0,6.8
2024-11-12T23:00,23.3,96,100,0.0,5.2
2024-11-13T00:00,22.9,98,100,0.0,2.2
2024-11-13T01:00,22.9,98,100,0.0,3.2
2024-11-13T02:00,22.9,98,88,0.0,4.6
2024-11-13T03:00,23.0,97,96,0.0,2.5
2024-11-13T04:00,22.8,98,100,0.0,2.8
2024-11-13T05:00,23.0,97,99,0.0,3.5
2024-11-13T06:00,23.3,97,98,1.0,3.0
2024-11-13T07:00,24.3,92,99,86.0,4.5
2024-11-13T08:00,25.6,85,100,242.0,9.3
2024-11-13T09:00,27.0,76,100,394.0,13.3
2024-11-13T10:00,28.8,66,100,452.0,18.7
2024-11-13T11:00,27.0,77,100,256.0,13.0
2024-11-13T12:00,29.2,65,100,601.0,20.2
2024-11-13T13:00,29.3,66,100,682.0,20.9
2024-11-13T14:00,29.9,63,100,521.0,18.3
2024-11-13T15:00,28.7,66,100,328.0,17.7
2024-11-13T16:00,27.6,73,100,164.0,14.0
2024-11-13T17:00,27.2,75,100,77.0,13.1
2024-11-13T18:00,25.6,82,100,2.0,9.9
2024-11-13T19:00,25.2,86,100,0.0,11.8
2024-11-13T20:00,24.9,88,100,0.0,13.1
2024-11-13T21:00,24.6,88,100,0.0,10.3
2024-11-13T22:00,24.1,89,100,0.0,8.1
2024-11-13T23:00,23.8,90,100,0.0,9.1
2024-11-14T00:00,23.5,93,100,0.0,8.0
2024-11-14T01:00,23.3,95,100,0.0,7.7
2024-11-14T02:00,23.9,91,100,0.0,12.2
2024-11-14T03:00,23.5,94,100,0.0,8.3
2024-11-14T04:00,23.2,96,100,0.0,4.3
2024-11-14T05:00,23.6,94,100,0.0,7.0
2024-11-14T06:00,23.8,94,100,1.0,6.3
2024-11-14T07:00,23.9,93,99,44.0,4.6
2024-11-14T08:00,24.3,91,95,146.0,4.8
2024-11-14T09:00,26.1,83,100,367.0,6.2
2024-11-14T10:00,27.6,74,100,420.0,10.4
2024-11-14T11:00,24.8,86,100,208.0,16.9
2024-11-14T12:00,25.7,85,100,287.0,9.6
2024-11-14T13:00,27.2,80,100,536.0,11.1
2024-11-14T14:00,27.3,77,100,489.0,12.8
2024-11-14T15:00,27.6,75,100,347.0,14.2
2024-11-14T16:00,24.7,87,100,137.0,3.6
2024-11-14T17:00,24.7,90,100,20.0,6.7
2024-11-14T18:00,24.6,91,100,1.0,1.8
2024-11-14T19:00,24.3,93,100,0.0,1.5
2024-11-14T20:00,24.2,93,100,0.0,5.1
2024-11-14T21:00,24.3,93,100,0.0,8.5
2024-11-14T22:00,23.8,94,88,0.0,9.0
2024-11-14T23:00,23.4,96,100,0.0,4.7
2024-11-15T00:00,23.2,98,100,0.0,3.1
2024-11-15T01:00,23.4,97,100,0.0,3.0
2024-11-15T02:00,23.5,92,100,0.0,5.4
2024-11-15T03:00,23.2,97,100,0.0,3.0
2024-11-15T04:00,23.3,97,100,0.0,5.4
2024-11-15T05:00,23.3,96,100,0.0,5.6
2024-11-15T06:00,23.5,95,70,1.0,1.1
2024-11-15T07:00,24.4,90,53,82.0,4.5
2024-11-15T08:00,25.8,83,57,234.0,8.8
2024-11-15T09:00,27.0,79,96,422.0,11.6
2024-11-15T10:00,28.4,72,100,594.0,11.5
2024-11-15T11:00,29.4,66,100,527.0,11.2
2024-11-15T12:00,28.6,70,100,449.0,10.2
2024-11-15T13:00,25.5,85,100,310.0,12.7
2024-11-15T14:00,25.5,88,98,108.0,7.0
2024-11-15T15:00,27.7,76,100,436.0,9.7
2024-11-15T16:00,26.4,82,100,246.0,11.4
2024-11-15T17:00,24.9,89,100,56.0,8.2
2024-11-15T18:00,25.3,86,99,1.0,4.4
2024-11-15T19:00,25.2,87,100,0.0,6.3
2024-11-15T20:00,24.9,89,97,0.0,7.1
2024-11-15T21:00,24.5,92,91,0.0,7.2
2024-11-15T22:00,24.1,94,100,0.0,7.3
2024-11-15T23:00,23.7,96,77,0.0,6.1
2024-11-16T00:00,23.4,97,31,0.0,6.6
2024-11-16T01:00,23.2,97,28,0.0,6.9
2024-11-16T02:00,22.9,98,23,0.0,7.0
2024-11-16T03:00,22.8,98,28,0.0,6.3
2024-11-16T04:00,22.6,98,89,0.0,5.5
2024-11-16T05:00,22.5,98,98,0.0,4.8
2024-11-16T06:00,23.4,96,27,1.0,4.9
2024-11-16T07:00,24.5,91,16,79.0,6.0
2024-11-16T08:00,26.0,84,11,272.0,7.8
2024-11-16T09:00,27.5,77,18,467.0,10.2
2024-11-16T10:00,28.7,71,21,621.0,11.0
2024-11-16T11:00,29.6,66,63,695.0,10.9
2024-11-16T12:00,30.4,61,100,722.0,11.1
2024-11-16T13:00,30.5,58,89,487.0,10.9
2024-11-16T14:00,28.9,63,81,510.0,14.6
2024-11-16T15:00,29.6,61,16,367.0,11.5
2024-11-16T16:00,28.4,67,73,279.0,12.8
2024-11-16T17:00,27.5,74,65,67.0,9.2
2024-11-16T18:00,26.8,79,27,1.0,12.1
2024-11-16T19:00,26.2,81,24,0.0,12.8
2024-11-16T20:00,25.7,83,13,0.0,11.5
2024-11-16T21:00,25.3,86,13,0.0,9.7
2024-11-16T22:00,24.9,88,11,0.0,8.9
2024-11-16T23:00,24.4,90,6,0.0,8.2
2024-11-17T00:00,24.0,93,30,0.0,6.4
2024-11-17T01:00,23.5,95,47,0.0,5.9
2024-11-17T02:00,23.2,97,5,0.0,5.0
2024-11-17T03:00,22.9,98,9,0.0,4.8
2024-11-17T04:00,22.6,98,18,0.0,4.5
2024-11-17T05:00,22.4,99,24,0.0,4.0
2024-11-17T06:00,23.1,98,34,1.0,3.9
2024-11-17T07:00,24.3,93,25,81.0,8.5
2024-11-17T08:00,25.3,87,22,262.0,11.1
2024-11-17T09:00,27.2,74,15,455.0,11.8
2024-11-17T10:00,28.7,65,17,630.0,10.9
2024-11-17T11:00,29.7,59,13,733.0,11.5
2024-11-17T12:00,30.4,54,14,769.0,12.3
2024-11-17T13:00,30.7,51,17,745.0,12.1
2024-11-17T14:00,30.6,51,23,614.0,11.5
2024-11-17T15:00,30.5,51,30,459.0,11.4
2024-11-17T16:00,29.8,54,18,266.0,11.7
2024-11-17T17:00,28.4,60,16,96.0,11.0
2024-11-17T18:00,26.8,68,19,1.0,9.1
2024-11-17T19:00,25.7,77,18,0.0,14.9
2024-11-17T20:00,25.1,81,23,0.0,15.2
2024-11-17T21:00,24.6,84,1,0.0,13.8
2024-11-17T22:00,24.0,88,0,0.0,11.4
2024-11-17T23:00,23.6,89,0,0.0,10.6
2024-11-18T00:00,23.1,92,0,0.0,8.2
2024-11-18T01:00,22.6,95,6,0.0,6.8
2024-11-18T02:00,22.3,96,14,0.0,6.0
2024-11-18T03:00,22.1,97,27,0.0,5.5
2024-11-18T04:00,22.0,97,19,0.0,4.2
2024-11-18T05:00,21.7,97,82,0.0,3.6
2024-11-18T06:00,22.4,98,78,0.0,2.4
2024-11-18T07:00,23.5,92,29,79.0,5.6
2024-11-18T08:00,25.0,83,39,271.0,9.4
2024-11-18T09:00,26.2,76,34,418.0,9.0
2024-11-18T10:00,27.3,69,31,580.0,10.1
2024-11-18T11:00,28.7,61,20,732.0,10.0
2024-11-18T12:00,29.6,56,14,784.0,9.9
2024-11-18T13:00,29.9,55,22,758.0,9.5
2024-11-18T14:00,30.2,53,21,636.0,8.0
2024-11-18T15:00,30.4,51,52,464.0,8.0
2024-11-18T16:00,29.8,51,60,236.0,9.8
2024-11-18T17:00,28.2,60,99,80.0,8.5
2024-11-18T18:00,26.5,67,31,1.0,6.2
2024-11-18T19:00,25.6,73,8,0.0,15.3
2024-11-18T20:00,24.7,79,2,0.0,15.6
2024-11-18T21:00,24.0,83,1,0.0,13.9
2024-11-18T22:00,23.5,85,0,0.0,12.1
2024-11-18T23:00,22.9,87,1,0.0,9.4
2024-11-19T00:00,22.3,90,6,0.0,7.9
2024-11-19T01:00,21.9,92,15,0.0,6.9
2024-11-19T02:00,21.5,95,6,0.0,5.3
2024-11-19T03:00,21.0,96,3,0.0,4.6
2024-11-19T04:00,20.7,97,4,0.0,4.3
2024-11-19T05:00,20.5,97,8,0.0,4.2
2024-11-19T06:00,21.3,97,11,0.0,3.6
2024-11-19T07:00,22.8,90,12,86.0,5.5
2024-11-19T08:00,24.5,80,32,293.0,9.7
2024-11-19T09:00,25.8,71,29,459.0,9.9
2024-11-19T10:00,27.0,64,15,638.0,9.9
2024-11-19T11:00,27.9,58,9,751.0,9.6
2024-11-19T12:00,28.6,52,9,814.0,8.5
2024-11-19T13:00,29.1,49,44,791.0,7.8
2024-11-19T14:00,29.1,49,30,680.0,7.6
2024-11-19T15:00,29.1,46,3,534.0,7.1
2024-11-19T16:00,28.6,45,0,324.0,6.2
2024-11-19T17:00,26.8,59,0,108.0,1.9
2024-11-19T18:00,25.2,62,6,1.0,2.7
2024-11-19T19:00,24.3,66,8,0.0,4.4
2024-11-19T20:00,23.3,69,16,0.0,5.6
2024-11-19T21:00,23.5,69,7,0.0,8.3
2024-11-19T22:00,23.5,69,0,0.0,12.1
2024-11-19T23:00,22.6,78,0,0.0,11.7
2024-11-20T00:00,21.9,84,0,0.0,9.6
2024-11-20T01:00,21.3,87,0,0.0,7.2
2024-11-20T02:00,20.4,92,0,0.0,5.5
2024-11-20T03:00,20.1,92,76,0.0,5.0
2024-11-20T04:00,19.7,93,18,0.0,5.1
2024-11-20T05:00,19.5,93,28,0.0,5.5
2024-11-20T06:00,20.6,93,42,0.0,4.7
2024-11-20T07:00,22.5,85,0,89.0,4.7
2024-11-20T08:00,24.1,74,0,301.0,5.5
2024-11-20T09:00,25.5,68,0,514.0,7.8
2024-11-20T10:00,26.7,60,7,687.0,9.1
2024-11-20T11:00,27.9,53,64,790.0,9.4
2024-11-20T12:00,28.8,48,99,750.0,8.9
2024-11-20T13:00,28.6,48,59,472.0,9.3
2024-11-20T14:00,29.2,46,41,551.0,7.7
2024-11-20T15:00,29.3,44,75,407.0,6.6
2024-11-20T16:00,29.1,45,100,255.0,6.9
2024-11-20T17:00,27.6,55,100,72.0,5.6
2024-11-20T18:00,26.0,58,93,1.0,9.8
2024-11-20T19:00,24.7,64,100,0.0,8.5
2024-11-20T20:00,24.1,70,100,0.0,10.7
2024-11-20T21:00,23.2,75,100,0.0,9.6
2024-11-20T22:00,22.4,80,100,0.0,8.5
2024-11-20T23:00,22.0,84,100,0.0,7.2
2024-11-21T00:00,21.5,88,95,0.0,7.2
2024-11-21T01:00,21.1,90,14,0.0,8.0
2024-11-21T02:00,20.3,93,1,0.0,5.5
2024-11-21T03:00,20.1,93,0,0.0,3.1
2024-11-21T04:00,19.7,94,0,0.0,4.5
2024-11-21T05:00,19.4,94,0,0.0,4.4
2024-11-21T06:00,20.3,95,0,0.0,3.5
2024-11-21T07:00,22.1,87,0,87.0,4.3
2024-11-21T08:00,24.1,76,0,299.0,7.1
2024-11-21T09:00,25.7,67,0,513.0,8.7
2024-11-21T10:00,27.2,55,11,687.0,9.2
2024-11-21T11:00,28.4,49,26,778.0,8.1
2024-11-21T12:00,29.1,45,46,786.0,6.3
2024-11-21T13:00,29.5,43,3,768.0,5.8
2024-11-21T14:00,29.4,44,23,687.0,5.6
2024-11-21T15:00,29.2,44,22,522.0,4.5
2024-11-21T16:00,28.8,45,6,308.0,3.0
2024-11-21T17:00,27.3,57,4,103.0,0.3
2024-11-21T18:00,25.0,63,3,1.0,4.3
2024-11-21T19:00,23.8,67,6,0.0,5.6
2024-11-21T20:00,23.4,66,0,0.0,1.3
2024-11-21T21:00,23.1,66,3,0.0,7.7
2024-11-21T22:00,22.5,67,89,0.0,7.6
2024-11-21T23:00,21.6,70,94,0.0,9.7
2024-11-22T00:00,21.3,74,91,0.0,12.3
2024-11-22T01:00,20.6,82,91,0.0,7.4
2024-11-22T02:00,19.6,89,97,0.0,5.4
2024-11-22T03:00,19.4,90,95,0.0,4.8
2024-11-22T04:00,19.2,92,95,0.0,5.8
2024-11-22T05:00,19.0,92,95,0.0,5.4
2024-11-22T06:00,19.6,94,100,0.0,4.4
2024-11-22T07:00,21.4,86,100,81.0,5.1
2024-11-22T08:00,23.6,72,100,287.0,4.8
2024-11-22T09:00,25.2,63,100,501.0,6.3
2024-11-22T10:00,26.7,56,100,673.0,7.6
2024-11-22T11:00,28.0,48,99,795.0,9.0
2024-11-22T12:00,28.7,44,99,843.0,8.6
2024-11-22T13:00,29.2,43,91,805.0,6.0
2024-11-22T14:00,29.4,43,61,702.0,4.0
2024-11-22T15:00,29.3,42,91,533.0,3.1
2024-11-22T16:00,28.9,43,91,321.0,3.1
2024-11-22T17:00,26.5,59,89,104.0,3.6
2024-11-22T18:00,24.7,62,72,1.0,4.0
2024-11-22T19:00,23.7,64,44,0.0,7.6
2024-11-22T20:00,23.6,59,68,0.0,12.4
2024-11-22T21:00,22.7,63,6,0.0,11.7
2024-11-22T22:00,22.1,66,62,0.0,11.5
2024-11-22T23:00,21.5,73,48,0.0,11.6
2024-11-23T00:00,20.6,80,0,0.0,8.5
2024-11-23T01:00,19.9,86,0,0.0,6.9
2024-11-23T02:00,19.3,90,0,0.0,6.0
2024-11-23T03:00,19.0,90,0,0.0,4.5
2024-11-23T04:00,19.2,89,0,0.0,2.4
2024-11-23T05:00,19.3,87,55,0.0,1.5
2024-11-23T06:00,19.2,95,26,0.0,5.5
2024-11-23T07:00,21.0,90,0,86.0,7.3
2024-11-23T08:00,23.1,77,1,298.0,7.1
2024-11-23T09:00,24.9,67,15,513.0,8.1
2024-11-23T10:00,26.5,56,19,688.0,6.9
2024-11-23T11:00,27.7,50,90,802.0,4.0
2024-11-23T12:00,28.5,46,88,842.0,2.0
2024-11-23T13:00,29.0,44,100,807.0,2.5
2024-11-23T14:00,29.2,45,99,699.0,4.4
2024-11-23T15:00,29.0,45,99,528.0,6.2
2024-11-23T16:00,28.4,43,99,317.0,8.1
2024-11-23T17:00,26.0,45,99,103.0,6.9
2024-11-23T18:00,23.8,44,96,2.0,5.9
2024-11-23T19:00,23.6,43,99,0.0,4.0
2024-11-23T20:00,23.9,43,100,0.0,1.9
2024-11-23T21:00,23.2,45,100,0.0,3.2
2024-11-23T22:00,22.5,51,91,0.0,5.1
2024-11-23T23:00,21.9,65,98,0.0,7.2
2024-11-24T00:00,21.7,83,90,0.0,7.6
2024-11-24T01:00,20.9,93,93,0.0,5.6
2024-11-24T02:00,20.7,94,31,0.0,4.6
2024-11-24T03:00,20.3,96,41,0.0,4.7
2024-11-24T04:00,20.0,97,100,0.0,4.6
2024-11-24T05:00,19.7,98,100,0.0,5.7
2024-11-24T06:00,20.4,99,54,0.0,4.2
2024-11-24T07:00,22.0,96,81,76.0,5.6
2024-11-24T08:00,23.8,85,73,273.0,4.9
2024-11-24T09:00,25.6,73,90,496.0,5.7
2024-11-24T10:00,27.0,63,78,669.0,4.7
2024-11-24T11:00,28.2,54,61,788.0,3.4
2024-11-24T12:00,29.1,49,56,826.0,5.2
2024-11-24T13:00,29.6,45,94,799.0,7.6
2024-11-24T14:00,29.8,41,61,692.0,7.8
2024-11-24T15:00,29.7,37,50,532.0,7.3
2024-11-24T16:00,29.0,35,39,324.0,8.1
2024-11-24T17:00,26.4,41,100,107.0,8.0
2024-11-24T18:00,24.9,46,100,2.0,7.0
2024-11-24T19:00,23.6,49,100,0.0,5.0
2024-11-24T20:00,24.1,50,100,0.0,1.5
2024-11-24T21:00,23.1,57,99,0.0,8.0
2024-11-24T22:00,22.9,70,100,0.0,7.7
2024-11-24T23:00,22.4,76,100,0.0,7.7
2024-11-25T00:00,21.5,82,100,0.0,6.5
2024-11-25T01:00,21.5,85,100,0.0,7.7
2024-11-25T02:00,21.1,89,99,0.0,7.0
2024-11-25T03:00,20.2,92,86,0.0,5.0
2024-11-25T04:00,20.1,92,100,0.0,2.6
2024-11-25T05:00,19.5,94,100,0.0,2.4
2024-11-25T06:00,19.6,95,100,0.0,2.4
2024-11-25T07:00,21.1,86,100,64.0,2.9
2024-11-25T08:00,22.8,77,100,204.0,4.1
2024-11-25T09:00,24.5,70,100,386.0,6.3
2024-11-25T10:00,26.3,61,94,597.0,7.2
2024-11-25T11:00,27.7,52,99,759.0,8.6
2024-11-25T12:00,28.7,47,84,803.0,8.8
2024-11-25T13:00,29.4,44,89,791.0,7.6
2024-11-25T14:00,29.8,42,83,694.0,6.9
2024-11-25T15:00,29.8,41,87,532.0,7.7
2024-11-25T16:00,29.3,42,81,321.0,7.7
2024-11-25T17:00,26.8,55,97,102.0,6.7
2024-11-25T18:00,25.2,61,100,1.0,5.2
2024-11-25T19:00,25.9,57,100,0.0,8.9
2024-11-25T20:00,24.5,62,100,0.0,8.6
2024-11-25T21:00,23.6,67,100,0.0,7.7
2024-11-25T22:00,23.2,69,100,0.0,8.0
2024-11-25T23:00,22.6,72,100,0.0,6.5
2024-11-26T00:00,22.0,77,100,0.0,2.4
2024-11-26T01:00,21.4,80,100,0.0,1.9
2024-11-26T02:00,20.7,82,100,0.0,4.7
2024-11-26T03:00,20.1,83,36,0.0,4.8
2024-11-26T04:00,19.6,85,72,0.0,4.8
2024-11-26T05:00,19.5,85,100,0.0,5.8
2024-11-26T06:00,20.2,86,99,0.0,4.9
2024-11-26T07:00,21.8,80,98,65.0,5.8
2024-11-26T08:00,24.0,72,30,239.0,6.9
2024-11-26T09:00,25.8,64,1,472.0,11.2
2024-11-26T10:00,27.4,57,99,652.0,13.4
2024-11-26T11:00,28.7,51,100,680.0,13.7
2024-11-26T12:00,29.0,51,100,449.0,14.8
2024-11-26T13:00,28.8,51,100,344.0,14.4
2024-11-26T14:00,28.1,51,100,200.0,13.1
2024-11-26T15:00,28.7,50,100,189.0,12.0
2024-11-26T16:00,28.0,53,100,58.0,11.4
2024-11-26T17:00,27.3,54,100,31.0,9.6
2024-11-26T18:00,26.2,59,100,1.0,8.8
2024-11-26T19:00,25.5,62,100,0.0,7.4
2024-11-26T20:00,24.5,68,100,0.0,6.3
2024-11-26T21:00,24.0,71,100,0.0,6.1
2024-11-26T22:00,23.1,75,100,0.0,8.3
2024-11-26T23:00,23.1,74,96,0.0,9.4
2024-11-27T00:00,22.6,77,100,0.0,8.1
2024-11-27T01:00,21.6,84,100,0.0,4.0
2024-11-27T02:00,21.7,84,100,0.0,1.7
2024-11-27T03:00,21.2,88,100,0.0,4.4
2024-11-27T04:00,20.5,91,100,0.0,4.1
2024-11-27T05:00,20.2,91,100,0.0,4.9
2024-11-27T06:00,20.8,91,100,0.0,7.1
2024-11-27T07:00,22.5,86,100,71.0,10.2
2024-11-27T08:00,24.1,77,100,245.0,10.7
2024-11-27T09:00,25.5,68,100,435.0,12.0
2024-11-27T10:00,26.8,63,100,599.0,12.4
2024-11-27T11:00,27.4,59,100,595.0,11.2
2024-11-27T12:00,28.5,55,100,720.0,11.0
2024-11-27T13:00,29.2,51,100,729.0,11.3
2024-11-27T14:00,29.4,49,100,583.0,9.3
2024-11-27T15:00,29.6,47,100,428.0,9.6
2024-11-27T16:00,28.8,49,100,183.0,11.0
2024-11-27T17:00,26.9,59,100,57.0,4.8
2024-11-27T18:00,25.1,68,100,1.0,3.1
2024-11-27T19:00,24.3,70,100,0.0,4.8
2024-11-27T20:00,24.5,64,100,0.0,6.2
2024-11-27T21:00,23.8,64,100,0.0,6.4
2024-11-27T22:00,22.9,68,100,0.0,5.4
2024-11-27T23:00,21.8,74,98,0.0,4.5
2024-11-28T00:00,21.0,78,100,0.0,5.1
2024-11-28T01:00,20.6,79,100,0.0,7.2
2024-11-28T02:00,20.2,78,100,0.0,8.6
2024-11-28T03:00,19.8,73,100,0.0,8.2
2024-11-28T04:00,19.3,70,100,0.0,7.5
2024-11-28T05:00,19.0,67,100,0.0,7.0
2024-11-28T06:00,18.6,69,99,0.0,6.6
2024-11-28T07:00,20.0,63,47,69.0,9.9
2024-11-28T08:00,22.3,56,5,277.0,8.0
2024-11-28T09:00,24.1,51,9,491.0,8.6
2024-11-28T10:00,25.6,48,15,664.0,8.3
2024-11-28T11:00,27.0,45,23,779.0,9.3
2024-11-28T12:00,27.9,43,100,822.0,11.7
2024-11-28T13:00,28.5,42,100,791.0,12.2
2024-11-28T14:00,28.8,41,100,670.0,13.9
2024-11-28T15:00,28.9,40,95,497.0,12.7
2024-11-28T16:00,28.6,39,98,306.0,10.3
2024-11-28T17:00,26.0,52,98,97.0,5.4
2024-11-28T18:00,24.2,57,100,2.0,6.3
2024-11-28T19:00,23.5,53,100,0.0,8.0
2024-11-28T20:00,23.0,52,100,0.0,8.3
2024-11-28T21:00,22.3,55,100,0.0,7.1
2024-11-28T22:00,21.4,60,100,0.0,5.2
2024-11-28T23:00,20.4,65,100,0.0,5.2
2024-11-29T00:00,20.1,66,100,0.0,7.8
2024-11-29T01:00,20.1,64,100,0.0,9.3
2024-11-29T02:00,20.4,60,100,0.0,10.8
2024-11-29T03:00,20.3,59,100,0.0,11.5
2024-11-29T04:00,20.9,56,100,0.0,12.2
2024-11-29T05:00,21.5,54,100,0.0,12.9
2024-11-29T06:00,21.7,53,100,0.0,13.7
2024-11-29T07:00,22.0,54,100,28.0,13.0
2024-11-29T08:00,23.6,50,100,204.0,13.0
2024-11-29T09:00,24.4,50,100,257.0,12.8
2024-11-29T10:00,26.5,47,100,517.0,11.9
2024-11-29T11:00,28.1,46,100,683.0,13.3
2024-11-29T12:00,28.8,48,99,639.0,13.7
2024-11-29T13:00,30.2,47,100,739.0,15.8
2024-11-29T14:00,30.1,52,100,451.0,20.3
2024-11-29T15:00,30.1,52,100,331.0,17.0
2024-11-29T16:00,29.2,55,100,129.0,16.6
2024-11-29T17:00,28.4,58,100,60.0,12.2
2024-11-29T18:00,26.2,63,100,1.0,10.7
2024-11-29T19:00,25.8,65,100,0.0,10.1
2024-11-29T20:00,25.3,67,100,0.0,8.7
2024-11-29T21:00,24.8,69,100,0.0,6.5
2024-11-29T22:00,23.8,73,100,0.0,5.7
2024-11-29T23:00,23.7,74,100,0.0,8.7
2024-11-30T00:00,23.4,74,100,0.0,8.6
2024-11-30T01:00,23.1,75,100,0.0,6.6
2024-11-30T02:00,23.1,75,100,0.0,8.3
2024-11-30T03:00,22.9,76,100,0.0,8.8
2024-11-30T04:00,22.7,78,100,0.0,8.3
2024-11-30T05:00,22.5,81,100,0.0,8.1
2024-11-30T06:00,22.9,83,100,0.0,10.0
2024-11-30T07:00,23.5,81,100,31.0,11.1
2024-11-30T08:00,24.7,74,100,117.0,12.5
2024-11-30T09:00,25.5,69,100,200.0,13.9
2024-11-30T10:00,26.6,66,100,321.0,14.9
2024-11-30T11:00,27.6,62,100,407.0,17.1
2024-11-30T12:00,28.6,60,100,409.0,20.8
2024-11-30T13:00,28.4,60,100,162.0,19.5
2024-11-30T14:00,28.5,61,100,189.0,17.4
2024-11-30T15:00,27.0,70,100,111.0,15.1
2024-11-30T16:00,26.8,72,100,32.0,10.1
2024-11-30T17:00,26.2,73,100,21.0,16.3
2024-11-30T18:00,25.9,75,100,1.0,13.0
2024-11-30T19:00,25.9,72,100,0.0,16.9
2024-11-30T20:00,25.7,72,100,0.0,14.9
2024-11-30T21:00,24.8,77,100,0.0,12.9
2024-11-30T22:00,24.7,78,100,0.0,14.8
2024-11-30T23:00,24.5,77,100,0.0,13.5
2024-12-01T00:00,24.3,79,100,0.0,13.1
2024-12-01T01:00,23.9,83,100,0.0,13.5
2024-12-01T02:00,24.1,82,100,0.0,13.0
2024-12-01T03:00,23.2,90,100,0.0,13.6
2024-12-01T04:00,23.2,89,100,0.0,17.3
2024-12-01T05:00,23.0,89,98,0.0,14.3
2024-12-01T06:00,23.2,89,100,0.0,12.8
2024-12-01T07:00,23.8,87,100,28.0,15.9
2024-12-01T08:00,25.2,82,100,138.0,18.1
2024-12-01T09:00,26.7,74,100,294.0,19.9
2024-12-01T10:00,27.9,70,100,516.0,21.6
2024-12-01T11:00,27.6,71,100,406.0,19.8
2024-12-01T12:00,28.6,66,100,403.0,22.2
2024-12-01T13:00,29.2,64,100,477.0,19.3
2024-12-01T14:00,29.8,61,100,517.0,18.7
2024-12-01T15:00,29.8,61,100,389.0,15.4
2024-12-01T16:00,27.7,72,100,200.0,18.8
2024-12-01T17:00,26.0,85,100,36.0,9.0
2024-12-01T18:00,25.4,84,100,1.0,8.7
2024-12-01T19:00,24.5,90,100,0.0,12.2
2024-12-01T20:00,24.6,88,100,0.0,9.7
2024-12-01T21:00,24.2,90,100,0.0,10.5
2024-12-01T22:00,23.9,92,100,0.0,12.8
2024-12-01T23:00,23.7,94,100,0.0,9.2
2024-12-02T00:00,23.7,93,100,0.0,10.5
2024-12-02T01:00,23.4,95,100,0.0,10.6
2024-12-02T02:00,23.2,96,100,0.0,10.7
2024-12-02T03:00,23.3,96,100,0.0,11.5
2024-12-02T04:00,23.1,97,100,0.0,11.4
2024-12-02T05:00,23.2,96,100,0.0,10.6
2024-12-02T06:00,23.6,95,100,0.0,13.9
2024-12-02T07:00,24.1,92,100,33.0,14.7
2024-12-02T08:00,24.9,88,100,119.0,17.1
2024-12-02T09:00,26.3,80,100,263.0,20.2
2024-12-02T10:00,26.3,80,100,258.0,20.2
2024-12-02T11:00,27.5,74,100,281.0,19.2
2024-12-02T12:00,28.1,72,100,367.0,22.5
2024-12-02T13:00,28.5,72,99,396.0,21.5
2024-12-02T14:00,30.2,63,100,589.0,22.7
2024-12-02T15:00,27.2,80,100,340.0,20.8
2024-12-02T16:00,27.8,73,100,189.0,18.3
2024-12-02T17:00,23.8,94,100,40.0,12.8
2024-12-02T18:00,24.3,93,100,1.0,9.7
2024-12-02T19:00,23.8,95,100,0.0,10.2
2024-12-02T20:00,24.0,92,100,0.0,15.8
2024-12-02T21:00,23.7,94,100,0.0,14.1
2024-12-02T22:00,23.7,95,100,0.0,14.5
2024-12-02T23:00,23.3,96,100,0.0,13.5
2024-12-03T00:00,23.2,96,100,0.0,13.7
2024-12-03T01:00,23.0,96,100,0.0,13.9
2024-12-03T02:00,23.0,96,100,0.0,13.3
2024-12-03T03:00,23.0,97,100,0.0,13.5
2024-12-03T04:00,23.2,96,100,0.0,14.1
2024-12-03T05:00,23.1,97,100,0.0,12.1
2024-12-03T06:00,23.9,95,100,0.0,11.9
2024-12-03T07:00,24.2,93,100,27.0,13.1
2024-12-03T08:00,25.5,83,95,182.0,15.0
2024-12-03T09:00,26.4,81,100,302.0,16.6
2024-12-03T10:00,27.5,75,61,358.0,17.2
2024-12-03T11:00,29.0,69,100,626.0,16.6
2024-12-03T12:00,28.9,69,100,434.0,15.7
2024-12-03T13:00,29.1,67,100,411.0,15.6
2024-12-03T14:00,28.0,71,100,352.0,18.6
2024-12-03T15:00,26.9,78,100,154.0,11.7
2024-12-03T16:00,28.0,72,100,243.0,13.8
2024-12-03T17:00,27.3,74,100,68.0,11.7
2024-12-03T18:00,26.0,84,9,1.0,11.3
2024-12-03T19:00,25.3,87,10,0.0,13.8
2024-12-03T20:00,24.7,90,23,0.0,14.4
2024-12-03T21:00,24.3,93,17,0.0,12.8
2024-12-03T22:00,24.0,94,46,0.0,13.6
2024-12-03T23:00,23.7,96,41,0.0,10.9
2024-12-04T00:00,23.5,97,100,0.0,10.6
2024-12-04T01:00,23.5,97,100,0.0,10.6
2024-12-04T02:00,23.6,96,100,0.0,11.0
2024-12-04T03:00,23.3,97,98,0.0,11.2
2024-12-04T04:00,23.0,98,25,0.0,8.3
2024-12-04T05:00,22.5,98,9,0.0,4.9
2024-12-04T06:00,22.8,97,78,0.0,3.7
2024-12-04T07:00,23.8,92,99,51.0,8.7
2024-12-04T08:00,24.4,88,100,130.0,7.9
2024-12-04T09:00,24.9,87,100,167.0,5.0
2024-12-04T10:00,25.5,84,100,181.0,4.7
2024-12-04T11:00,26.2,79,100,262.0,5.0
2024-12-04T12:00,26.6,77,100,264.0,3.2
2024-12-04T13:00,27.7,70,26,451.0,3.0
2024-12-04T14:00,28.5,67,14,557.0,1.7
2024-12-04T15:00,28.9,67,75,466.0,2.8
2024-12-04T16:00,28.3,67,100,244.0,8.5
2024-12-04T17:00,24.6,91,75,55.0,7.8
2024-12-04T18:00,25.4,86,100,1.0,7.6
2024-12-04T19:00,24.9,89,100,0.0,6.5
2024-12-04T20:00,24.6,91,100,0.0,10.2
2024-12-04T21:00,24.2,93,83,0.0,10.4
2024-12-04T22:00,23.8,96,44,0.0,10.3
2024-12-04T23:00,23.5,97,50,0.0,7.3
2024-12-05T00:00,23.2,98,74,0.0,6.4
2024-12-05T01:00,23.1,98,96,0.0,7.2
2024-12-05T02:00,23.1,99,100,0.0,6.2
2024-12-05T03:00,23.7,92,99,0.0,9.9
2024-12-05T04:00,23.4,95,53,0.0,9.0
2024-12-05T05:00,23.1,98,100,0.0,7.1
2024-12-05T06:00,23.7,95,89,0.0,7.9
2024-12-05T07:00,23.9,94,59,43.0,9.0
2024-12-05T08:00,25.2,85,55,182.0,10.3
2024-12-05T09:00,26.4,79,38,341.0,11.4
2024-12-05T10:00,27.7,72,43,517.0,11.2
2024-12-05T11:00,28.7,69,32,646.0,9.6
2024-12-05T12:00,29.5,65,37,684.0,9.5
2024-12-05T13:00,30.3,60,100,593.0,9.0
2024-12-05T14:00,29.3,64,46,330.0,9.6
2024-12-05T15:00,29.3,65,39,367.0,11.7
2024-12-05T16:00,26.9,75,69,248.0,14.3
2024-12-05T17:00,26.3,79,51,72.0,9.5
2024-12-05T18:00,25.8,83,48,2.0,6.9
2024-12-05T19:00,25.3,86,38,0.0,8.5
2024-12-05T20:00,24.8,87,100,0.0,9.4
2024-12-05T21:00,24.7,88,98,0.0,9.5
2024-12-05T22:00,24.5,89,100,0.0,10.7
2024-12-05T23:00,24.3,92,32,0.0,10.3
2024-12-06T00:00,23.6,96,9,0.0,8.6
2024-12-06T01:00,23.2,98,31,0.0,7.2
2024-12-06T02:00,22.9,99,100,0.0,6.0
2024-12-06T03:00,23.2,98,100,0.0,6.4
2024-12-06T04:00,23.4,96,93,0.0,6.9
2024-12-06T05:00,23.0,98,98,0.0,5.3
2024-12-06T06:00,23.5,98,63,0.0,6.0
2024-12-06T07:00,24.1,94,96,49.0,8.3
2024-12-06T08:00,25.4,85,100,148.0,8.6
2024-12-06T09:00,26.2,80,94,216.0,8.8
2024-12-06T10:00,27.3,74,25,385.0,9.7
2024-12-06T11:00,28.8,67,32,656.0,9.8
2024-12-06T12:00,29.5,66,12,672.0,9.2
2024-12-06T13:00,30.1,64,19,716.0,9.8
2024-12-06T14:00,30.2,63,58,626.0,10.7
2024-12-06T15:00,29.9,63,24,454.0,11.4
2024-12-06T16:00,28.7,65,30,265.0,13.2
2024-12-06T17:00,27.8,69,45,78.0,8.6
2024-12-06T18:00,26.9,75,10,2.0,9.2
2024-12-06T19:00,26.1,79,6,0.0,12.0
2024-12-06T20:00,25.3,82,13,0.0,12.2
2024-12-06T21:00,24.6,87,1,0.0,9.8
2024-12-06T22:00,24.1,91,0,0.0,8.7
2024-12-06T23:00,23.7,94,0,0.0,8.5
2024-12-07T00:00,23.1,97,13,0.0,4.7
2024-12-07T01:00,22.9,98,1,0.0,5.4
2024-12-07T02:00,22.7,98,2,0.0,4.8
2024-12-07T03:00,22.2,99,1,0.0,3.3
2024-12-07T04:00,22.0,100,100,0.0,1.5
2024-12-07T05:00,22.0,100,100,0.0,1.3
2024-12-07T06:00,23.1,99,100,0.0,2.5
2024-12-07T07:00,24.1,94,100,54.0,7.4
2024-12-07T08:00,25.9,82,88,222.0,9.1
2024-12-07T09:00,27.4,73,22,371.0,9.7
2024-12-07T10:00,28.7,67,10,587.0,8.4
2024-12-07T11:00,29.8,62,7,713.0,7.8
2024-12-07T12:00,30.7,56,6,751.0,8.2
2024-12-07T13:00,31.2,53,71,720.0,9.3
2024-12-07T14:00,31.5,51,77,631.0,9.0
2024-12-07T15:00,31.3,50,90,493.0,9.0
2024-12-07T16:00,30.8,51,57,293.0,11.4
2024-12-07T17:00,29.3,58,53,101.0,8.3
2024-12-07T18:00,27.7,63,10,2.0,8.5
2024-12-07T19:00,26.8,67,9,0.0,9.7
2024-12-07T20:00,26.4,72,2,0.0,13.6
2024-12-07T21:00,25.7,78,1,0.0,13.6
2024-12-07T22:00,25.0,82,49,0.0,10.6
2024-12-07T23:00,24.4,86,80,0.0,9.4
2024-12-08T00:00,23.8,90,87,0.0,8.7
2024-12-08T01:00,23.3,92,98,0.0,8.7
2024-12-08T02:00,22.9,95,94,0.0,8.1
2024-12-08T03:00,22.5,97,100,0.0,6.2
2024-12-08T04:00,22.2,98,96,0.0,4.6
2024-12-08T05:00,21.9,98,59,0.0,3.6
2024-12-08T06:00,23.1,95,13,0.0,6.2
2024-12-08T07:00,23.9,91,92,53.0,7.0
2024-12-08T08:00,25.7,80,99,233.0,10.8
2024-12-08T09:00,27.2,72,35,398.0,11.6
2024-12-08T10:00,28.6,64,4,605.0,11.6
2024-12-08T11:00,29.9,55,46,724.0,12.2
2024-12-08T12:00,30.8,49,87,774.0,11.2
2024-12-08T13:00,31.2,46,85,736.0,9.6
2024-12-08T14:00,31.5,44,100,647.0,9.4
2024-12-08T15:00,31.3,44,98,501.0,11.0
2024-12-08T16:00,30.6,45,88,302.0,11.9
2024-12-08T17:00,29.1,50,86,101.0,9.2
2024-12-08T18:00,28.0,53,46,2.0,9.7
2024-12-08T19:00,27.2,57,22,0.0,12.7
2024-12-08T20:00,26.3,64,36,0.0,12.7
2024-12-08T21:00,25.5,70,71,0.0,10.0
2024-12-08T22:00,24.9,73,86,0.0,11.9
2024-12-08T23:00,24.4,77,89,0.0,10.8
2024-12-09T00:00,23.8,81,74,0.0,10.2
2024-12-09T01:00,23.2,85,82,0.0,5.9
2024-12-09T02:00,22.7,88,82,0.0,5.6
2024-12-09T03:00,22.3,90,100,0.0,4.8
2024-12-09T04:00,21.9,93,96,0.0,3.8
2024-12-09T05:00,21.7,93,94,0.0,3.5
2024-12-09T06:00,22.9,91,99,0.0,5.0
2024-12-09T07:00,23.8,86,100,53.0,6.5
2024-12-09T08:00,25.5,78,100,229.0,9.2
2024-12-09T09:00,27.1,71,100,429.0,10.1
2024-12-09T10:00,28.4,65,99,601.0,8.7
2024-12-09T11:00,29.2,60,99,662.0,6.2
2024-12-09T12:00,30.1,55,32,749.0,6.0
2024-12-09T13:00,30.7,51,94,728.0,6.7
2024-12-09T14:00,30.9,50,98,620.0,6.3
2024-12-09T15:00,31.0,50,100,464.0,6.0
2024-12-09T16:00,30.6,50,99,278.0,6.7
2024-12-09T17:00,29.3,56,100,89.0,4.1
2024-12-09T18:00,27.5,63,99,2.0,5.3
2024-12-09T19:00,27.1,62,99,0.0,10.4
2024-12-09T20:00,26.0,71,87,0.0,10.6
2024-12-09T21:00,25.4,78,24,0.0,12.2
2024-12-09T22:00,24.7,83,76,0.0,11.0
2024-12-09T23:00,24.2,86,96,0.0,10.4
2024-12-10T00:00,23.7,90,94,0.0,8.7
2024-12-10T01:00,23.1,94,95,0.0,5.7
2024-12-10T02:00,22.5,96,88,0.0,4.5
2024-12-10T03:00,22.3,97,95,0.0,5.3
2024-12-10T04:00,22.1,98,96,0.0,5.5
2024-12-10T05:00,21.9,98,31,0.0,4.6
2024-12-10T06:00,22.5,98,74,0.0,5.2
2024-12-10T07:00,23.4,94,100,51.0,7.3
2024-12-10T08:00,25.2,82,100,229.0,8.6
2024-12-10T09:00,26.6,75,100,399.0,7.4
2024-12-10T10:00,28.1,64,100,564.0,8.8
2024-12-10T11:00,29.2,58,99,648.0,8.8
2024-12-10T12:00,30.2,53,32,750.0,9.4
2024-12-10T13:00,30.8,51,26,707.0,9.9
2024-12-10T14:00,31.0,48,29,630.0,9.5
2024-12-10T15:00,31.0,47,48,483.0,9.6
2024-12-10T16:00,30.6,47,100,302.0,11.0
2024-12-10T17:00,29.1,52,100,100.0,10.5
2024-12-10T18:00,27.3,60,100,2.0,9.2
2024-12-10T19:00,26.8,63,100,0.0,9.9
2024-12-10T20:00,26.1,68,100,0.0,9.5
2024-12-10T21:00,25.3,72,100,0.0,9.7
2024-12-10T22:00,24.9,76,99,0.0,8.5
2024-12-10T23:00,24.3,80,100,0.0,7.1
2024-12-11T00:00,23.5,85,100,0.0,4.2
2024-12-11T01:00,23.1,87,100,0.0,2.4
2024-12-11T02:00,22.6,90,100,0.0,2.2
2024-12-11T03:00,22.2,91,100,0.0,3.1
2024-12-11T04:00,22.0,91,100,0.0,4.7
2024-12-11T05:00,21.9,90,100,0.0,5.5
2024-12-11T06:00,22.9,90,96,0.0,6.9
2024-12-11T07:00,23.5,85,100,51.0,7.3
2024-12-11T08:00,25.0,72,80,227.0,9.8
2024-12-11T09:00,26.6,63,97,436.0,11.1
2024-12-11T10:00,28.0,55,81,612.0,12.8
2024-12-11T11:00,29.3,49,23,730.0,12.7
2024-12-11T12:00,30.3,43,99,782.0,13.1
2024-12-11T13:00,30.8,40,100,746.0,14.4
2024-12-11T14:00,30.8,40,100,619.0,14.5
2024-12-11T15:00,30.5,41,100,455.0,13.2
2024-12-11T16:00,30.4,40,100,261.0,11.6
2024-12-11T17:00,28.3,53,100,86.0,11.9
2024-12-11T18:00,27.0,60,100,2.0,6.9
2024-12-11T19:00,26.3,63,99,0.0,7.2
2024-12-11T20:00,25.5,69,99,0.0,7.4
2024-12-11T21:00,24.8,74,99,0.0,6.1
2024-12-11T22:00,24.1,79,100,0.0,4.7
2024-12-11T23:00,23.9,81,92,0.0,5.7
2024-12-12T00:00,23.4,85,100,0.0,4.9
2024-12-12T01:00,23.0,88,100,0.0,4.5
2024-12-12T02:00,22.7,91,88,0.0,4.0
2024-12-12T03:00,22.4,94,99,0.0,1.9
2024-12-12T04:00,22.3,93,100,0.0,1.8
2024-12-12T05:00,22.2,89,100,0.0,5.4
2024-12-12T06:00,23.6,87,100,0.0,8.5
2024-12-12T07:00,23.6,87,100,10.0,10.6
2024-12-12T08:00,24.2,82,100,78.0,12.5
2024-12-12T09:00,24.5,79,100,124.0,14.6
2024-12-12T10:00,24.3,81,100,110.0,13.5
2024-12-12T11:00,24.4,81,100,160.0,11.1
2024-12-12T12:00,25.4,76,100,336.0,11.6
2024-12-12T13:00,25.1,77,100,315.0,11.5
2024-12-12T14:00,24.4,82,100,144.0,10.5
2024-12-12T15:00,24.5,81,100,114.0,9.5
2024-12-12T16:00,24.1,86,100,93.0,8.4
2024-12-12T17:00,23.6,90,100,34.0,6.9
2024-12-12T18:00,24.3,82,100,2.0,6.5
2024-12-12T19:00,23.6,90,100,0.0,5.2
2024-12-12T20:00,23.1,94,100,0.0,6.3
2024-12-12T21:00,22.9,96,100,0.0,6.6
2024-12-12T22:00,22.7,96,100,0.0,6.1
2024-12-12T23:00,22.4,96,100,0.0,7.3
2024-12-13T00:00,22.3,96,100,0.0,9.1
2024-12-13T01:00,22.2,97,100,0.0,6.7
2024-12-13T02:00,22.1,97,100,0.0,6.0
2024-12-13T03:00,22.0,97,65,0.0,7.7
2024-12-13T04:00,21.6,98,88,0.0,4.3
2024-12-13T05:00,21.5,98,88,0.0,3.4
2024-12-13T06:00,22.2,96,100,0.0,4.6
2024-12-13T07:00,22.7,93,100,33.0,6.4
2024-12-13T08:00,23.3,90,87,167.0,11.8
2024-12-13T09:00,25.3,77,81,387.0,14.0
2024-12-13T10:00,26.6,68,54,482.0,14.4
2024-12-13T11:00,27.3,65,71,505.0,14.3
2024-12-13T12:00,28.4,60,63,578.0,13.3
2024-12-13T13:00,29.2,56,97,564.0,12.3
2024-12-13T14:00,29.2,55,100,455.0,13.2
2024-12-13T15:00,28.9,56,100,276.0,13.7
2024-12-13T16:00,28.5,56,96,185.0,14.2
2024-12-13T17:00,27.2,61,89,79.0,13.0
2024-12-13T18:00,25.6,70,99,3.0,9.5
2024-12-13T19:00,24.9,72,100,0.0,10.5
2024-12-13T20:00,24.4,72,100,0.0,12.5
2024-12-13T21:00,23.7,74,100,0.0,12.2
2024-12-13T22:00,23.1,83,100,0.0,13.4
2024-12-13T23:00,22.5,89,100,0.0,11.9
2024-12-14T00:00,21.9,92,99,0.0,9.2
2024-12-14T01:00,21.5,95,100,0.0,8.1
2024-12-14T02:00,21.1,96,63,0.0,6.3
2024-12-14T03:00,20.6,98,88,0.0,4.7
2024-12-14T04:00,20.2,98,16,0.0,4.3
2024-12-14T05:00,20.2,98,7,0.0,5.2
2024-12-14T06:00,21.4,98,50,0.0,7.0
2024-12-14T07:00,22.0,94,67,40.0,7.8
2024-12-14T08:00,23.1,86,39,182.0,9.8
2024-12-14T09:00,24.7,75,35,380.0,12.3
2024-12-14T10:00,25.8,68,67,504.0,12.7
2024-12-14T11:00,27.0,61,51,558.0,12.5
2024-12-14T12:00,28.2,55,48,672.0,12.2
2024-12-14T13:00,28.7,52,22,656.0,12.7
2024-12-14T14:00,28.9,50,26,638.0,13.0
2024-12-14T15:00,28.6,48,17,486.0,14.6
2024-12-14T16:00,27.7,50,6,305.0,15.1
2024-12-14T17:00,26.3,56,16,107.0,12.6
2024-12-14T18:00,24.7,62,7,3.0,12.3
2024-12-14T19:00,23.8,66,2,0.0,11.5
2024-12-14T20:00,22.8,71,0,0.0,10.8
2024-12-14T21:00,22.0,77,0,0.0,10.8
2024-12-14T22:00,21.4,80,0,0.0,10.0
2024-12-14T23:00,20.7,84,0,0.0,9.2
2024-12-15T00:00,20.1,88,0,0.0,7.8
2024-12-15T01:00,19.5,92,0,0.0,6.0
2024-12-15T02:00,19.0,94,0,0.0,4.4
2024-12-15T03:00,18.8,94,0,0.0,3.6
2024-12-15T04:00,18.5,95,2,0.0,3.2
2024-12-15T05:00,18.0,98,6,0.0,3.6
2024-12-15T06:00,19.0,99,54,0.0,3.6
2024-12-15T07:00,19.9,95,13,45.0,4.8
2024-12-15T08:00,22.1,84,23,225.0,4.8
2024-12-15T09:00,23.8,73,48,411.0,11.1
2024-12-15T10:00,25.1,66,51,541.0,12.7
2024-12-15T11:00,26.4,59,29,627.0,12.3
2024-12-15T12:00,27.5,53,35,696.0,11.5
2024-12-15T13:00,28.3,48,16,720.0,12.1
2024-12-15T14:00,28.3,47,17,640.0,11.4
2024-12-15T15:00,28.2,47,10,503.0,10.2
2024-12-15T16:00,27.8,48,37,315.0,10.5
2024-12-15T17:00,26.0,55,35,113.0,8.7
2024-12-15T18:00,24.1,60,49,3.0,9.6
2024-12-15T19:00,22.9,65,5,0.0,7.8
2024-12-15T20:00,22.0,70,83,0.0,7.7
2024-12-15T21:00,21.0,74,100,0.0,6.7
2024-12-15T22:00,20.1,78,100,0.0,5.7
2024-12-15T23:00,19.7,80,100,0.0,4.1
2024-12-16T00:00,19.5,82,100,0.0,3.1
2024-12-16T01:00,19.2,85,99,0.0,3.6
2024-12-16T02:00,18.8,87,97,0.0,2.2
2024-12-16T03:00,18.6,88,92,0.0,1.0
2024-12-16T04:00,18.2,89,99,0.0,0.5
2024-12-16T05:00,17.9,89,100,0.0,0.6
2024-12-16T06:00,18.5,94,100,0.0,0.6
2024-12-16T07:00,19.6,91,100,46.0,1.5
2024-12-16T08:00,21.7,80,100,227.0,2.5
2024-12-16T09:00,23.4,70,100,432.0,5.5
2024-12-16T10:00,24.9,59,91,600.0,8.5
2024-12-16T11:00,26.1,53,98,750.0,8.0
2024-12-16T12:00,27.0,50,91,806.0,7.1
2024-12-16T13:00,27.7,48,13,784.0,6.4
2024-12-16T14:00,28.2,45,58,692.0,6.7
2024-12-16T15:00,28.4,41,74,536.0,7.8
2024-12-16T16:00,28.0,41,2,333.0,8.1
2024-12-16T17:00,25.7,50,0,120.0,6.8
2024-12-16T18:00,23.7,55,0,4.0,9.3
2024-12-16T19:00,22.3,60,0,0.0,8.9
2024-12-16T20:00,21.2,70,16,0.0,8.1
2024-12-16T21:00,20.6,76,100,0.0,8.5
2024-12-16T22:00,20.1,80,100,0.0,8.3
2024-12-16T23:00,19.5,84,100,0.0,7.4
2024-12-17T00:00,18.7,88,74,0.0,6.2
2024-12-17T01:00,18.0,90,79,0.0,4.9
2024-12-17T02:00,17.6,91,100,0.0,4.1
2024-12-17T03:00,17.6,91,13,0.0,1.5
2024-12-17T04:00,17.3,90,100,0.0,0.4
2024-12-17T05:00,16.9,91,97,0.0,0.9
2024-12-17T06:00,17.5,94,100,0.0,1.1
2024-12-17T07:00,18.9,90,98,41.0,5.8
2024-12-17T08:00,21.2,77,20,216.0,4.3
2024-12-17T09:00,23.2,65,13,449.0,5.4
2024-12-17T10:00,24.8,57,37,626.0,6.2
2024-12-17T11:00,26.3,50,97,744.0,6.1
2024-12-17T12:00,27.4,46,86,795.0,7.6
2024-12-17T13:00,28.3,43,89,777.0,6.9
2024-12-17T14:00,28.9,41,97,677.0,6.6
2024-12-17T15:00,29.1,40,99,506.0,6.7
2024-12-17T16:00,28.7,41,96,276.0,6.1
2024-12-17T17:00,26.6,57,85,108.0,3.2
2024-12-17T18:00,25.4,59,97,4.0,1.6
2024-12-17T19:00,24.4,61,99,0.0,6.4
2024-12-17T20:00,23.9,60,100,0.0,10.0
2024-12-17T21:00,23.2,62,100,0.0,8.3
2024-12-17T22:00,22.8,63,97,0.0,7.3
2024-12-17T23:00,21.9,67,87,0.0,5.4
2024-12-18T00:00,22.2,68,99,0.0,2.7
2024-12-18T01:00,22.6,69,100,0.0,3.0
2024-12-18T02:00,22.8,68,100,0.0,2.7
2024-12-18T03:00,22.4,69,100,0.0,4.0
2024-12-18T04:00,21.8,75,89,0.0,3.1
2024-12-18T05:00,21.0,77,92,0.0,0.6
2024-12-18T06:00,20.5,86,96,0.0,2.9
2024-12-18T07:00,21.5,82,87,43.0,6.7
2024-12-18T08:00,23.9,69,100,215.0,7.6
2024-12-18T09:00,25.4,62,99,398.0,10.0
2024-12-18T10:00,26.9,55,99,538.0,8.9
2024-12-18T11:00,28.2,50,97,631.0,9.2
2024-12-18T12:00,28.8,50,100,618.0,8.9
2024-12-18T13:00,29.9,49,98,758.0,8.3
2024-12-18T14:00,30.3,47,100,528.0,8.7
2024-12-18T15:00,29.9,48,100,206.0,5.8
2024-12-18T16:00,29.8,48,95,151.0,2.8
2024-12-18T17:00,28.6,62,100,96.0,2.3
2024-12-18T18:00,25.3,71,97,4.0,4.2
2024-12-18T19:00,24.4,75,91,0.0,3.3
2024-12-18T20:00,24.0,74,89,0.0,3.2
2024-12-18T21:00,24.2,73,99,0.0,1.4
2024-12-18T22:00,23.7,76,100,0.0,4.1
2024-12-18T23:00,23.2,81,99,0.0,5.8
2024-12-19T00:00,22.7,87,100,0.0,5.5
2024-12-19T01:00,22.5,90,99,0.0,5.9
2024-12-19T02:00,22.1,92,100,0.0,5.5
2024-12-19T03:00,21.8,94,99,0.0,5.4
2024-12-19T04:00,21.6,95,100,0.0,4.2
2024-12-19T05:00,21.7,96,100,0.0,2.7
2024-12-19T06:00,21.7,91,74,0.0,2.6
2024-12-19T07:00,22.9,84,66,40.0,6.1
2024-12-19T08:00,25.0,76,97,209.0,14.9
2024-12-19T09:00,26.3,69,95,361.0,16.1
2024-12-19T10:00,27.8,62,98,508.0,14.2
2024-12-19T11:00,29.2,56,100,638.0,13.5
2024-12-19T12:00,29.2,56,100,443.0,10.3
2024-12-19T13:00,29.8,55,99,464.0,10.2
2024-12-19T14:00,30.1,53,100,462.0,9.5
2024-12-19T15:00,30.0,54,100,315.0,8.3
2024-12-19T16:00,29.4,56,100,189.0,7.2
2024-12-19T17:00,27.9,66,100,82.0,8.6
2024-12-19T18:00,26.8,69,89,3.0,7.0
2024-12-19T19:00,25.7,77,100,0.0,9.0
2024-12-19T20:00,25.1,82,100,0.0,8.1
2024-12-19T21:00,24.7,85,100,0.0,7.4
2024-12-19T22:00,24.0,89,100,0.0,5.5
2024-12-19T23:00,23.5,93,100,0.0,4.1
2024-12-20T00:00,23.3,94,100,0.0,4.1
2024-12-20T01:00,22.9,95,98,0.0,3.6
2024-12-20T02:00,22.9,94,97,0.0,4.4
2024-12-20T03:00,22.3,96,88,0.0,4.2
2024-12-20T04:00,22.3,96,35,0.0,5.5
2024-12-20T05:00,22.0,97,64,0.0,5.4
2024-12-20T06:00,22.9,94,93,0.0,6.1
2024-12-20T07:00,23.6,92,95,38.0,6.9
2024-12-20T08:00,25.3,83,95,204.0,9.8
2024-12-20T09:00,26.9,75,98,373.0,10.8
2024-12-20T10:00,28.2,69,99,555.0,10.4
2024-12-20T11:00,29.1,65,98,674.0,10.7
2024-12-20T12:00,29.7,62,98,705.0,10.3
2024-12-20T13:00,30.2,58,92,669.0,9.2
2024-12-20T14:00,30.4,57,95,551.0,7.9
2024-12-20T15:00,30.4,56,96,442.0,7.1
2024-12-20T16:00,30.1,56,97,293.0,7.1
2024-12-20T17:00,28.9,61,92,97.0,3.3
2024-12-20T18:00,27.0,70,100,4.0,6.2
2024-12-20T19:00,26.1,74,99,0.0,5.7
2024-12-20T20:00,25.4,77,100,0.0,7.2
2024-12-20T21:00,25.2,79,100,0.0,7.6
2024-12-20T22:00,24.5,83,99,0.0,5.8
2024-12-20T23:00,24.0,86,88,0.0,6.7
2024-12-21T00:00,23.5,90,82,0.0,7.1
2024-12-21T01:00,23.1,93,16,0.0,5.3
2024-12-21T02:00,22.7,95,12,0.0,6.4
2024-12-21T03:00,22.4,96,8,0.0,5.9
2024-12-21T04:00,22.1,98,17,0.0,4.9
2024-12-21T05:00,21.9,98,70,0.0,3.8
2024-12-21T06:00,22.3,96,87,0.0,3.7
2024-12-21T07:00,22.9,95,71,36.0,4.7
2024-12-21T08:00,24.6,87,100,208.0,3.8
2024-12-21T09:00,26.5,78,68,407.0,3.7
2024-12-21T10:00,28.0,69,99,591.0,4.1
2024-12-21T11:00,29.2,61,99,673.0,6.6
2024-12-21T12:00,30.0,57,100,702.0,7.6
2024-12-21T13:00,30.2,55,100,607.0,7.6
2024-12-21T14:00,30.7,52,17,612.0,7.4
2024-12-21T15:00,30.6,50,21,468.0,6.4
2024-12-21T16:00,30.2,51,16,293.0,5.9
2024-12-21T17:00,28.8,61,16,109.0,3.3
2024-12-21T18:00,27.5,61,26,4.0,0.9
2024-12-21T19:00,26.9,63,48,0.0,3.3
2024-12-21T20:00,26.0,69,61,0.0,6.0
2024-12-21T21:00,25.1,72,31,0.0,4.8
2024-12-21T22:00,24.0,85,61,0.0,4.9
2024-12-21T23:00,24.0,83,50,0.0,7.5
2024-12-22T00:00,23.9,85,32,0.0,8.3
2024-12-22T01:00,23.1,87,13,0.0,7.0
2024-12-22T02:00,22.2,91,7,0.0,2.7
2024-12-22T03:00,22.0,91,8,0.0,0.9
2024-12-22T04:00,21.8,91,16,0.0,2.1
2024-12-22T05:00,21.4,94,14,0.0,3.7
2024-12-22T06:00,22.6,94,53,0.0,7.9
2024-12-22T07:00,23.3,90,23,29.0,11.1
2024-12-22T08:00,24.6,85,36,202.0,11.3
2024-12-22T09:00,25.8,78,100,360.0,10.8
2024-12-22T10:00,26.7,72,93,406.0,8.6
2024-12-22T11:00,27.3,69,36,470.0,6.9
2024-12-22T12:00,28.7,63,26,679.0,7.2
2024-12-22T13:00,29.6,57,27,689.0,8.3
2024-12-22T14:00,29.6,56,37,589.0,7.2
2024-12-22T15:00,29.3,55,27,459.0,7.6
2024-12-22T16:00,28.9,55,22,267.0,7.7
2024-12-22T17:00,28.0,58,22,106.0,10.0
2024-12-22T18:00,26.4,67,33,4.0,10.8
2024-12-22T19:00,25.6,72,46,0.0,9.5
2024-12-22T20:00,25.2,72,22,0.0,9.5
2024-12-22T21:00,24.6,73,10,0.0,10.9
2024-12-22T22:00,23.8,78,40,0.0,9.4
2024-12-22T23:00,23.1,82,90,0.0,8.7
2024-12-23T00:00,22.6,84,98,0.0,10.1
2024-12-23T01:00,22.2,85,90,0.0,11.0
2024-12-23T02:00,21.8,87,88,0.0,8.6
2024-12-23T03:00,21.3,89,77,0.0,7.3
2024-12-23T04:00,20.6,93,88,0.0,5.1
2024-12-23T05:00,20.4,95,86,0.0,4.0
2024-12-23T06:00,21.2,93,51,0.0,4.5
2024-12-23T07:00,22.1,89,11,38.0,7.8
2024-12-23T08:00,24.0,82,54,210.0,12.6
2024-12-23T09:00,25.5,72,47,354.0,13.9
2024-12-23T10:00,26.9,66,6,534.0,11.4
2024-12-23T11:00,28.4,57,17,695.0,12.1
2024-12-23T12:00,29.5,52,24,705.0,11.7
2024-12-23T13:00,30.3,48,23,690.0,10.6
2024-12-23T14:00,30.7,45,23,612.0,8.5
2024-12-23T15:00,30.7,43,37,495.0,7.1
2024-12-23T16:00,30.3,43,63,283.0,6.4
2024-12-23T17:00,28.7,51,71,95.0,4.2
2024-12-23T18:00,26.6,65,24,5.0,3.3
2024-12-23T19:00,25.7,69,88,0.0,3.6
2024-12-23T20:00,25.3,68,14,0.0,6.3
2024-12-23T21:00,24.3,69,0,0.0,7.8
2024-12-23T22:00,23.8,72,0,0.0,10.5
2024-12-23T23:00,23.2,76,0,0.0,11.4
2024-12-24T00:00,22.5,82,0,0.0,10.8
2024-12-24T01:00,21.9,88,2,0.0,8.4
2024-12-24T02:00,21.4,94,63,0.0,7.2
2024-12-24T03:00,22.0,93,52,0.0,6.9
2024-12-24T04:00,22.1,93,100,0.0,4.5
2024-12-24T05:00,22.4,91,100,0.0,5.1
2024-12-24T06:00,23.2,89,100,0.0,7.5
2024-12-24T07:00,23.6,85,100,25.0,9.1
2024-12-24T08:00,24.4,79,100,133.0,7.3
2024-12-24T09:00,25.1,75,100,215.0,4.7
2024-12-24T10:00,26.0,70,31,328.0,2.7
2024-12-24T11:00,27.8,60,24,644.0,4.6
2024-12-24T12:00,28.6,55,27,666.0,6.5
2024-12-24T13:00,29.4,51,9,718.0,8.5
2024-12-24T14:00,29.8,49,17,664.0,8.6
2024-12-24T15:00,29.9,46,100,506.0,5.6
2024-12-24T16:00,29.9,44,97,188.0,6.2
2024-12-24T17:00,27.8,55,46,63.0,15.0
2024-12-24T18:00,25.7,58,100,3.0,12.8
2024-12-24T19:00,25.0,63,100,0.0,12.1
2024-12-24T20:00,24.5,67,98,0.0,10.5
2024-12-24T21:00,24.0,71,69,0.0,9.3
2024-12-24T22:00,23.1,77,97,0.0,7.6
2024-12-24T23:00,23.2,77,100,0.0,8.1
2024-12-25T00:00,23.3,78,99,0.0,9.9
2024-12-25T01:00,23.0,79,84,0.0,8.9
2024-12-25T02:00,22.2,83,15,0.0,7.5
2024-12-25T03:00,21.3,88,3,0.0,4.8
2024-12-25T04:00,20.7,91,3,0.0,4.2
2024-12-25T05:00,20.5,93,18,0.0,3.9
2024-12-25T06:00,20.7,94,33,0.0,3.3
2024-12-25T07:00,21.7,89,28,33.0,3.6
2024-12-25T08:00,23.3,81,90,191.0,5.2
2024-12-25T09:00,24.9,73,96,333.0,6.7
2024-12-25T10:00,26.0,68,100,411.0,8.4
2024-12-25T11:00,26.4,67,100,280.0,8.1
2024-12-25T12:00,27.2,62,100,326.0,7.7
2024-12-25T13:00,27.6,61,100,321.0,7.1
2024-12-25T14:00,27.7,61,98,260.0,7.7
2024-12-25T15:00,28.2,59,98,287.0,7.4
2024-12-25T16:00,28.0,59,100,141.0,6.0
2024-12-25T17:00,27.5,63,15,56.0,2.8
2024-12-25T18:00,24.2,76,13,5.0,3.8
2024-12-25T19:00,23.5,80,21,0.0,4.8
2024-12-25T20:00,23.2,82,14,0.0,5.2
2024-12-25T21:00,22.7,86,5,0.0,5.2
2024-12-25T22:00,22.2,89,29,0.0,5.7
2024-12-25T23:00,22.3,88,100,0.0,4.7
2024-12-26T00:00,22.4,88,26,0.0,3.7
2024-12-26T01:00,21.7,92,56,0.0,4.4
2024-12-26T02:00,22.0,92,100,0.0,7.0
2024-12-26T03:00,22.3,92,93,0.0,9.0
2024-12-26T04:00,22.0,94,90,0.0,8.8
2024-12-26T05:00,21.9,95,94,0.0,9.1
2024-12-26T06:00,22.4,94,100,0.0,10.6
2024-12-26T07:00,22.5,92,69,15.0,10.9
2024-12-26T08:00,23.5,86,98,132.0,13.0
2024-12-26T09:00,24.0,86,100,195.0,14.0
2024-12-26T10:00,24.6,81,100,209.0,15.5
2024-12-26T11:00,26.0,74,100,363.0,18.3
2024-12-26T12:00,26.0,74,100,274.0,14.1
2024-12-26T13:00,27.4,67,91,392.0,15.8
2024-12-26T14:00,25.8,77,70,341.0,15.1
2024-12-26T15:00,25.7,78,83,388.0,19.9
2024-12-26T16:00,24.5,86,40,217.0,12.1
2024-12-26T17:00,24.6,86,30,97.0,13.0
2024-12-26T18:00,23.9,89,54,4.0,10.6
2024-12-26T19:00,23.5,92,25,0.0,12.4
2024-12-26T20:00,23.1,93,28,0.0,11.2
2024-12-26T21:00,23.0,92,68,0.0,11.5
2024-12-26T22:00,22.7,95,100,0.0,12.6
2024-12-26T23:00,23.0,94,100,0.0,11.9
2024-12-27T00:00,22.8,94,80,0.0,11.5
2024-12-27T01:00,22.7,94,100,0.0,12.4
2024-12-27T02:00,22.6,95,100,0.0,12.3
2024-12-27T03:00,22.6,94,93,0.0,13.5
2024-12-27T04:00,22.4,96,50,0.0,11.6
2024-12-27T05:00,22.2,96,100,0.0,13.9
2024-12-27T06:00,22.3,96,100,0.0,11.9
2024-12-27T07:00,23.1,92,81,20.0,14.8
2024-12-27T08:00,23.0,92,100,107.0,18.7
2024-12-27T09:00,24.9,81,100,216.0,19.9
2024-12-27T10:00,25.9,76,77,374.0,20.9
2024-12-27T11:00,26.4,75,36,482.0,19.3
2024-12-27T12:00,28.0,64,36,568.0,22.0
2024-12-27T13:00,29.1,58,39,618.0,21.3
2024-12-27T14:00,29.5,55,21,614.0,22.0
2024-12-27T15:00,29.1,55,15,463.0,23.2
2024-12-27T16:00,28.3,58,23,307.0,21.3
2024-12-27T17:00,27.0,62,31,119.0,17.0
2024-12-27T18:00,25.7,68,57,5.0,14.1
2024-12-27T19:00,24.6,72,45,0.0,13.0
2024-12-27T20:00,23.8,75,20,0.0,11.5
2024-12-27T21:00,22.9,79,5,0.0,10.1
2024-12-27T22:00,22.1,85,2,0.0,8.4
2024-12-27T23:00,21.7,88,1,0.0,8.1
2024-12-28T00:00,21.4,91,3,0.0,8.5
2024-12-28T01:00,21.1,93,7,0.0,8.0
2024-12-28T02:00,20.7,95,10,0.0,6.7
2024-12-28T03:00,20.4,96,22,0.0,5.0
2024-12-28T04:00,20.3,97,14,0.0,5.3
2024-12-28T05:00,20.2,97,22,0.0,5.6
2024-12-28T06:00,20.9,98,7,0.0,4.8
2024-12-28T07:00,21.7,95,19,32.0,7.3
2024-12-28T08:00,23.6,85,29,192.0,13.6
2024-12-28T09:00,25.3,73,36,370.0,15.5
2024-12-28T10:00,26.9,64,9,526.0,15.1
2024-12-28T11:00,28.2,57,9,707.0,15.4
2024-12-28T12:00,29.2,50,32,757.0,17.3
2024-12-28T13:00,30.2,45,40,699.0,18.4
2024-12-28T14:00,30.2,45,16,643.0,18.6
2024-12-28T15:00,29.8,45,19,494.0,18.0
2024-12-28T16:00,29.1,47,12,318.0,16.9
2024-12-28T17:00,27.7,53,7,124.0,12.5
2024-12-28T18:00,26.1,59,15,7.0,12.8
2024-12-28T19:00,25.3,64,1,0.0,12.7
2024-12-28T20:00,24.2,70,1,0.0,11.9
2024-12-28T21:00,23.4,76,0,0.0,11.1
2024-12-28T22:00,22.5,82,0,0.0,9.3
2024-12-28T23:00,21.7,89,90,0.0,8.1
2024-12-29T00:00,21.1,93,0,0.0,8.1
2024-12-29T01:00,20.9,95,0,0.0,9.0
2024-12-29T02:00,20.7,97,0,0.0,8.8
2024-12-29T03:00,20.6,98,5,0.0,7.1
2024-12-29T04:00,20.3,98,14,0.0,5.5
2024-12-29T05:00,20.1,99,26,0.0,5.2
2024-12-29T06:00,21.2,100,99,0.0,5.2
2024-12-29T07:00,21.7,97,37,26.0,6.8
2024-12-29T08:00,22.9,88,45,167.0,9.4
2024-12-29T09:00,24.9,74,17,375.0,11.3
2024-12-29T10:00,26.4,65,10,561.0,11.1
2024-12-29T11:00,27.8,58,12,706.0,10.1
2024-12-29T12:00,28.7,54,97,768.0,8.7
2024-12-29T13:00,29.3,52,69,739.0,9.4
2024-12-29T14:00,29.6,50,100,685.0,9.5
2024-12-29T15:00,29.6,49,94,536.0,10.0
2024-12-29T16:00,29.3,48,91,341.0,9.6
2024-12-29T17:00,27.9,53,5,135.0,5.8
2024-12-29T18:00,25.8,61,9,7.0,7.6
2024-12-29T19:00,25.0,61,0,0.0,10.9
2024-12-29T20:00,24.0,68,0,0.0,9.9
2024-12-29T21:00,22.9,74,0,0.0,7.9
2024-12-29T22:00,22.1,80,0,0.0,7.6
2024-12-29T23:00,21.5,85,0,0.0,7.0
2024-12-30T00:00,20.7,90,13,0.0,5.5
2024-12-30T01:00,20.5,91,84,0.0,3.7
2024-12-30T02:00,20.4,91,79,0.0,2.0
2024-12-30T03:00,20.1,92,0,0.0,0.9
2024-12-30T04:00,19.5,94,96,0.0,1.0
2024-12-30T05:00,18.9,96,80,0.0,3.1
2024-12-30T06:00,19.7,97,95,0.0,0.9
2024-12-30T07:00,20.7,93,100,33.0,1.3
2024-12-30T08:00,23.4,79,100,206.0,0.5
2024-12-30T09:00,25.3,70,99,414.0,4.5
2024-12-30T10:00,27.0,59,100,589.0,8.8
2024-12-30T11:00,28.3,53,100,711.0,11.0
2024-12-30T12:00,29.7,44,100,775.0,12.8
2024-12-30T13:00,30.5,38,98,762.0,14.8
2024-12-30T14:00,30.6,35,88,682.0,16.1
2024-12-30T15:00,30.4,35,16,544.0,16.9
2024-12-30T16:00,29.5,37,14,351.0,16.6
2024-12-30T17:00,27.7,45,97,140.0,14.3
2024-12-30T18:00,26.2,52,0,8.0,13.3
2024-12-30T19:00,25.3,60,0,0.0,13.7
2024-12-30T20:00,24.5,67,0,0.0,10.9
2024-12-30T21:00,23.2,74,0,0.0,7.9
2024-12-30T22:00,21.9,80,0,0.0,6.6
2024-12-30T23:00,21.4,83,0,0.0,6.9
2024-12-31T00:00,21.0,84,0,0.0,6.7
2024-12-31T01:00,20.3,88,0,0.0,6.1
2024-12-31T02:00,19.7,89,11,0.0,6.1
2024-12-31T03:00,19.5,89,15,0.0,6.2
2024-12-31T04:00,19.3,88,17,0.0,5.5
2024-12-31T05:00,19.2,87,6,0.0,4.0
2024-12-31T06:00,19.6,89,97,0.0,4.7
2024-12-31T07:00,20.7,85,86,34.0,7.1
2024-12-31T08:00,22.9,75,1,208.0,5.2
2024-12-31T09:00,24.8,68,45,423.0,6.9
2024-12-31T10:00,26.7,60,90,605.0,8.2
2024-12-31T11:00,28.4,51,99,728.0,10.3
2024-12-31T12:00,29.5,47,100,789.0,12.5
2024-12-31T13:00,30.5,40,96,771.0,13.4
2024-12-31T14:00,30.8,37,100,696.0,15.1
2024-12-31T15:00,30.5,36,100,546.0,16.4
2024-12-31T16:00,29.7,36,62,351.0,15.6
2024-12-31T17:00,27.7,43,13,144.0,12.1
2024-12-31T18:00,25.9,49,3,9.0,11.3
2024-12-31T19:00,25.1,58,22,0.0,11.5
2024-12-31T20:00,24.1,66,68,0.0,10.4
2024-12-31T21:00,23.1,73,85,0.0,8.8
2024-12-31T22:00,22.2,78,100,0.0,8.3
2024-12-31T23:00,21.3,83,86,0.0,6.8
2025-01-01T00:00,20.6,86,95,0.0,6.3
2025-01-01T01:00,20.1,88,84,0.0,6.0
2025-01-01T02:00,19.9,88,89,0.0,6.8
2025-01-01T03:00,19.6,89,100,0.0,6.1
2025-01-01T04:00,19.3,91,94,0.0,4.9
2025-01-01T05:00,19.1,92,2,0.0,4.4
2025-01-01T06:00,19.9,94,0,0.0,2.2
2025-01-01T07:00,20.8,91,0,33.0,2.9
2025-01-01T08:00,23.1,80,0,209.0,2.7
2025-01-01T09:00,25.2,71,2,424.0,6.0
2025-01-01T10:00,26.8,62,0,607.0,8.1
2025-01-01T11:00,28.3,54,85,736.0,11.0
2025-01-01T12:00,29.4,48,100,762.0,11.8
2025-01-01T13:00,30.1,44,100,726.0,11.0
2025-01-01T14:00,30.4,44,98,645.0,11.0
2025-01-01T15:00,30.4,43,33,516.0,11.4
2025-01-01T16:00,30.0,44,15,344.0,12.7
2025-01-01T17:00,28.3,50,19,136.0,11.0
2025-01-01T18:00,26.2,56,53,9.0,10.4
2025-01-01T19:00,25.3,58,90,0.0,11.2
2025-01-01T20:00,24.1,63,78,0.0,9.0
2025-01-01T21:00,22.9,71,14,0.0,8.6
2025-01-01T22:00,22.3,81,10,0.0,9.0
2025-01-01T23:00,21.7,88,0,0.0,8.5
2025-01-02T00:00,21.1,92,0,0.0,7.2
2025-01-02T01:00,20.4,95,0,0.0,5.9
2025-01-02T02:00,19.9,96,79,0.0,4.0
2025-01-02T03:00,19.6,97,98,0.0,1.5
2025-01-02T04:00,19.2,99,96,0.0,0.6
2025-01-02T05:00,18.9,100,100,0.0,0.3
2025-01-02T06:00,19.9,100,100,0.0,4.0
2025-01-02T07:00,20.5,98,100,23.0,5.0
2025-01-02T08:00,21.5,91,100,122.0,6.3
2025-01-02T09:00,23.5,79,100,302.0,6.3
2025-01-02T10:00,25.8,64,100,515.0,8.7
2025-01-02T11:00,27.3,55,100,671.0,11.7
2025-01-02T12:00,28.1,51,100,699.0,11.2
2025-01-02T13:00,28.9,49,100,686.0,10.2
2025-01-02T14:00,29.5,46,100,609.0,11.6
2025-01-02T15:00,29.3,46,100,437.0,12.5
2025-01-02T16:00,28.8,46,100,293.0,13.0
2025-01-02T17:00,27.6,48,100,113.0,11.8
2025-01-02T18:00,25.6,51,100,9.0,10.1
2025-01-02T19:00,24.3,56,100,0.0,10.3
2025-01-02T20:00,23.4,70,100,0.0,11.1
2025-01-02T21:00,22.5,84,99,0.0,9.8
2025-01-02T22:00,21.9,89,100,0.0,9.3
2025-01-02T23:00,21.3,89,100,0.0,8.4
2025-01-03T00:00,20.8,91,100,0.0,7.5
2025-01-03T01:00,20.1,93,46,0.0,6.3
2025-01-03T02:00,19.5,95,17,0.0,5.2
2025-01-03T03:00,19.1,95,55,0.0,3.6
2025-01-03T04:00,18.9,95,88,0.0,1.4
2025-01-03T05:00,18.8,95,99,0.0,1.2
2025-01-03T06:00,19.5,96,100,0.0,0.5
2025-01-03T07:00,20.3,93,99,30.0,3.6
2025-01-03T08:00,22.2,83,100,193.0,4.9
2025-01-03T09:00,24.0,72,99,391.0,7.6
2025-01-03T10:00,25.8,61,100,575.0,12.4
2025-01-03T11:00,27.4,52,100,656.0,13.0
2025-01-03T12:00,28.4,48,100,653.0,12.3
2025-01-03T13:00,29.2,46,100,733.0,12.5
2025-01-03T14:00,29.6,44,100,656.0,12.9
2025-01-03T15:00,29.7,41,100,533.0,14.0
2025-01-03T16:00,29.0,42,92,343.0,15.7
2025-01-03T17:00,27.3,47,22,142.0,13.9
2025-01-03T18:00,25.3,53,0,10.0,11.7
2025-01-03T19:00,24.1,59,0,0.0,10.9
2025-01-03T20:00,22.9,67,6,0.0,10.0
2025-01-03T21:00,21.9,73,5,0.0,10.6
2025-01-03T22:00,21.2,79,39,0.0,9.8
2025-01-03T23:00,20.2,85,89,0.0,7.9
2025-01-04T00:00,19.4,90,0,0.0,6.4
2025-01-04T01:00,18.8,92,0,0.0,5.9
2025-01-04T02:00,18.3,92,0,0.0,5.3
2025-01-04T03:00,18.2,91,0,0.0,4.0
2025-01-04T04:00,18.0,90,0,0.0,3.1
2025-01-04T05:00,17.7,90,0,0.0,2.2
2025-01-04T06:00,18.3,90,0,0.0,2.1
2025-01-04T07:00,19.2,85,0,31.0,3.2
2025-01-04T08:00,21.3,77,0,205.0,3.6
2025-01-04T09:00,23.3,69,0,418.0,6.6
2025-01-04T10:00,25.0,62,7,604.0,8.5
2025-01-04T11:00,26.6,54,83,713.0,11.6
2025-01-04T12:00,27.7,47,36,721.0,11.2
2025-01-04T13:00,28.6,45,10,753.0,11.7
2025-01-04T14:00,28.9,44,11,690.0,13.6
2025-01-04T15:00,29.1,43,4,545.0,13.1
2025-01-04T16:00,28.8,44,9,358.0,13.4
2025-01-04T17:00,27.2,48,18,148.0,11.9
2025-01-04T18:00,25.8,54,9,9.0,8.0
2025-01-04T19:00,24.0,60,0,0.0,7.8
2025-01-04T20:00,23.2,64,0,0.0,10.0
2025-01-04T21:00,22.6,69,0,0.0,10.7
2025-01-04T22:00,21.8,77,0,0.0,11.1
2025-01-04T23:00,20.9,86,0,0.0,9.9
2025-01-05T00:00,20.2,92,0,0.0,9.0
2025-01-05T01:00,19.8,94,0,0.0,8.2
2025-01-05T02:00,19.3,97,0,0.0,6.5
2025-01-05T03:00,18.9,98,0,0.0,5.7
2025-01-05T04:00,18.5,98,19,0.0,5.1
2025-01-05T05:00,18.0,99,43,0.0,4.7
2025-01-05T06:00,19.8,98,100,0.0,5.1
2025-01-05T07:00,19.9,97,100,15.0,3.7
2025-01-05T08:00,20.6,92,95,98.0,4.7
2025-01-05T09:00,22.5,77,31,261.0,7.2
2025-01-05T10:00,24.5,66,7,569.0,7.2
2025-01-05T11:00,26.3,55,6,733.0,9.0
2025-01-05T12:00,27.5,48,11,784.0,8.7
2025-01-05T13:00,28.3,44,4,775.0,8.6
2025-01-05T14:00,28.9,41,2,703.0,9.4
2025-01-05T15:00,29.0,40,5,565.0,11.0
2025-01-05T16:00,28.6,41,3,366.0,10.4
2025-01-05T17:00,27.3,44,3,154.0,9.2
2025-01-05T18:00,25.1,49,0,11.0,9.1
2025-01-05T19:00,23.9,55,0,0.0,8.9
2025-01-05T20:00,23.2,62,0,0.0,11.6
2025-01-05T21:00,22.2,71,0,0.0,12.3
2025-01-05T22:00,21.5,80,0,0.0,12.5
2025-01-05T23:00,20.8,87,0,0.0,12.0
2025-01-06T00:00,20.1,92,0,0.0,10.5
2025-01-06T01:00,19.6,95,0,0.0,8.2
2025-01-06T02:00,19.1,96,0,0.0,6.1
2025-01-06T03:00,18.6,97,0,0.0,5.7
2025-01-06T04:00,18.1,98,0,0.0,5.1
2025-01-06T05:00,17.9,98,0,0.0,3.7
2025-01-06T06:00,19.7,99,100,0.0,9.8
2025-01-06T07:00,20.0,95,99,11.0,10.1
2025-01-06T08:00,21.2,85,21,133.0,10.6
2025-01-06T09:00,23.0,71,8,387.0,10.9
2025-01-06T10:00,24.9,52,0,606.0,11.3
2025-01-06T11:00,26.2,44,0,755.0,10.9
2025-01-06T12:00,27.2,40,0,824.0,10.5
2025-01-06T13:00,28.1,36,0,816.0,9.8
2025-01-06T14:00,28.7,34,0,733.0,8.7
2025-01-06T15:00,28.9,33,0,583.0,8.5
2025-01-06T16:00,28.6,32,0,382.0,9.7
2025-01-06T17:00,26.9,37,0,162.0,8.2
2025-01-06T18:00,24.7,48,0,12.0,8.9
2025-01-06T19:00,24.2,53,1,0.0,11.1
2025-01-06T20:00,22.9,60,3,0.0,10.8
2025-01-06T21:00,22.3,64,0,0.0,11.6
2025-01-06T22:00,21.7,67,1,0.0,10.6
2025-01-06T23:00,21.3,72,0,0.0,12.2
2025-01-07T00:00,20.7,80,0,0.0,10.7
2025-01-07T01:00,20.0,85,0,0.0,9.2
2025-01-07T02:00,19.3,90,0,0.0,6.8
2025-01-07T03:00,18.6,93,0,0.0,5.6
2025-01-07T04:00,18.2,94,0,0.0,5.9
2025-01-07T05:00,18.0,94,0,0.0,5.8
2025-01-07T06:00,18.8,98,0,0.0,5.1
2025-01-07T07:00,19.7,96,0,30.0,8.6
2025-01-07T08:00,21.9,84,0,204.0,8.5
2025-01-07T09:00,24.0,71,0,420.0,10.0
2025-01-07T10:00,25.9,59,0,611.0,8.0
2025-01-07T11:00,27.3,50,29,746.0,6.2
2025-01-07T12:00,28.4,44,44,811.0,5.1
2025-01-07T13:00,29.3,40,58,802.0,4.7
2025-01-07T14:00,29.9,36,66,722.0,5.8
2025-01-07T15:00,30.0,34,65,577.0,6.8
2025-01-07T16:00,29.5,35,11,379.0,7.0
2025-01-07T17:00,27.8,41,3,161.0,5.1
2025-01-07T18:00,24.7,51,0,13.0,6.0
2025-01-07T19:00,24.3,53,0,0.0,2.5
2025-01-07T20:00,23.7,55,1,0.0,10.9
2025-01-07T21:00,23.1,57,0,0.0,10.8
2025-01-07T22:00,22.1,62,0,0.0,9.8
2025-01-07T23:00,21.3,69,0,0.0,9.4
2025-01-08T00:00,20.7,77,0,0.0,9.5
2025-01-08T01:00,20.2,82,0,0.0,9.0
2025-01-08T02:00,19.3,88,0,0.0,6.5
2025-01-08T03:00,18.4,92,0,0.0,5.6
2025-01-08T04:00,18.1,93,0,0.0,3.7
2025-01-08T05:00,18.1,93,0,0.0,1.4
2025-01-08T06:00,18.5,94,0,0.0,1.4
2025-01-08T07:00,19.3,92,0,30.0,1.2
2025-01-08T08:00,21.7,78,0,206.0,1.1
2025-01-08T09:00,24.1,63,0,423.0,2.6
2025-01-08T10:00,26.0,53,0,612.0,4.8
2025-01-08T11:00,27.5,45,0,747.0,6.8
2025-01-08T12:00,28.7,39,0,814.0,8.0
2025-01-08T13:00,29.5,35,0,808.0,9.0
2025-01-08T14:00,29.8,34,0,728.0,9.0
2025-01-08T15:00,29.7,35,1,578.0,7.4
2025-01-08T16:00,29.6,37,7,377.0,7.0
2025-01-08T17:00,28.4,40,9,158.0,5.8
2025-01-08T18:00,25.4,51,10,13.0,5.1
2025-01-08T19:00,24.9,48,3,0.0,12.1
2025-01-08T20:00,23.7,54,0,0.0,11.2
2025-01-08T21:00,23.0,60,0,0.0,13.5
2025-01-08T22:00,22.2,65,0,0.0,12.1
2025-01-08T23:00,21.4,69,0,0.0,11.7
2025-01-09T00:00,20.5,73,0,0.0,10.2
2025-01-09T01:00,19.7,77,0,0.0,8.8
2025-01-09T02:00,18.7,84,0,0.0,6.1
2025-01-09T03:00,18.1,89,0,0.0,4.3
2025-01-09T04:00,17.9,90,0,0.0,2.2
2025-01-09T05:00,17.8,90,0,0.0,2.0
2025-01-09T06:00,18.3,94,0,0.0,1.5
2025-01-09T07:00,19.2,92,0,29.0,4.8
2025-01-09T08:00,21.4,81,0,199.0,5.8
2025-01-09T09:00,23.5,69,13,413.0,10.1
2025-01-09T10:00,25.2,59,63,573.0,17.1
2025-01-09T11:00,26.9,50,53,590.0,18.2
2025-01-09T12:00,27.9,45,78,585.0,18.1
2025-01-09T13:00,28.3,43,55,516.0,17.7
2025-01-09T14:00,29.0,39,38,564.0,19.6
2025-01-09T15:00,28.6,39,15,410.0,19.2
2025-01-09T16:00,28.4,41,100,334.0,18.0
2025-01-09T17:00,27.0,45,99,106.0,18.4
2025-01-09T18:00,25.4,52,9,11.0,14.1
2025-01-09T19:00,24.3,55,4,0.0,14.7
2025-01-09T20:00,23.3,59,2,0.0,15.9
2025-01-09T21:00,22.4,66,2,0.0,15.8
2025-01-09T22:00,21.8,71,1,0.0,14.1
2025-01-09T23:00,21.3,73,0,0.0,12.4
2025-01-10T00:00,20.8,74,0,0.0,10.9
2025-01-10T01:00,20.0,77,0,0.0,8.3
2025-01-10T02:00,19.0,82,0,0.0,5.5
2025-01-10T03:00,18.4,84,0,0.0,3.9
2025-01-10T04:00,18.0,87,0,0.0,3.9
2025-01-10T05:00,17.6,89,0,0.0,4.1
2025-01-10T06:00,18.3,93,0,0.0,3.6
2025-01-10T07:00,19.3,88,1,28.0,5.8
2025-01-10T08:00,21.9,76,10,194.0,5.0
2025-01-10T09:00,24.0,70,53,394.0,11.3
2025-01-10T10:00,26.1,58,88,503.0,17.3
2025-01-10T11:00,27.6,51,92,553.0,17.0
2025-01-10T12:00,29.0,45,97,664.0,16.5
2025-01-10T13:00,28.5,49,82,479.0,18.6
2025-01-10T14:00,29.4,45,65,548.0,16.3
2025-01-10T15:00,28.8,47,90,362.0,17.9
2025-01-10T16:00,27.3,56,85,180.0,19.9
2025-01-10T17:00,26.2,63,78,87.0,18.2
2025-01-10T18:00,24.7,71,24,7.0,18.7
2025-01-10T19:00,23.5,78,3,0.0,15.9
2025-01-10T20:00,23.0,79,0,0.0,14.6
2025-01-10T21:00,22.6,77,3,0.0,13.4
2025-01-10T22:00,22.2,77,0,0.0,12.7
2025-01-10T23:00,21.6,79,0,0.0,11.2
2025-01-11T00:00,21.2,82,0,0.0,10.0
2025-01-11T01:00,20.7,84,1,0.0,8.4
2025-01-11T02:00,20.3,86,14,0.0,7.9
2025-01-11T03:00,20.0,88,89,0.0,8.2
2025-01-11T04:00,19.8,89,95,0.0,8.9
2025-01-11T05:00,19.6,90,60,0.0,8.6
2025-01-11T06:00,20.4,91,97,0.0,7.2
2025-01-11T07:00,21.2,89,100,26.0,9.7
2025-01-11T08:00,22.9,82,98,181.0,14.7
2025-01-11T09:00,24.6,71,100,298.0,16.1
2025-01-11T10:00,25.7,66,100,377.0,15.7
2025-01-11T11:00,26.6,61,98,396.0,14.1
2025-01-11T12:00,27.7,56,97,491.0,14.3
2025-01-11T13:00,27.7,55,86,398.0,14.8
2025-01-11T14:00,28.4,51,99,480.0,13.0
2025-01-11T15:00,28.4,50,100,325.0,11.9
2025-01-11T16:00,28.1,50,100,202.0,11.6
2025-01-11T17:00,27.3,53,100,96.0,11.0
2025-01-11T18:00,25.7,59,100,9.0,9.6
2025-01-11T19:00,24.4,64,100,0.0,11.3
2025-01-11T20:00,23.5,68,100,0.0,10.9
2025-01-11T21:00,23.0,71,100,0.0,12.0
2025-01-11T22:00,22.2,77,100,0.0,16.3
2025-01-11T23:00,21.7,79,100,0.0,15.8
2025-01-12T00:00,21.2,80,100,0.0,15.5
2025-01-12T01:00,20.9,81,100,0.0,16.0
2025-01-12T02:00,20.4,83,96,0.0,12.7
2025-01-12T03:00,19.8,86,100,0.0,10.1
2025-01-12T04:00,19.4,88,12,0.0,8.7
2025-01-12T05:00,19.0,90,21,0.0,7.5
2025-01-12T06:00,19.6,91,2,0.0,6.7
2025-01-12T07:00,20.3,88,77,27.0,9.3
2025-01-12T08:00,22.3,80,75,190.0,10.3
2025-01-12T09:00,24.3,68,94,395.0,15.8
2025-01-12T10:00,26.5,55,100,544.0,14.3
2025-01-12T11:00,27.7,52,100,683.0,13.4
2025-01-12T12:00,28.6,49,94,766.0,11.8
2025-01-12T13:00,29.4,47,88,788.0,10.5
2025-01-12T14:00,30.0,45,30,710.0,10.5
2025-01-12T15:00,30.3,44,20,572.0,10.5
2025-01-12T16:00,30.2,44,56,378.0,11.9
2025-01-12T17:00,29.0,47,53,154.0,13.2
2025-01-12T18:00,26.8,54,99,14.0,11.0
2025-01-12T19:00,25.6,57,100,0.0,11.6
2025-01-12T20:00,25.1,64,100,0.0,12.8
2025-01-12T21:00,24.2,74,97,0.0,14.6
2025-01-12T22:00,23.1,81,99,0.0,13.8
2025-01-12T23:00,22.3,84,1,0.0,13.6
2025-01-13T00:00,21.7,87,0,0.0,13.2
2025-01-13T01:00,21.1,90,0,0.0,12.0
2025-01-13T02:00,20.7,95,7,0.0,10.1
2025-01-13T03:00,20.4,98,21,0.0,8.3
2025-01-13T04:00,20.3,98,25,0.0,6.8
2025-01-13T05:00,20.2,99,43,0.0,6.4
2025-01-13T06:00,21.1,98,50,0.0,8.2
2025-01-13T07:00,21.5,96,16,25.0,10.6
2025-01-13T08:00,23.3,82,43,182.0,14.3
2025-01-13T09:00,25.0,72,87,339.0,14.1
2025-01-13T10:00,26.8,63,100,463.0,12.9
2025-01-13T11:00,28.4,55,81,530.0,12.5
2025-01-13T12:00,29.7,50,71,610.0,11.7
2025-01-13T13:00,30.8,45,44,599.0,10.3
2025-01-13T14:00,31.7,41,49,669.0,10.1
2025-01-13T15:00,31.9,40,36,516.0,11.0
2025-01-13T16:00,30.6,47,45,327.0,14.5
2025-01-13T17:00,28.3,56,16,139.0,21.2
2025-01-13T18:00,25.8,71,28,14.0,17.3
2025-01-13T19:00,24.9,76,57,0.0,15.5
2025-01-13T20:00,24.4,80,16,0.0,17.5
2025-01-13T21:00,23.7,83,51,0.0,16.0
2025-01-13T22:00,23.6,84,100,0.0,13.6
2025-01-13T23:00,23.6,85,100,0.0,12.1
2025-01-14T00:00,23.5,85,64,0.0,10.0
2025-01-14T01:00,22.7,89,81,0.0,6.4
2025-01-14T02:00,22.5,91,100,0.0,5.8
2025-01-14T03:00,22.7,89,100,0.0,7.2
2025-01-14T04:00,22.8,89,100,0.0,7.4
2025-01-14T05:00,22.8,89,100,0.0,7.9
2025-01-14T06:00,23.1,88,100,0.0,9.6
2025-01-14T07:00,23.4,86,100,14.0,10.3
2025-01-14T08:00,24.5,79,75,166.0,13.2
2025-01-14T09:00,26.2,66,90,371.0,15.7
2025-01-14T10:00,28.0,56,89,540.0,18.1
2025-01-14T11:00,29.5,49,79,674.0,18.4
2025-01-14T12:00,30.4,45,64,718.0,18.4
2025-01-14T13:00,31.0,43,76,721.0,16.9
2025-01-14T14:00,31.4,40,98,644.0,16.5
2025-01-14T15:00,30.4,42,100,269.0,16.3
2025-01-14T16:00,28.9,49,100,199.0,23.6
2025-01-14T17:00,28.0,52,74,61.0,20.3
2025-01-14T18:00,26.4,58,13,15.0,14.6
2025-01-14T19:00,25.5,60,0,0.0,16.6
2025-01-14T20:00,24.5,65,74,0.0,16.9
2025-01-14T21:00,23.7,70,57,0.0,16.2
2025-01-14T22:00,23.0,75,25,0.0,15.8
2025-01-14T23:00,22.5,80,42,0.0,14.1
2025-01-15T00:00,22.1,83,92,0.0,12.9
2025-01-15T01:00,21.7,85,95,0.0,12.0
2025-01-15T02:00,21.3,87,91,0.0,10.1
2025-01-15T03:00,20.9,89,91,0.0,8.0
2025-01-15T04:00,20.5,92,15,0.0,7.0
2025-01-15T05:00,20.2,94,10,0.0,6.4
2025-01-15T06:00,20.5,94,11,0.0,6.3
2025-01-15T07:00,21.3,90,12,25.0,9.0
2025-01-15T08:00,23.4,80,14,185.0,10.7
2025-01-15T09:00,25.4,68,48,389.0,18.5
2025-01-15T10:00,27.3,56,42,525.0,20.4
2025-01-15T11:00,28.6,50,36,641.0,19.8
2025-01-15T12:00,29.8,45,82,710.0,18.9
2025-01-15T13:00,30.2,42,100,602.0,18.7
2025-01-15T14:00,28.9,48,65,284.0,18.0
2025-01-15T15:00,29.2,48,95,434.0,19.3
2025-01-15T16:00,27.6,56,78,183.0,18.8
2025-01-15T17:00,27.2,56,100,122.0,17.7
2025-01-15T18:00,25.8,61,77,15.0,12.9
2025-01-15T19:00,25.5,59,19,0.0,14.1
2025-01-15T20:00,24.4,63,98,0.0,15.9
2025-01-15T21:00,23.9,67,100,0.0,14.9
2025-01-15T22:00,23.3,72,92,0.0,15.8
2025-01-15T23:00,22.5,79,70,0.0,14.6
2025-01-16T00:00,21.7,85,68,0.0,11.5
2025-01-16T01:00,21.1,88,0,0.0,9.6
2025-01-16T02:00,20.5,92,3,0.0,7.7
2025-01-16T03:00,20.0,95,5,0.0,7.0
2025-01-16T04:00,19.7,96,0,0.0,6.0
2025-01-16T05:00,19.5,97,16,0.0,5.2
2025-01-16T06:00,20.1,98,55,0.0,6.5
2025-01-16T07:00,20.9,93,1,25.0,9.4
2025-01-16T08:00,23.0,81,20,187.0,13.9
2025-01-16T09:00,24.9,69,31,389.0,18.4
2025-01-16T10:00,26.7,58,48,529.0,19.3
2025-01-16T11:00,27.9,53,37,568.0,18.0
2025-01-16T12:00,29.3,46,45,687.0,15.9
2025-01-16T13:00,30.1,42,90,674.0,14.8
2025-01-16T14:00,30.0,41,100,440.0,13.7
2025-01-16T15:00,29.1,45,100,262.0,15.8
2025-01-16T16:00,28.5,47,100,133.0,14.2
2025-01-16T17:00,28.3,48,54,75.0,12.2
2025-01-16T18:00,26.9,54,32,12.0,8.3
2025-01-16T19:00,25.8,57,17,0.0,10.6
2025-01-16T20:00,24.5,64,0,0.0,13.5
2025-01-16T21:00,23.5,70,0,0.0,13.8
2025-01-16T22:00,22.9,72,0,0.0,14.3
2025-01-16T23:00,22.3,75,0,0.0,12.5
2025-01-17T00:00,21.8,78,0,0.0,10.9
2025-01-17T01:00,21.2,81,1,0.0,10.1
2025-01-17T02:00,20.8,84,2,0.0,9.3
2025-01-17T03:00,20.3,87,0,0.0,7.3
2025-01-17T04:00,19.7,90,0,0.0,4.8
2025-01-17T05:00,19.3,93,4,0.0,4.0
2025-01-17T06:00,19.7,95,0,0.0,3.8
2025-01-17T07:00,20.4,91,1,26.0,6.3
2025-01-17T08:00,22.6,79,2,191.0,7.4
2025-01-17T09:00,24.7,68,34,405.0,14.5
2025-01-17T10:00,26.1,60,47,513.0,14.5
2025-01-17T11:00,27.5,53,49,575.0,13.1
2025-01-17T12:00,28.9,47,81,699.0,12.9
2025-01-17T13:00,29.7,43,38,693.0,13.3
2025-01-17T14:00,30.2,40,83,633.0,14.3
2025-01-17T15:00,30.0,40,91,481.0,16.2
2025-01-17T16:00,28.9,43,100,268.0,17.3
2025-01-17T17:00,27.3,53,100,53.0,18.7
2025-01-17T18:00,25.7,62,16,11.0,18.1
2025-01-17T19:00,24.7,66,14,0.0,13.7
2025-01-17T20:00,24.0,68,11,0.0,13.0
2025-01-17T21:00,23.3,71,8,0.0,14.6
2025-01-17T22:00,22.4,75,5,0.0,15.1
2025-01-17T23:00,21.5,81,8,0.0,13.0
2025-01-18T00:00,20.8,88,9,0.0,10.9
2025-01-18T01:00,20.4,91,5,0.0,9.8
2025-01-18T02:00,19.9,95,67,0.0,7.8
2025-01-18T03:00,19.5,97,99,0.0,5.5
2025-01-18T04:00,19.4,98,100,0.0,5.7
2025-01-18T05:00,19.2,98,85,0.0,6.7
2025-01-18T06:00,20.0,97,71,0.0,6.1
2025-01-18T07:00,20.6,93,99,23.0,9.2
2025-01-18T08:00,22.2,82,100,174.0,13.0
2025-01-18T09:00,24.1,69,100,383.0,16.2
2025-01-18T10:00,25.9,60,98,523.0,16.1
2025-01-18T11:00,27.4,52,100,668.0,15.3
2025-01-18T12:00,28.3,47,100,708.0,14.9
2025-01-18T13:00,29.0,43,96,670.0,14.9
2025-01-18T14:00,29.4,41,86,665.0,15.5
2025-01-18T15:00,29.2,41,65,545.0,15.8
2025-01-18T16:00,28.5,40,94,358.0,16.0
2025-01-18T17:00,27.3,44,100,180.0,14.7
2025-01-18T18:00,25.3,51,31,18.0,11.9
2025-01-18T19:00,24.7,53,86,0.0,12.3
2025-01-18T20:00,24.4,56,93,0.0,12.5
2025-01-18T21:00,23.2,64,98,0.0,11.2
2025-01-18T22:00,22.6,68,99,0.0,10.0
2025-01-18T23:00,22.4,69,100,0.0,7.9
2025-01-19T00:00,22.7,67,100,0.0,7.0
2025-01-19T01:00,22.5,67,100,0.0,4.7
2025-01-19T02:00,21.6,72,100,0.0,3.6
2025-01-19T03:00,21.3,75,80,0.0,2.3
2025-01-19T04:00,20.1,80,88,0.0,2.3
2025-01-19T05:00,19.6,82,59,0.0,3.2
2025-01-19T06:00,20.2,83,3,0.0,2.9
2025-01-19T07:00,20.7,81,5,26.0,5.1
2025-01-19T08:00,22.9,70,50,175.0,2.6
2025-01-19T09:00,24.7,63,7,359.0,5.4
2025-01-19T10:00,26.7,54,82,588.0,8.4
2025-01-19T11:00,28.3,49,4,730.0,10.3
2025-01-19T12:00,29.4,45,32,802.0,11.0
2025-01-19T13:00,30.2,43,98,788.0,9.5
2025-01-19T14:00,30.0,42,97,508.0,9.0
2025-01-19T15:00,30.1,41,90,511.0,10.4
2025-01-19T16:00,29.6,42,100,374.0,11.7
2025-01-19T17:00,28.7,44,96,173.0,11.0
2025-01-19T18:00,26.9,54,31,17.0,1.2
2025-01-19T19:00,26.2,55,71,0.0,9.5
2025-01-19T20:00,24.4,58,70,0.0,7.8
2025-01-19T21:00,23.4,61,84,0.0,7.8
2025-01-19T22:00,22.9,63,3,0.0,11.0
2025-01-19T23:00,22.0,70,14,0.0,9.5
2025-01-20T00:00,21.3,75,95,0.0,8.3
2025-01-20T01:00,20.8,78,100,0.0,8.2
2025-01-20T02:00,20.3,82,100,0.0,7.0
2025-01-20T03:00,19.6,87,100,0.0,6.0
2025-01-20T04:00,19.1,91,100,0.0,5.6
2025-01-20T05:00,18.6,93,100,0.0,4.2
2025-01-20T06:00,19.0,95,0,0.0,3.8
2025-01-20T07:00,20.0,92,0,27.0,6.7
2025-01-20T08:00,22.2,83,0,199.0,6.3
2025-01-20T09:00,24.1,74,0,415.0,8.3
2025-01-20T10:00,25.9,63,0,609.0,7.5
2025-01-20T11:00,27.6,53,1,751.0,7.9
2025-01-20T12:00,28.8,46,1,822.0,9.1
2025-01-20T13:00,29.6,42,1,821.0,9.5
2025-01-20T14:00,30.0,41,1,744.0,8.8
2025-01-20T15:00,30.1,41,0,602.0,8.8
2025-01-20T16:00,30.0,40,0,405.0,9.0
2025-01-20T17:00,29.1,43,0,186.0,8.4
2025-01-20T18:00,26.3,53,0,21.0,6.6
2025-01-20T19:00,25.6,53,0,0.0,10.7
2025-01-20T20:00,24.5,57,0,0.0,9.9
2025-01-20T21:00,23.4,62,0,0.0,8.0
2025-01-20T22:00,22.6,67,0,0.0,7.4
2025-01-20T23:00,21.9,73,0,0.0,7.2
2025-01-21T00:00,21.1,80,0,0.0,6.8
2025-01-21T01:00,20.3,86,0,0.0,5.9
2025-01-21T02:00,19.6,89,0,0.0,6.0
2025-01-21T03:00,19.1,92,0,0.0,6.0
2025-01-21T04:00,18.6,93,0,0.0,5.5
2025-01-21T05:00,18.3,93,0,0.0,5.3
2025-01-21T06:00,19.0,93,0,0.0,5.6
2025-01-21T07:00,19.9,88,0,28.0,8.8
2025-01-21T08:00,22.4,77,0,203.0,7.5
2025-01-21T09:00,24.4,68,0,424.0,8.2
2025-01-21T10:00,26.1,60,0,621.0,7.1
2025-01-21T11:00,27.8,51,30,766.0,6.2
2025-01-21T12:00,29.1,44,77,843.0,6.7
2025-01-21T13:00,29.8,42,43,838.0,7.2
2025-01-21T14:00,30.3,39,65,755.0,7.3
2025-01-21T15:00,30.8,36,48,607.0,7.5
2025-01-21T16:00,30.9,30,55,411.0,11.3
2025-01-21T17:00,29.4,29,17,192.0,14.8
2025-01-21T18:00,26.7,38,98,23.0,12.4
2025-01-21T19:00,24.9,50,0,0.0,12.1
2025-01-21T20:00,23.9,57,0,0.0,11.9
2025-01-21T21:00,23.1,61,0,0.0,11.4
2025-01-21T22:00,22.2,65,0,0.0,10.7
2025-01-21T23:00,21.2,69,0,0.0,8.7
2025-01-22T00:00,20.3,73,0,0.0,7.8
2025-01-22T01:00,19.3,78,0,0.0,7.0
2025-01-22T02:00,18.4,83,1,0.0,6.5
2025-01-22T03:00,17.8,85,0,0.0,6.4
2025-01-22T04:00,17.3,86,0,0.0,6.2
2025-01-22T05:00,17.0,86,0,0.0,4.4
2025-01-22T06:00,17.4,84,0,0.0,3.1
2025-01-22T07:00,18.4,78,0,29.0,4.7
2025-01-22T08:00,21.2,65,0,209.0,5.3
2025-01-22T09:00,23.5,55,0,434.0,10.5
2025-01-22T10:00,25.4,47,0,628.0,11.5
2025-01-22T11:00,27.1,43,0,768.0,10.4
2025-01-22T12:00,28.5,39,0,836.0,10.3
2025-01-22T13:00,29.8,33,0,830.0,10.4
2025-01-22T14:00,30.6,30,0,752.0,11.2
2025-01-22T15:00,30.8,31,0,608.0,12.5
2025-01-22T16:00,30.5,33,0,412.0,14.9
2025-01-22T17:00,29.1,38,0,191.0,15.9
2025-01-22T18:00,26.6,46,0,23.0,13.1
2025-01-22T19:00,25.4,56,0,0.0,13.4
2025-01-22T20:00,24.5,61,0,0.0,11.9
2025-01-22T21:00,23.5,60,0,0.0,11.1
2025-01-22T22:00,22.5,63,0,0.0,11.7
2025-01-22T23:00,21.3,72,0,0.0,11.4
2025-01-23T00:00,20.4,82,0,0.0,9.9
2025-01-23T01:00,19.6,89,0,0.0,8.6
2025-01-23T02:00,18.9,94,0,0.0,8.7
2025-01-23T03:00,18.6,96,0,0.0,9.0
2025-01-23T04:00,18.3,97,0,0.0,8.1
2025-01-23T05:00,18.1,98,0,0.0,7.3
2025-01-23T06:00,19.0,98,90,0.0,10.2
2025-01-23T07:00,19.5,97,88,27.0,10.0
2025-01-23T08:00,21.8,85,89,198.0,13.5
2025-01-23T09:00,24.0,72,37,381.0,13.0
2025-01-23T10:00,25.8,63,40,590.0,11.2
2025-01-23T11:00,27.5,54,13,742.0,11.4
2025-01-23T12:00,29.2,46,55,831.0,11.6
2025-01-23T13:00,30.5,39,11,842.0,12.3
2025-01-23T14:00,31.4,35,13,766.0,13.7
2025-01-23T15:00,31.6,33,100,622.0,15.4
2025-01-23T16:00,31.0,35,100,422.0,16.5
2025-01-23T17:00,29.4,41,100,199.0,14.6
2025-01-23T18:00,26.7,49,99,24.0,13.0
2025-01-23T19:00,25.4,56,100,0.0,12.1
2025-01-23T20:00,24.5,62,95,0.0,11.4
2025-01-23T21:00,23.8,69,85,0.0,14.2
2025-01-23T22:00,22.7,76,78,0.0,16.2
2025-01-23T23:00,21.6,80,94,0.0,14.8
2025-01-24T00:00,20.8,84,78,0.0,12.9
2025-01-24T01:00,20.0,89,97,0.0,11.2
2025-01-24T02:00,19.3,95,95,0.0,9.5
2025-01-24T03:00,18.8,98,97,0.0,6.7
2025-01-24T04:00,18.2,100,17,0.0,5.3
2025-01-24T05:00,18.0,100,91,0.0,5.4
2025-01-24T06:00,20.0,97,100,0.0,9.0
2025-01-24T07:00,20.2,94,92,15.0,10.5
2025-01-24T08:00,21.5,83,45,140.0,9.5
2025-01-24T09:00,23.1,71,24,386.0,9.2
2025-01-24T10:00,24.9,62,9,615.0,8.7
2025-01-24T11:00,26.7,52,35,769.0,8.7
2025-01-24T12:00,28.5,44,27,854.0,9.2
2025-01-24T13:00,29.9,37,24,852.0,10.7
2025-01-24T14:00,30.7,34,17,777.0,13.3
2025-01-24T15:00,30.8,34,14,627.0,14.9
2025-01-24T16:00,30.3,35,20,429.0,16.2
2025-01-24T17:00,28.9,41,2,202.0,15.6
2025-01-24T18:00,26.6,48,0,26.0,13.6
2025-01-24T19:00,25.6,52,0,0.0,14.6
2025-01-24T20:00,24.7,56,0,0.0,12.9
2025-01-24T21:00,23.6,62,0,0.0,10.9
2025-01-24T22:00,22.6,71,0,0.0,12.1
2025-01-24T23:00,21.4,83,0,0.0,11.5
2025-01-25T00:00,20.3,90,0,0.0,9.0
2025-01-25T01:00,19.5,94,0,0.0,6.9
2025-01-25T02:00,18.6,96,0,0.0,5.4
2025-01-25T03:00,18.1,98,0,0.0,5.5
2025-01-25T04:00,17.7,98,0,0.0,5.3
2025-01-25T05:00,17.4,99,0,0.0,5.3
2025-01-25T06:00,18.6,100,90,0.0,5.1
2025-01-25T07:00,19.1,99,100,27.0,9.0
2025-01-25T08:00,21.0,88,99,152.0,13.6
2025-01-25T09:00,23.3,71,99,383.0,11.5
2025-01-25T10:00,25.3,60,100,611.0,10.1
2025-01-25T11:00,27.3,48,98,777.0,9.6
2025-01-25T12:00,29.0,39,100,853.0,9.1
2025-01-25T13:00,30.3,35,100,854.0,10.1
2025-01-25T14:00,31.0,33,94,776.0,11.3
2025-01-25T15:00,31.2,33,99,629.0,11.7
2025-01-25T16:00,31.0,33,96,430.0,11.2
2025-01-25T17:00,29.9,37,93,205.0,7.2
2025-01-25T18:00,26.4,46,95,27.0,7.0
2025-01-25T19:00,25.7,39,69,0.0,10.6
2025-01-25T20:00,24.3,42,88,0.0,9.9
2025-01-25T21:00,23.2,54,29,0.0,8.6
2025-01-25T22:00,22.4,63,13,0.0,8.3
2025-01-25T23:00,21.6,70,0,0.0,8.6
2025-01-26T00:00,20.7,75,0,0.0,8.4
2025-01-26T01:00,19.7,81,0,0.0,7.7
2025-01-26T02:00,18.8,86,0,0.0,6.8
2025-01-26T03:00,18.2,87,0,0.0,6.2
2025-01-26T04:00,17.9,87,0,0.0,5.1
2025-01-26T05:00,17.8,87,0,0.0,4.1
2025-01-26T06:00,18.3,92,0,0.0,4.8
2025-01-26T07:00,19.4,90,0,29.0,5.6
2025-01-26T08:00,22.3,76,0,210.0,4.1
2025-01-26T09:00,25.0,58,16,437.0,6.0
2025-01-26T10:00,27.2,48,8,635.0,8.1
2025-01-26T11:00,29.1,42,44,780.0,9.5
2025-01-26T12:00,30.5,37,27,857.0,10.6
2025-01-26T13:00,31.6,33,35,855.0,10.5
2025-01-26T14:00,32.5,28,54,777.0,10.6
2025-01-26T15:00,32.7,26,50,632.0,13.0
2025-01-26T16:00,32.1,26,85,433.0,15.0
2025-01-26T17:00,30.6,28,99,207.0,14.0
2025-01-26T18:00,27.8,32,0,28.0,11.2
2025-01-26T19:00,26.0,38,90,0.0,9.7
2025-01-26T20:00,25.0,46,87,0.0,11.0
2025-01-26T21:00,24.4,50,96,0.0,12.1
2025-01-26T22:00,23.4,51,98,0.0,11.2
2025-01-26T23:00,22.5,54,94,0.0,10.4
2025-01-27T00:00,21.6,61,100,0.0,9.5
2025-01-27T01:00,20.5,69,96,0.0,6.8
2025-01-27T02:00,19.6,75,92,0.0,4.7
2025-01-27T03:00,19.2,78,84,0.0,1.9
2025-01-27T04:00,18.7,81,27,0.0,1.1
2025-01-27T05:00,18.1,83,7,0.0,1.3
2025-01-27T06:00,18.3,89,0,0.0,2.3
2025-01-27T07:00,19.3,84,0,29.0,5.0
2025-01-27T08:00,22.3,68,1,210.0,3.7
2025-01-27T09:00,24.8,56,23,437.0,3.2
2025-01-27T10:00,27.2,44,100,635.0,3.7
2025-01-27T11:00,28.7,39,100,766.0,4.8
2025-01-27T12:00,29.8,36,94,830.0,5.2
2025-01-27T13:00,30.8,32,5,853.0,6.3
2025-01-27T14:00,31.4,29,56,785.0,8.7
2025-01-27T15:00,31.5,29,0,641.0,9.6
2025-01-27T16:00,31.2,30,4,438.0,8.5
2025-01-27T17:00,30.5,31,0,210.0,6.0
2025-01-27T18:00,27.1,36,0,29.0,6.2
2025-01-27T19:00,26.3,36,0,0.0,11.5
2025-01-27T20:00,25.5,40,0,0.0,12.1
2025-01-27T21:00,24.3,44,2,0.0,9.9
2025-01-27T22:00,23.4,46,6,0.0,10.9
2025-01-27T23:00,22.6,49,22,0.0,10.7
2025-01-28T00:00,21.9,55,27,0.0,10.0
2025-01-28T01:00,21.1,62,39,0.0,8.6
2025-01-28T02:00,19.8,69,56,0.0,6.0
2025-01-28T03:00,19.5,72,38,0.0,1.1
2025-01-28T04:00,18.8,74,33,0.0,2.2
2025-01-28T05:00,18.4,76,27,0.0,2.7
2025-01-28T06:00,18.9,80,27,0.0,2.2
2025-01-28T07:00,19.8,76,64,29.0,4.2
2025-01-28T08:00,22.6,65,88,212.0,3.9
2025-01-28T09:00,25.0,56,82,439.0,5.3
2025-01-28T10:00,27.2,45,99,639.0,6.6
2025-01-28T11:00,28.9,37,100,777.0,6.9
2025-01-28T12:00,30.1,34,100,859.0,7.0
2025-01-28T13:00,31.0,32,90,858.0,7.6
2025-01-28T14:00,31.5,32,71,786.0,8.5
2025-01-28T15:00,31.7,31,12,638.0,8.2
2025-01-28T16:00,31.8,29,0,438.0,9.0
2025-01-28T17:00,30.8,31,5,211.0,10.5
2025-01-28T18:00,27.5,36,5,29.0,7.8
2025-01-28T19:00,26.8,38,10,0.0,11.5
2025-01-28T20:00,25.7,47,42,0.0,13.8
2025-01-28T21:00,24.9,53,98,0.0,14.8
2025-01-28T22:00,23.8,60,95,0.0,16.5
2025-01-28T23:00,22.9,62,99,0.0,14.5
2025-01-29T00:00,22.1,63,85,0.0,13.0
2025-01-29T01:00,21.4,65,95,0.0,13.1
2025-01-29T02:00,20.8,68,63,0.0,11.5
2025-01-29T03:00,20.0,72,0,0.0,8.1
2025-01-29T04:00,18.9,78,0,0.0,6.1
2025-01-29T05:00,18.0,84,0,0.0,5.6
2025-01-29T06:00,18.4,87,0,0.0,5.2
2025-01-29T07:00,19.2,85,0,30.0,7.3
2025-01-29T08:00,21.5,76,0,213.0,6.0
2025-01-29T09:00,24.0,65,18,441.0,7.3
2025-01-29T10:00,26.4,50,94,644.0,9.7
2025-01-29T11:00,28.3,42,100,791.0,10.9
2025-01-29T12:00,29.8,37,78,868.0,10.7
2025-01-29T13:00,31.1,33,99,868.0,10.9
2025-01-29T14:00,31.9,31,95,789.0,11.2
2025-01-29T15:00,32.3,31,60,642.0,11.5
2025-01-29T16:00,32.1,30,54,441.0,13.1
2025-01-29T17:00,30.8,31,100,214.0,14.6
2025-01-29T18:00,28.0,39,51,30.0,13.0
2025-01-29T19:00,26.6,46,3,0.0,14.3
2025-01-29T20:00,25.4,48,0,0.0,16.2
2025-01-29T21:00,23.9,56,9,0.0,18.1
2025-01-29T22:00,22.7,61,12,0.0,16.0
2025-01-29T23:00,21.7,66,8,0.0,13.1
2025-01-30T00:00,20.6,73,54,0.0,10.3
2025-01-30T01:00,19.6,79,3,0.0,9.4
2025-01-30T02:00,18.9,84,0,0.0,8.1
2025-01-30T03:00,18.0,88,0,0.0,5.9
2025-01-30T04:00,17.6,89,0,0.0,3.8
2025-01-30T05:00,17.3,91,0,0.0,2.7
2025-01-30T06:00,18.1,95,5,0.0,5.4
2025-01-30T07:00,18.9,90,38,30.0,7.0
2025-01-30T08:00,21.3,76,81,217.0,4.6
2025-01-30T09:00,23.9,60,68,450.0,6.7
2025-01-30T10:00,26.2,47,54,656.0,9.0
2025-01-30T11:00,28.0,38,82,805.0,9.5
2025-01-30T12:00,29.5,32,92,883.0,8.0
2025-01-30T13:00,30.8,27,96,885.0,7.3
2025-01-30T14:00,31.6,24,96,810.0,6.6
2025-01-30T15:00,31.9,22,36,663.0,5.6
2025-01-30T16:00,31.8,21,1,459.0,5.7
2025-01-30T17:00,30.5,25,0,224.0,5.3
2025-01-30T18:00,27.5,40,92,31.0,8.4
2025-01-30T19:00,26.3,41,67,0.0,8.6
2025-01-30T20:00,24.9,45,99,0.0,6.6
2025-01-30T21:00,24.2,48,37,0.0,6.2
2025-01-30T22:00,23.5,54,20,0.0,8.4
2025-01-30T23:00,23.3,60,0,0.0,9.8
2025-01-31T00:00,22.7,67,0,0.0,10.8
2025-01-31T01:00,21.8,75,0,0.0,8.9
2025-01-31T02:00,21.3,82,0,0.0,9.7
2025-01-31T03:00,20.7,88,0,0.0,10.3
2025-01-31T04:00,20.3,93,0,0.0,9.3
2025-01-31T05:00,19.9,96,0,0.0,7.4
2025-01-31T06:00,20.6,99,53,0.0,7.2
2025-01-31T07:00,21.2,99,100,23.0,10.2
2025-01-31T08:00,22.8,89,100,117.0,10.6
2025-01-31T09:00,24.4,79,94,240.0,9.8
2025-01-31T10:00,26.7,67,16,466.0,8.8
2025-01-31T11:00,29.1,56,2,759.0,8.6
2025-01-31T12:00,31.2,42,0,859.0,7.8
2025-01-31T13:00,32.5,32,11,865.0,5.9
2025-01-31T14:00,33.2,28,56,793.0,5.5
2025-01-31T15:00,33.4,27,0,649.0,6.2
2025-01-31T16:00,33.2,27,0,448.0,6.3
2025-01-31T17:00,32.4,28,0,219.0,5.0
2025-01-31T18:00,28.6,31,60,32.0,7.0
2025-01-31T19:00,27.6,33,14,0.0,7.4
2025-01-31T20:00,26.6,36,25,0.0,8.3
2025-01-31T21:00,26.1,38,36,0.0,10.8
2025-01-31T22:00,25.2,41,44,0.0,10.4
2025-01-31T23:00,24.5,45,26,0.0,13.4
2025-02-01T00:00,23.1,63,33,0.0,12.5
2025-02-01T01:00,22.4,73,27,0.0,12.9
2025-02-01T02:00,21.6,86,0,0.0,10.7
2025-02-01T03:00,20.9,96,3,0.0,7.7
2025-02-01T04:00,20.7,99,61,0.0,6.8
2025-02-01T05:00,21.1,100,100,0.0,8.8
2025-02-01T06:00,23.0,92,100,0.0,10.0
2025-02-01T07:00,23.2,90,96,15.0,9.6
2025-02-01T08:00,24.3,81,30,134.0,9.2
2025-02-01T09:00,26.2,69,24,416.0,8.6
2025-02-01T10:00,28.1,60,9,597.0,8.1
2025-02-01T11:00,29.9,49,19,774.0,8.2
2025-02-01T12:00,31.6,41,0,865.0,7.3
2025-02-01T13:00,33.1,32,3,869.0,7.6
2025-02-01T14:00,33.9,26,5,796.0,8.3
2025-02-01T15:00,34.1,23,46,652.0,8.6
2025-02-01T16:00,33.9,22,0,451.0,8.1
2025-02-01T17:00,32.8,23,0,222.0,6.8
2025-02-01T18:00,29.4,32,3,33.0,3.9
2025-02-01T19:00,27.5,33,59,0.0,6.8
2025-02-01T20:00,27.1,30,98,0.0,10.6
2025-02-01T21:00,26.4,36,92,0.0,12.0
2025-02-01T22:00,25.3,47,100,0.0,9.8
2025-02-01T23:00,24.5,53,100,0.0,11.6
2025-02-02T00:00,23.6,59,100,0.0,12.2
2025-02-02T01:00,22.6,69,77,0.0,11.5
2025-02-02T02:00,21.5,83,94,0.0,10.4
2025-02-02T03:00,20.6,93,66,0.0,8.2
2025-02-02T04:00,20.3,96,95,0.0,7.9
2025-02-02T05:00,20.1,98,94,0.0,8.4
2025-02-02T06:00,20.4,100,98,0.0,9.8
2025-02-02T07:00,20.8,98,100,18.0,10.8
2025-02-02T08:00,22.3,86,43,143.0,9.4
2025-02-02T09:00,24.7,71,8,414.0,5.8
2025-02-02T10:00,27.5,53,0,650.0,6.1
2025-02-02T11:00,30.1,37,0,803.0,7.4
2025-02-02T12:00,32.1,26,0,884.0,8.1
2025-02-02T13:00,33.2,21,47,889.0,8.1
2025-02-02T14:00,33.9,19,24,813.0,8.5
2025-02-02T15:00,34.2,19,2,666.0,10.6
2025-02-02T16:00,33.7,19,9,462.0,12.2
2025-02-02T17:00,32.5,19,4,228.0,8.9
2025-02-02T18:00,28.9,25,3,35.0,8.5
2025-02-02T19:00,28.1,28,9,0.0,13.1
2025-02-02T20:00,27.2,34,8,0.0,15.2
2025-02-02T21:00,26.1,41,18,0.0,14.4
2025-02-02T22:00,25.0,46,9,0.0,13.4
2025-02-02T23:00,23.9,49,1,0.0,10.9
2025-02-03T00:00,22.7,51,0,0.0,9.7
2025-02-03T01:00,21.0,56,0,0.0,7.3
2025-02-03T02:00,19.7,64,7,0.0,6.6
2025-02-03T03:00,19.1,70,24,0.0,6.5
2025-02-03T04:00,18.7,75,13,0.0,6.2
2025-02-03T05:00,18.5,78,47,0.0,3.8
2025-02-03T06:00,19.0,83,16,0.0,3.1
2025-02-03T07:00,20.0,79,66,32.0,4.4
2025-02-03T08:00,23.1,65,50,224.0,4.9
2025-02-03T09:00,25.9,48,74,460.0,5.0
2025-02-03T10:00,28.7,34,45,665.0,5.6
2025-02-03T11:00,31.1,23,32,817.0,7.6
2025-02-03T12:00,32.8,19,12,893.0,10.9
2025-02-03T13:00,33.6,18,28,893.0,14.0
2025-02-03T14:00,34.3,16,9,815.0,13.2
2025-02-03T15:00,34.5,13,0,669.0,16.7
2025-02-03T16:00,33.8,14,0,466.0,17.0
2025-02-03T17:00,32.5,16,0,231.0,16.5
2025-02-03T18:00,29.5,21,0,35.0,14.4
2025-02-03T19:00,28.2,25,11,0.0,15.2
2025-02-03T20:00,27.0,28,12,0.0,13.2
2025-02-03T21:00,25.3,32,4,0.0,10.5
2025-02-03T22:00,23.9,37,5,0.0,8.9
2025-02-03T23:00,22.9,43,25,0.0,8.2
2025-02-04T00:00,22.2,49,90,0.0,7.8
2025-02-04T01:00,21.6,54,84,0.0,7.4
2025-02-04T02:00,21.0,58,86,0.0,6.4
2025-02-04T03:00,20.8,60,80,0.0,4.0
2025-02-04T04:00,20.2,62,0,0.0,2.2
2025-02-04T05:00,19.2,65,0,0.0,2.4
2025-02-04T06:00,19.1,71,73,0.0,3.4
2025-02-04T07:00,20.2,65,24,32.0,5.2
2025-02-04T08:00,24.0,47,63,219.0,3.8
2025-02-04T09:00,26.8,38,86,451.0,2.3
2025-02-04T10:00,29.1,35,92,653.0,0.3
2025-02-04T11:00,31.0,29,95,800.0,2.3
2025-02-04T12:00,32.5,25,65,876.0,4.9
2025-02-04T13:00,33.6,23,34,877.0,7.9
2025-02-04T14:00,34.4,21,25,801.0,8.3
2025-02-04T15:00,34.9,19,71,656.0,9.8
2025-02-04T16:00,34.6,18,85,456.0,12.6
2025-02-04T17:00,33.1,20,100,226.0,14.6
2025-02-04T18:00,30.1,23,100,35.0,13.4
2025-02-04T19:00,29.0,25,97,0.0,12.5
2025-02-04T20:00,27.5,29,100,0.0,11.9
2025-02-04T21:00,26.5,33,93,0.0,12.9
2025-02-04T22:00,25.8,36,100,0.0,12.7
2025-02-04T23:00,24.7,39,48,0.0,11.0
2025-02-05T00:00,23.8,42,8,0.0,9.8
2025-02-05T01:00,23.0,46,48,0.0,9.3
2025-02-05T02:00,22.5,50,99,0.0,8.4
2025-02-05T03:00,21.7,55,77,0.0,7.1
2025-02-05T04:00,21.2,59,35,0.0,4.9
2025-02-05T05:00,20.8,60,63,0.0,2.9
2025-02-05T06:00,21.0,63,71,0.0,2.1
2025-02-05T07:00,21.8,60,96,32.0,3.7
2025-02-05T08:00,25.1,50,95,218.0,2.8
2025-02-05T09:00,27.8,42,78,447.0,2.7
2025-02-05T10:00,30.1,36,78,649.0,5.5
2025-02-05T11:00,31.9,31,32,797.0,9.9
2025-02-05T12:00,33.3,27,24,876.0,12.3
2025-02-05T13:00,34.5,23,5,878.0,13.5
2025-02-05T14:00,35.0,21,61,801.0,15.9
2025-02-05T15:00,34.9,20,90,656.0,16.7
2025-02-05T16:00,34.5,20,89,455.0,17.4
2025-02-05T17:00,33.0,21,17,226.0,17.9
2025-02-05T18:00,30.8,25,0,36.0,16.5
2025-02-05T19:00,29.5,29,0,0.0,18.3
2025-02-05T20:00,28.2,35,4,0.0,16.2
2025-02-05T21:00,27.1,42,0,0.0,15.5
2025-02-05T22:00,26.1,48,0,0.0,16.1
2025-02-05T23:00,24.9,53,0,0.0,14.8
2025-02-06T00:00,23.8,58,0,0.0,12.1
2025-02-06T01:00,22.8,62,0,0.0,9.4
2025-02-06T02:00,22.0,66,0,0.0,8.9
2025-02-06T03:00,21.4,68,0,0.0,8.8
2025-02-06T04:00,20.6,72,0,0.0,6.8
2025-02-06T05:00,20.0,75,0,0.0,4.7
2025-02-06T06:00,20.9,78,0,0.0,2.1
2025-02-06T07:00,21.7,74,0,32.0,4.0
2025-02-06T08:00,24.3,63,0,219.0,3.6
2025-02-06T09:00,27.1,50,0,448.0,5.9
2025-02-06T10:00,29.6,38,0,650.0,9.2
2025-02-06T11:00,31.5,31,0,797.0,12.6
2025-02-06T12:00,33.1,26,0,875.0,15.2
2025-02-06T13:00,34.0,25,0,877.0,16.5
2025-02-06T14:00,34.6,23,0,800.0,17.3
2025-02-06T15:00,34.4,23,0,655.0,20.2
2025-02-06T16:00,33.6,25,0,455.0,20.7
2025-02-06T17:00,32.4,27,0,226.0,19.7
2025-02-06T18:00,30.3,31,0,36.0,14.3
2025-02-06T19:00,29.2,35,0,0.0,15.4
2025-02-06T20:00,28.0,38,0,0.0,13.6
2025-02-06T21:00,26.9,43,0,0.0,12.0
2025-02-06T22:00,25.7,49,0,0.0,11.6
2025-02-06T23:00,24.6,58,0,0.0,10.5
2025-02-07T00:00,23.7,67,0,0.0,9.7
2025-02-07T01:00,22.7,73,0,0.0,8.1
2025-02-07T02:00,21.8,79,0,0.0,6.9
2025-02-07T03:00,21.1,82,0,0.0,6.3
2025-02-07T04:00,20.4,86,0,0.0,5.5
2025-02-07T05:00,20.2,87,0,0.0,3.6
2025-02-07T06:00,20.7,88,0,0.0,3.8
2025-02-07T07:00,21.7,81,0,33.0,6.4
2025-02-07T08:00,24.4,64,0,220.0,4.5
2025-02-07T09:00,27.1,52,0,450.0,5.2
2025-02-07T10:00,29.8,39,0,654.0,6.4
2025-02-07T11:00,32.0,26,0,803.0,9.4
2025-02-07T12:00,33.5,22,0,884.0,12.8
2025-02-07T13:00,34.2,21,0,886.0,13.9
2025-02-07T14:00,34.6,20,0,810.0,13.4
2025-02-07T15:00,34.8,18,5,665.0,12.8
2025-02-07T16:00,34.4,19,64,464.0,13.3
2025-02-07T17:00,33.4,19,74,231.0,15.3
2025-02-07T18:00,30.5,23,0,38.0,13.3
2025-02-07T19:00,29.0,28,0,0.0,14.2
2025-02-07T20:00,28.1,32,0,0.0,15.5
2025-02-07T21:00,26.9,37,0,0.0,14.5
2025-02-07T22:00,25.8,42,0,0.0,13.3
2025-02-07T23:00,24.8,47,0,0.0,10.9
2025-02-08T00:00,23.9,50,0,0.0,9.0
2025-02-08T01:00,23.2,53,0,0.0,7.5
2025-02-08T02:00,22.1,57,0,0.0,6.2
2025-02-08T03:00,21.8,59,0,0.0,2.7
2025-02-08T04:00,21.4,61,0,0.0,1.2
2025-02-08T05:00,20.7,63,0,0.0,1.4
2025-02-08T06:00,20.9,70,0,0.0,1.1
2025-02-08T07:00,21.8,66,0,33.0,3.5
2025-02-08T08:00,25.0,53,0,222.0,2.8
2025-02-08T09:00,27.6,44,0,453.0,3.6
2025-02-08T10:00,30.1,34,0,656.0,5.9
2025-02-08T11:00,32.1,27,0,804.0,8.8
2025-02-08T12:00,33.3,25,58,884.0,10.9
2025-02-08T13:00,34.0,24,92,887.0,11.2
2025-02-08T14:00,34.6,23,90,812.0,9.7
2025-02-08T15:00,35.2,21,29,666.0,10.3
2025-02-08T16:00,35.0,21,0,465.0,13.7
2025-02-08T17:00,33.7,23,46,233.0,15.0
2025-02-08T18:00,30.7,28,7,38.0,11.3
2025-02-08T19:00,29.4,31,3,0.0,14.6
2025-02-08T20:00,28.6,35,30,0.0,17.2
2025-02-08T21:00,27.5,41,6,0.0,17.0
2025-02-08T22:00,26.5,47,82,0.0,14.7
2025-02-08T23:00,25.4,53,78,0.0,10.1
2025-02-09T00:00,24.6,58,78,0.0,9.2
2025-02-09T01:00,23.8,61,22,0.0,9.2
2025-02-09T02:00,22.7,65,84,0.0,4.4
2025-02-09T03:00,22.1,68,70,0.0,1.2
2025-02-09T04:00,21.7,70,41,0.0,0.7
2025-02-09T05:00,21.2,72,52,0.0,1.2
2025-02-09T06:00,21.8,76,47,0.0,1.7
2025-02-09T07:00,22.7,72,24,34.0,3.0
2025-02-09T08:00,25.1,64,36,221.0,2.2
2025-02-09T09:00,27.4,54,66,451.0,4.7
2025-02-09T10:00,29.7,43,83,654.0,8.6
2025-02-09T11:00,31.5,36,96,801.0,10.3
2025-02-09T12:00,33.0,31,94,880.0,12.2
2025-02-09T13:00,34.0,29,90,882.0,13.4
2025-02-09T14:00,34.6,27,92,806.0,14.8
2025-02-09T15:00,34.6,27,70,661.0,17.7
2025-02-09T16:00,33.8,28,11,431.0,19.1
2025-02-09T17:00,32.6,30,6,225.0,17.7
2025-02-09T18:00,30.3,37,1,38.0,10.8
2025-02-09T19:00,28.9,41,2,0.0,11.9
2025-02-09T20:00,28.2,46,2,0.0,16.9
2025-02-09T21:00,27.0,54,0,0.0,15.8
2025-02-09T22:00,25.8,59,0,0.0,13.3
2025-02-09T23:00,24.8,63,0,0.0,10.4
2025-02-10T00:00,23.6,70,0,0.0,8.3
2025-02-10T01:00,22.8,75,0,0.0,8.7
2025-02-10T02:00,22.2,78,0,0.0,7.6
2025-02-10T03:00,21.4,83,0,0.0,5.9
2025-02-10T04:00,20.8,86,0,0.0,5.5
2025-02-10T05:00,20.2,91,6,0.0,5.2
2025-02-10T06:00,21.1,93,2,0.0,5.7
2025-02-10T07:00,21.8,90,50,35.0,6.5
2025-02-10T08:00,24.1,78,4,224.0,7.1
2025-02-10T09:00,26.8,62,0,456.0,9.0
2025-02-10T10:00,29.1,46,0,660.0,10.7
2025-02-10T11:00,30.8,37,1,809.0,10.9
2025-02-10T12:00,32.0,34,1,882.0,12.1
2025-02-10T13:00,32.7,32,5,887.0,13.1
2025-02-10T14:00,33.1,32,7,790.0,12.2
2025-02-10T15:00,33.5,30,5,640.0,11.7
2025-02-10T16:00,33.5,28,3,451.0,14.4
2025-02-10T17:00,32.4,28,11,231.0,17.1
2025-02-10T18:00,30.1,28,0,40.0,12.6
2025-02-10T19:00,28.4,36,1,0.0,12.5
2025-02-10T20:00,27.4,40,0,0.0,13.2
2025-02-10T21:00,26.7,42,0,0.0,14.5
2025-02-10T22:00,25.5,49,0,0.0,14.1
2025-02-10T23:00,24.2,60,0,0.0,12.4
2025-02-11T00:00,23.3,69,0,0.0,11.1
2025-02-11T01:00,22.4,75,0,0.0,10.2
2025-02-11T02:00,21.7,79,0,0.0,9.1
2025-02-11T03:00,20.9,84,0,0.0,6.4
2025-02-11T04:00,20.0,89,0,0.0,5.4
2025-02-11T05:00,19.5,92,0,0.0,5.0
2025-02-11T06:00,20.1,97,0,0.0,4.7
2025-02-11T07:00,21.0,93,0,36.0,6.9
2025-02-11T08:00,23.5,79,0,231.0,7.3
2025-02-11T09:00,26.5,58,0,470.0,10.3
2025-02-11T10:00,29.0,41,0,678.0,11.9
2025-02-11T11:00,31.1,31,0,831.0,12.2
2025-02-11T12:00,32.7,24,0,913.0,12.4
2025-02-11T13:00,33.9,19,0,915.0,12.3
2025-02-11T14:00,34.6,18,0,837.0,11.7
2025-02-11T15:00,34.6,19,0,687.0,11.6
2025-02-11T16:00,34.3,18,0,479.0,12.1
2025-02-11T17:00,33.3,18,9,244.0,12.1
2025-02-11T18:00,29.7,21,0,43.0,11.0
2025-02-11T19:00,28.4,26,53,0.0,14.2
2025-02-11T20:00,27.1,31,99,0.0,14.7
2025-02-11T21:00,26.0,35,97,0.0,13.7
2025-02-11T22:00,24.9,40,95,0.0,13.0
2025-02-11T23:00,23.7,48,36,0.0,12.1
2025-02-12T00:00,22.4,57,69,0.0,9.5
2025-02-12T01:00,21.2,64,100,0.0,6.8
2025-02-12T02:00,20.4,69,99,0.0,6.3
2025-02-12T03:00,20.0,72,99,0.0,6.2
2025-02-12T04:00,19.5,75,100,0.0,5.9
2025-02-12T05:00,19.1,78,100,0.0,4.5
2025-02-12T06:00,19.7,81,92,0.0,4.0
2025-02-12T07:00,20.8,75,71,37.0,5.2
2025-02-12T08:00,24.1,60,49,233.0,3.9
2025-02-12T09:00,27.0,47,36,471.0,3.8
2025-02-12T10:00,29.8,33,77,678.0,5.0
2025-02-12T11:00,32.2,23,36,829.0,6.6
2025-02-12T12:00,33.8,19,57,908.0,6.7
2025-02-12T13:00,34.9,19,13,909.0,6.6
2025-02-12T14:00,35.5,18,9,833.0,8.3
2025-02-12T15:00,35.6,17,33,687.0,8.8
2025-02-12T16:00,35.3,17,0,484.0,7.2
2025-02-12T17:00,34.4,18,0,247.0,4.3
2025-02-12T18:00,31.2,24,0,43.0,1.5
2025-02-12T19:00,29.7,25,0,0.0,12.5
2025-02-12T20:00,28.3,29,0,0.0,13.2
2025-02-12T21:00,26.8,33,0,0.0,12.1
2025-02-12T22:00,26.0,38,0,0.0,13.5
2025-02-12T23:00,24.9,45,0,0.0,11.8
2025-02-13T00:00,23.8,51,0,0.0,10.1
2025-02-13T01:00,22.9,55,0,0.0,7.8
2025-02-13T02:00,21.9,60,0,0.0,5.4
2025-02-13T03:00,21.7,62,0,0.0,2.6
2025-02-13T04:00,21.1,63,0,0.0,2.8
2025-02-13T05:00,20.4,64,0,0.0,3.2
2025-02-13T06:00,20.5,71,92,0.0,3.2
2025-02-13T07:00,21.6,65,76,38.0,6.0
2025-02-13T08:00,25.2,48,100,234.0,5.2
2025-02-13T09:00,28.1,38,95,468.0,4.6
2025-02-13T10:00,30.9,29,83,675.0,4.4
2025-02-13T11:00,33.0,25,88,825.0,5.0
2025-02-13T12:00,34.4,24,96,903.0,5.4
2025-02-13T13:00,35.4,22,100,905.0,5.9
2025-02-13T14:00,36.0,20,100,829.0,7.2
2025-02-13T15:00,36.1,19,93,683.0,8.1
2025-02-13T16:00,35.6,19,1,480.0,7.7
2025-02-13T17:00,34.5,20,1,245.0,7.7
2025-02-13T18:00,30.7,25,0,44.0,4.9
2025-02-13T19:00,29.4,26,0,0.0,8.1
2025-02-13T20:00,29.0,31,0,0.0,18.6
2025-02-13T21:00,27.5,35,0,0.0,13.2
2025-02-13T22:00,26.4,39,0,0.0,12.7
2025-02-13T23:00,25.6,42,0,0.0,11.2
2025-02-14T00:00,24.1,47,0,0.0,6.0
2025-02-14T01:00,23.4,48,0,0.0,4.7
2025-02-14T02:00,22.8,48,0,0.0,3.9
2025-02-14T03:00,22.4,47,0,0.0,3.1
2025-02-14T04:00,21.9,48,0,0.0,3.0
2025-02-14T05:00,21.3,50,0,0.0,2.2
2025-02-14T06:00,21.2,57,0,0.0,2.5
2025-02-14T07:00,22.3,55,0,38.0,2.6
2025-02-14T08:00,25.8,45,14,235.0,1.0
2025-02-14T09:00,28.2,40,27,469.0,1.0
2025-02-14T10:00,30.5,33,54,673.0,0.6
2025-02-14T11:00,32.4,27,71,822.0,1.8
2025-02-14T12:00,33.6,25,81,901.0,1.9
2025-02-14T13:00,34.4,24,89,903.0,0.8
2025-02-14T14:00,34.9,23,83,827.0,4.0
2025-02-14T15:00,35.1,23,0,680.0,7.8
2025-02-14T16:00,34.7,22,0,477.0,10.0
2025-02-14T17:00,33.9,21,0,243.0,11.2
2025-02-14T18:00,30.0,29,0,44.0,6.2
2025-02-14T19:00,28.8,31,0,0.0,3.3
2025-02-14T20:00,27.9,33,0,0.0,3.6
2025-02-14T21:00,27.1,35,0,0.0,9.4
2025-02-14T22:00,26.3,38,0,0.0,9.8
2025-02-14T23:00,25.1,45,0,0.0,8.6
2025-02-15T00:00,24.4,50,0,0.0,8.8
2025-02-15T01:00,23.7,55,0,0.0,7.2
2025-02-15T02:00,22.5,62,0,0.0,5.2
2025-02-15T03:00,21.8,66,0,0.0,4.1
2025-02-15T04:00,21.6,68,0,0.0,1.9
2025-02-15T05:00,21.3,69,0,0.0,1.8
2025-02-15T06:00,21.8,68,0,0.0,1.2
2025-02-15T07:00,22.8,63,0,39.0,1.5
2025-02-15T08:00,26.1,49,0,234.0,1.1
2025-02-15T09:00,28.5,41,0,467.0,2.1
2025-02-15T10:00,30.6,35,0,672.0,1.6
2025-02-15T11:00,32.3,31,0,821.0,1.4
2025-02-15T12:00,33.5,28,0,901.0,1.5
2025-02-15T13:00,34.5,26,0,903.0,2.8
2025-02-15T14:00,35.3,24,0,828.0,5.6
2025-02-15T15:00,35.8,22,0,682.0,6.6
2025-02-15T16:00,35.8,20,0,480.0,7.7
2025-02-15T17:00,34.6,21,0,247.0,10.7
2025-02-15T18:00,30.5,27,0,45.0,6.9
2025-02-15T19:00,29.6,28,0,0.0,3.6
2025-02-15T20:00,28.5,30,0,0.0,3.3
2025-02-15T21:00,28.0,32,0,0.0,11.8
2025-02-15T22:00,26.5,37,0,0.0,8.9
2025-02-15T23:00,25.1,43,0,0.0,8.6
2025-02-16T00:00,23.9,50,0,0.0,7.8
2025-02-16T01:00,23.0,57,0,0.0,7.3
2025-02-16T02:00,22.0,65,0,0.0,5.9
2025-02-16T03:00,21.6,70,0,0.0,4.8
2025-02-16T04:00,21.1,72,0,0.0,4.4
2025-02-16T05:00,20.6,74,0,0.0,4.3
2025-02-16T06:00,20.9,79,0,0.0,3.5
2025-02-16T07:00,22.3,72,0,40.0,5.4
2025-02-16T08:00,25.2,57,0,240.0,4.7
2025-02-16T09:00,27.7,48,0,477.0,4.9
2025-02-16T10:00,30.1,39,0,684.0,4.8
2025-02-16T11:00,32.0,31,0,835.0,5.0
2025-02-16T12:00,33.5,26,0,914.0,4.7
2025-02-16T13:00,34.7,22,0,916.0,4.5
2025-02-16T14:00,35.4,19,0,839.0,4.9
2025-02-16T15:00,35.7,17,0,692.0,6.3
2025-02-16T16:00,35.4,17,0,487.0,7.3
2025-02-16T17:00,34.4,18,0,250.0,7.8
2025-02-16T18:00,31.0,25,0,46.0,4.0
2025-02-16T19:00,29.5,26,0,0.0,8.0
2025-02-16T20:00,29.2,30,0,0.0,14.0
2025-02-16T21:00,27.5,37,0,0.0,11.1
2025-02-16T22:00,26.4,42,0,0.0,13.1
2025-02-16T23:00,25.5,51,0,0.0,13.4
2025-02-17T00:00,24.4,61,0,0.0,10.3
2025-02-17T01:00,23.3,68,0,0.0,7.9
2025-02-17T02:00,22.7,71,0,0.0,7.4
2025-02-17T03:00,22.1,74,0,0.0,7.3
2025-02-17T04:00,21.0,78,0,0.0,4.9
2025-02-17T05:00,20.7,79,0,0.0,1.9
2025-02-17T06:00,21.2,82,0,0.0,2.2
2025-02-17T07:00,22.3,76,0,41.0,5.2
2025-02-17T08:00,24.8,64,0,238.0,6.3
2025-02-17T09:00,27.7,50,0,473.0,7.5
2025-02-17T10:00,30.4,36,0,680.0,8.9
2025-02-17T11:00,32.5,27,0,833.0,9.7
2025-02-17T12:00,34.2,21,0,914.0,9.8
2025-02-17T13:00,35.4,17,0,917.0,9.3
2025-02-17T14:00,35.9,17,0,841.0,8.7
2025-02-17T15:00,36.0,16,0,692.0,8.6
2025-02-17T16:00,35.8,16,0,486.0,8.6
2025-02-17T17:00,35.1,17,0,250.0,8.4
2025-02-17T18:00,31.5,22,0,46.0,11.3
2025-02-17T19:00,30.2,27,0,0.0,15.2
2025-02-17T20:00,29.2,35,0,0.0,18.1
2025-02-17T21:00,28.2,43,0,0.0,17.5
2025-02-17T22:00,26.9,52,0,0.0,14.8
2025-02-17T23:00,25.8,58,0,0.0,12.9
2025-02-18T00:00,24.8,63,0,0.0,11.0
2025-02-18T01:00,23.7,68,0,0.0,8.2
2025-02-18T02:00,22.8,73,0,0.0,7.4
2025-02-18T03:00,21.8,78,0,0.0,5.4
2025-02-18T04:00,21.3,80,0,0.0,3.7
2025-02-18T05:00,21.1,81,0,0.0,2.4
2025-02-18T06:00,21.5,80,0,0.0,1.2
2025-02-18T07:00,22.5,76,0,41.0,3.1
2025-02-18T08:00,25.0,66,0,239.0,4.7
2025-02-18T09:00,27.9,54,59,473.0,7.5
2025-02-18T10:00,30.7,38,85,679.0,7.7
2025-02-18T11:00,32.9,27,14,830.0,8.6
2025-02-18T12:00,34.5,23,17,911.0,8.7
2025-02-18T13:00,35.4,20,0,912.0,6.7
2025-02-18T14:00,35.9,20,0,835.0,5.1
2025-02-18T15:00,36.0,19,0,687.0,6.0
2025-02-18T16:00,35.8,19,0,483.0,8.2
2025-02-18T17:00,35.0,20,0,248.0,7.5
2025-02-18T18:00,31.3,26,0,46.0,5.8
2025-02-18T19:00,30.3,26,0,0.0,9.9
2025-02-18T20:00,29.5,31,0,0.0,16.7
2025-02-18T21:00,28.6,39,0,0.0,17.8
2025-02-18T22:00,27.3,44,0,0.0,13.4
2025-02-18T23:00,26.3,49,0,0.0,11.5
2025-02-19T00:00,25.5,55,0,0.0,11.9
2025-02-19T01:00,24.4,62,0,0.0,9.0
2025-02-19T02:00,23.4,68,0,0.0,5.6
2025-02-19T03:00,22.7,72,0,0.0,5.6
2025-02-19T04:00,22.0,76,1,0.0,5.2
2025-02-19T05:00,21.6,77,0,0.0,4.8
2025-02-19T06:00,22.2,78,45,0.0,4.1
2025-02-19T07:00,23.5,72,59,42.0,5.2
2025-02-19T08:00,26.2,60,43,240.0,4.9
2025-02-19T09:00,28.7,49,86,473.0,6.7
2025-02-19T10:00,31.1,39,77,678.0,6.5
2025-02-19T11:00,33.1,31,81,826.0,4.7
2025-02-19T12:00,34.6,26,89,906.0,3.5
2025-02-19T13:00,35.5,24,63,908.0,2.4
2025-02-19T14:00,36.0,23,69,831.0,2.3
2025-02-19T15:00,36.3,23,62,684.0,3.2
2025-02-19T16:00,36.1,22,53,462.0,4.3
2025-02-19T17:00,35.5,23,2,247.0,5.6
2025-02-19T18:00,32.1,29,7,46.0,3.5
2025-02-19T19:00,30.6,30,5,0.0,5.8
2025-02-19T20:00,29.9,30,1,0.0,10.7
2025-02-19T21:00,29.4,36,0,0.0,17.0
2025-02-19T22:00,28.0,46,0,0.0,16.2
2025-02-19T23:00,27.1,51,0,0.0,12.9
2025-02-20T00:00,26.0,58,0,0.0,11.5
2025-02-20T01:00,25.0,65,0,0.0,12.8
2025-02-20T02:00,24.0,70,0,0.0,8.8
2025-02-20T03:00,22.9,76,0,0.0,4.6
2025-02-20T04:00,22.6,78,0,0.0,5.9
2025-02-20T05:00,22.0,81,0,0.0,5.1
2025-02-20T06:00,22.5,83,0,0.0,5.1
2025-02-20T07:00,23.4,79,0,42.0,4.9
2025-02-20T08:00,25.6,70,0,238.0,5.0
2025-02-20T09:00,28.1,58,0,469.0,6.3
2025-02-20T10:00,30.7,44,0,673.0,7.2
2025-02-20T11:00,32.8,35,0,823.0,7.8
2025-02-20T12:00,34.3,30,0,903.0,7.8
2025-02-20T13:00,35.5,26,16,901.0,8.0
2025-02-20T14:00,35.8,24,9,717.0,7.1
2025-02-20T15:00,36.4,23,10,641.0,7.6
2025-02-20T16:00,36.4,22,14,453.0,7.9
2025-02-20T17:00,35.6,22,24,231.0,9.8
2025-02-20T18:00,32.8,24,13,45.0,12.5
2025-02-20T19:00,31.4,29,5,0.0,16.5
2025-02-20T20:00,30.1,38,2,0.0,17.6
2025-02-20T21:00,28.8,48,1,0.0,17.7
2025-02-20T22:00,27.4,54,1,0.0,16.9
2025-02-20T23:00,26.2,59,0,0.0,14.0
2025-02-21T00:00,25.1,64,0,0.0,13.0
2025-02-21T01:00,24.2,71,0,0.0,13.1
2025-02-21T02:00,23.4,77,0,0.0,10.6
2025-02-21T03:00,22.7,83,0,0.0,9.3
2025-02-21T04:00,22.1,89,0,0.0,7.6
2025-02-21T05:00,21.6,93,3,0.0,6.4
2025-02-21T06:00,21.9,95,9,0.0,9.1
2025-02-21T07:00,22.5,91,24,43.0,11.8
2025-02-21T08:00,24.5,79,13,230.0,10.2
2025-02-21T09:00,26.9,65,1,463.0,9.4
2025-02-21T10:00,29.6,49,0,675.0,9.8
2025-02-21T11:00,32.1,35,0,825.0,10.5
2025-02-21T12:00,33.9,29,0,904.0,11.1
2025-02-21T13:00,35.1,26,29,911.0,11.3
2025-02-21T14:00,35.0,25,32,692.0,9.3
2025-02-21T15:00,34.9,24,14,541.0,7.8
2025-02-21T16:00,34.9,24,6,445.0,5.6
2025-02-21T17:00,34.6,23,15,240.0,5.4
2025-02-21T18:00,32.1,28,17,41.0,10.3
2025-02-21T19:00,30.5,33,5,0.0,10.2
2025-02-21T20:00,29.3,39,1,0.0,13.1
2025-02-21T21:00,28.4,47,0,0.0,13.4
2025-02-21T22:00,27.7,51,0,0.0,14.4
2025-02-21T23:00,26.7,56,0,0.0,11.6
2025-02-22T00:00,25.7,62,0,0.0,11.7
2025-02-22T01:00,24.9,69,0,0.0,11.7
2025-02-22T02:00,24.1,74,0,0.0,10.7
2025-02-22T03:00,23.4,78,0,0.0,10.2
2025-02-22T04:00,23.0,80,0,0.0,9.9
2025-02-22T05:00,22.4,83,0,0.0,6.6
2025-02-22T06:00,22.6,85,0,0.0,4.1
2025-02-22T07:00,23.5,81,0,44.0,4.2
2025-02-22T08:00,25.7,70,0,244.0,3.6
2025-02-22T09:00,28.3,57,0,479.0,5.0
2025-02-22T10:00,31.2,39,0,685.0,8.1
2025-02-22T11:00,33.4,30,0,836.0,9.6
2025-02-22T12:00,34.8,25,2,916.0,9.1
2025-02-22T13:00,35.6,23,9,897.0,7.6
2025-02-22T14:00,36.1,21,9,803.0,7.5
2025-02-22T15:00,36.2,20,19,670.0,7.3
2025-02-22T16:00,35.5,20,38,459.0,5.0
2025-02-22T17:00,35.2,20,35,192.0,1.8
2025-02-22T18:00,32.3,24,30,42.0,5.3
2025-02-22T19:00,31.5,28,33,0.0,0.6
2025-02-22T20:00,30.4,29,15,0.0,12.9
2025-02-22T21:00,29.3,34,0,0.0,14.7
2025-02-22T22:00,28.1,43,0,0.0,12.5
2025-02-22T23:00,26.9,55,0,0.0,12.5
2025-02-23T00:00,25.8,65,0,0.0,9.9
2025-02-23T01:00,24.8,72,0,0.0,8.0
2025-02-23T02:00,24.0,77,0,0.0,6.2
2025-02-23T03:00,23.2,81,0,0.0,4.7
2025-02-23T04:00,22.6,85,0,0.0,4.6
2025-02-23T05:00,22.0,89,0,0.0,4.2
2025-02-23T06:00,22.7,91,0,0.0,3.1
2025-02-23T07:00,23.6,87,0,46.0,3.7
2025-02-23T08:00,25.9,74,0,247.0,3.5
2025-02-23T09:00,28.7,58,0,483.0,4.0
2025-02-23T10:00,31.5,39,0,690.0,6.2
2025-02-23T11:00,33.6,29,16,842.0,8.7
2025-02-23T12:00,34.7,24,15,868.0,10.1
2025-02-23T13:00,35.7,20,14,838.0,10.7
2025-02-23T14:00,36.5,18,13,795.0,8.1
2025-02-23T15:00,37.0,16,84,674.0,10.4
2025-02-23T16:00,36.2,15,47,403.0,9.9
2025-02-23T17:00,35.4,15,100,167.0,10.9
2025-02-23T18:00,32.8,17,99,45.0,16.8
2025-02-23T19:00,32.5,17,38,0.0,13.9
2025-02-23T20:00,30.3,20,0,0.0,11.6
2025-02-23T21:00,28.7,25,0,0.0,13.4
2025-02-23T22:00,27.3,32,0,0.0,10.4
2025-02-23T23:00,26.3,38,0,0.0,11.6
2025-02-24T00:00,25.5,44,0,0.0,11.4
2025-02-24T01:00,24.1,51,0,0.0,7.0
2025-02-24T02:00,22.8,58,0,0.0,5.2
2025-02-24T03:00,22.3,62,0,0.0,4.3
2025-02-24T04:00,22.0,64,0,0.0,3.5
2025-02-24T05:00,21.6,68,0,0.0,3.7
2025-02-24T06:00,21.8,76,0,0.0,4.1
2025-02-24T07:00,23.3,71,0,48.0,5.4
2025-02-24T08:00,26.1,59,0,255.0,4.9
2025-02-24T09:00,28.9,45,0,494.0,6.7
2025-02-24T10:00,31.4,33,0,703.0,10.8
2025-02-24T11:00,33.3,26,0,855.0,14.2
2025-02-24T12:00,34.8,19,0,934.0,14.1
2025-02-24T13:00,35.7,16,0,937.0,15.2
2025-02-24T14:00,35.7,15,0,860.0,18.0
2025-02-24T15:00,35.3,15,0,710.0,17.6
2025-02-24T16:00,34.6,17,0,502.0,17.5
2025-02-24T17:00,33.2,21,0,260.0,17.8
2025-02-24T18:00,31.2,27,2,50.0,14.0
2025-02-24T19:00,30.0,32,0,0.0,18.4
2025-02-24T20:00,29.0,37,0,0.0,21.3
2025-02-24T21:00,27.5,48,0,0.0,19.4
2025-02-24T22:00,26.2,59,0,0.0,16.3
2025-02-24T23:00,25.1,67,0,0.0,13.6
2025-02-25T00:00,24.1,74,0,0.0,12.8
2025-02-25T01:00,23.2,83,0,0.0,12.1
2025-02-25T02:00,22.3,90,0,0.0,10.0
2025-02-25T03:00,21.7,93,6,0.0,8.9
2025-02-25T04:00,21.4,94,19,0.0,8.3
2025-02-25T05:00,21.1,95,48,0.0,7.8
2025-02-25T06:00,21.5,97,66,0.0,9.4
2025-02-25T07:00,22.2,94,86,44.0,11.7
2025-02-25T08:00,24.3,79,84,253.0,11.4
2025-02-25T09:00,27.2,59,91,491.0,13.7
2025-02-25T10:00,30.1,40,68,707.0,15.4
2025-02-25T11:00,32.3,28,77,860.0,17.2
2025-02-25T12:00,33.8,22,82,941.0,17.9
2025-02-25T13:00,34.6,20,42,940.0,17.1
2025-02-25T14:00,35.1,19,71,860.0,16.1
2025-02-25T15:00,35.2,19,55,708.0,16.9
2025-02-25T16:00,34.6,22,48,497.0,18.3
2025-02-25T17:00,33.4,24,84,257.0,18.2
2025-02-25T18:00,31.1,32,82,50.0,14.7
2025-02-25T19:00,29.9,35,1,0.0,18.5
2025-02-25T20:00,28.4,38,35,0.0,20.6
2025-02-25T21:00,27.0,44,28,0.0,17.8
2025-02-25T22:00,25.8,54,70,0.0,17.4
2025-02-25T23:00,24.8,62,87,0.0,16.8
2025-02-26T00:00,23.9,68,91,0.0,15.7
2025-02-26T01:00,23.1,73,92,0.0,13.2
2025-02-26T02:00,22.3,79,100,0.0,10.1
2025-02-26T03:00,21.6,84,74,0.0,7.1
2025-02-26T04:00,20.9,89,90,0.0,5.7
2025-02-26T05:00,20.3,93,64,0.0,5.5
2025-02-26T06:00,20.6,94,26,0.0,4.8
2025-02-26T07:00,21.8,88,0,51.0,5.2
2025-02-26T08:00,24.6,73,0,260.0,7.0
2025-02-26T09:00,27.6,51,0,498.0,11.4
2025-02-26T10:00,30.0,38,0,706.0,12.7
2025-02-26T11:00,32.1,31,0,857.0,13.3
2025-02-26T12:00,33.8,26,0,936.0,15.2
2025-02-26T13:00,34.9,24,0,934.0,16.9
2025-02-26T14:00,35.3,22,0,854.0,19.3
2025-02-26T15:00,34.8,23,1,703.0,20.0
2025-02-26T16:00,34.1,26,0,493.0,18.9
2025-02-26T17:00,33.1,29,28,254.0,18.2
2025-02-26T18:00,31.3,31,12,47.0,16.7
2025-02-26T19:00,30.0,33,27,0.0,19.3
2025-02-26T20:00,28.5,39,3,0.0,20.9
2025-02-26T21:00,27.3,44,3,0.0,18.2
2025-02-26T22:00,26.3,47,2,0.0,16.1
2025-02-26T23:00,25.3,52,0,0.0,14.6
2025-02-27T00:00,24.3,60,0,0.0,12.3
2025-02-27T01:00,23.3,68,0,0.0,8.3
2025-02-27T02:00,22.4,74,0,0.0,6.6
2025-02-27T03:00,21.7,79,0,0.0,5.5
2025-02-27T04:00,21.2,85,0,0.0,5.9
2025-02-27T05:00,20.8,90,28,0.0,5.9
2025-02-27T06:00,21.5,96,68,0.0,6.8
2025-02-27T07:00,22.6,89,67,51.0,9.7
2025-02-27T08:00,24.5,78,93,249.0,8.5
2025-02-27T09:00,26.9,61,100,476.0,7.6
2025-02-27T10:00,29.5,45,96,694.0,9.0
2025-02-27T11:00,31.6,37,100,847.0,10.6
2025-02-27T12:00,33.1,34,100,924.0,11.4
2025-02-27T13:00,34.2,30,94,920.0,11.7
2025-02-27T14:00,35.4,26,100,833.0,14.1
2025-02-27T15:00,35.0,27,100,671.0,18.8
2025-02-27T16:00,34.4,27,94,477.0,18.9
2025-02-27T17:00,34.1,26,98,247.0,15.1
2025-02-27T18:00,30.9,32,94,51.0,18.0
2025-02-27T19:00,30.0,35,78,0.0,19.0
2025-02-27T20:00,28.8,41,82,0.0,20.4
2025-02-27T21:00,27.3,50,99,0.0,19.6
2025-02-27T22:00,26.3,54,93,0.0,18.7
2025-02-27T23:00,25.3,60,100,0.0,15.2
2025-02-28T00:00,24.4,67,100,0.0,12.5
2025-02-28T01:00,23.4,74,94,0.0,11.0
2025-02-28T02:00,22.8,79,98,0.0,9.3
2025-02-28T03:00,22.2,82,100,0.0,7.3
2025-02-28T04:00,21.5,87,100,0.0,4.6
2025-02-28T05:00,20.8,92,99,0.0,4.6
2025-02-28T06:00,21.3,95,100,0.0,4.3
2025-02-28T07:00,22.5,89,100,52.0,5.9
2025-02-28T08:00,25.2,71,98,258.0,7.3
2025-02-28T09:00,28.0,53,99,492.0,8.3
2025-02-28T10:00,30.6,40,98,693.0,9.9
2025-02-28T11:00,32.7,33,100,824.0,13.3
2025-02-28T12:00,34.5,26,100,889.0,16.2
2025-02-28T13:00,35.2,24,100,873.0,18.4
2025-02-28T14:00,35.5,23,100,829.0,18.7
2025-02-28T15:00,35.5,24,100,696.0,18.9
2025-02-28T16:00,34.7,26,99,487.0,19.0
2025-02-28T17:00,33.6,27,100,251.0,19.0
2025-02-28T18:00,31.6,31,99,50.0,14.8
2025-02-28T19:00,30.1,30,93,0.0,17.1
2025-02-28T20:00,28.7,33,44,0.0,19.6
2025-02-28T21:00,27.2,42,16,0.0,17.9
2025-02-28T22:00,25.5,52,31,0.0,16.7
2025-02-28T23:00,24.2,67,0,0.0,15.5
2025-03-01T00:00,23.3,77,0,0.0,13.3
2025-03-01T01:00,22.5,84,0,0.0,11.1
2025-03-01T02:00,21.6,90,0,0.0,8.6
2025-03-01T03:00,20.9,95,0,0.0,6.5
2025-03-01T04:00,20.6,96,0,0.0,7.7
2025-03-01T05:00,20.3,97,0,0.0,5.0
2025-03-01T06:00,20.9,98,20,0.0,4.7
2025-03-01T07:00,22.3,93,61,52.0,11.2
2025-03-01T08:00,24.6,79,90,240.0,11.8
2025-03-01T09:00,27.1,64,20,434.0,12.4
2025-03-01T10:00,29.1,55,8,667.0,12.6
2025-03-01T11:00,31.1,46,7,831.0,12.2
2025-03-01T12:00,32.6,39,5,908.0,11.1
2025-03-01T13:00,33.8,33,11,920.0,10.2
2025-03-01T14:00,34.5,30,36,836.0,10.0
2025-03-01T15:00,34.8,27,68,702.0,10.2
2025-03-01T16:00,34.8,25,62,494.0,10.3
2025-03-01T17:00,34.2,25,15,258.0,10.8
2025-03-01T18:00,31.0,31,39,52.0,2.9
2025-03-01T19:00,29.9,33,4,0.0,4.0
2025-03-01T20:00,29.4,37,3,0.0,13.1
2025-03-01T21:00,28.9,46,0,0.0,14.5
2025-03-01T22:00,27.8,53,1,0.0,15.4
2025-03-01T23:00,26.3,66,100,0.0,13.9
2025-03-02T00:00,25.3,74,95,0.0,13.7
2025-03-02T01:00,24.6,79,100,0.0,12.1
2025-03-02T02:00,23.9,83,98,0.0,10.0
2025-03-02T03:00,23.1,88,85,0.0,6.0
2025-03-02T04:00,22.3,93,0,0.0,4.9
2025-03-02T05:00,21.5,97,0,0.0,4.1
2025-03-02T06:00,22.4,98,100,0.0,7.7
2025-03-02T07:00,23.1,94,83,49.0,9.6
2025-03-02T08:00,25.2,80,96,220.0,9.0
2025-03-02T09:00,27.9,63,97,492.0,7.8
2025-03-02T10:00,30.7,45,100,686.0,8.6
2025-03-02T11:00,32.9,32,87,854.0,8.8
2025-03-02T12:00,34.5,25,79,942.0,8.2
2025-03-02T13:00,35.5,23,77,945.0,7.2
2025-03-02T14:00,36.2,21,100,857.0,7.1
2025-03-02T15:00,36.3,20,100,703.0,6.6
2025-03-02T16:00,36.1,20,100,489.0,6.3
2025-03-02T17:00,35.5,20,1,254.0,5.6
2025-03-02T18:00,32.2,25,5,53.0,4.1
2025-03-02T19:00,31.3,26,42,0.0,1.5
2025-03-02T20:00,29.4,28,73,0.0,6.6
2025-03-02T21:00,28.7,30,79,0.0,8.7
2025-03-02T22:00,28.0,36,97,0.0,12.2
2025-03-02T23:00,27.1,46,6,0.0,11.4
2025-03-03T00:00,26.0,56,4,0.0,11.5
2025-03-03T01:00,25.2,63,0,0.0,9.3
2025-03-03T02:00,24.5,68,52,0.0,7.9
2025-03-03T03:00,23.8,73,72,0.0,6.4
2025-03-03T04:00,23.0,77,4,0.0,5.1
2025-03-03T05:00,22.6,79,0,0.0,5.4
2025-03-03T06:00,23.5,80,0,0.0,4.7
2025-03-03T07:00,25.3,74,0,57.0,7.1
2025-03-03T08:00,27.7,67,9,268.0,7.6
2025-03-03T09:00,30.4,52,44,505.0,6.5
2025-03-03T10:00,32.8,38,92,709.0,5.0
2025-03-03T11:00,34.7,29,72,855.0,3.8
2025-03-03T12:00,36.1,24,71,934.0,4.8
2025-03-03T13:00,37.5,20,74,935.0,7.4
2025-03-03T14:00,38.1,18,82,853.0,9.6
2025-03-03T15:00,38.1,18,44,702.0,10.8
2025-03-03T16:00,37.4,18,4,500.0,10.5
2025-03-03T17:00,36.6,18,1,263.0,1.1
2025-03-03T18:00,33.9,23,56,52.0,2.6
2025-03-03T19:00,32.3,23,98,0.0,9.1
2025-03-03T20:00,31.3,24,100,0.0,8.7
2025-03-03T21:00,30.4,28,100,0.0,11.9
2025-03-03T22:00,29.7,31,100,0.0,10.3
2025-03-03T23:00,28.6,36,99,0.0,7.9
2025-03-04T00:00,27.1,42,99,0.0,6.5
2025-03-04T01:00,26.4,48,100,0.0,4.7
2025-03-04T02:00,25.8,52,100,0.0,4.4
2025-03-04T03:00,25.0,56,100,0.0,4.8
2025-03-04T04:00,24.3,59,100,0.0,3.0
2025-03-04T05:00,23.5,61,70,0.0,2.2
2025-03-04T06:00,24.1,66,100,0.0,1.8
2025-03-04T07:00,25.8,60,98,57.0,4.8
2025-03-04T08:00,28.9,48,72,253.0,3.6
2025-03-04T09:00,31.5,39,77,501.0,2.6
2025-03-04T10:00,33.8,30,13,715.0,2.0
2025-03-04T11:00,35.7,25,27,865.0,4.6
2025-03-04T12:00,37.5,21,98,941.0,10.2
2025-03-04T13:00,37.8,20,100,902.0,14.7
2025-03-04T14:00,38.0,19,95,807.0,8.3
2025-03-04T15:00,38.8,17,18,688.0,3.8
2025-03-04T16:00,39.0,15,16,496.0,10.5
2025-03-04T17:00,37.7,16,100,260.0,17.7
2025-03-04T18:00,35.5,19,96,40.0,16.8
2025-03-04T19:00,33.9,21,100,0.0,15.3
2025-03-04T20:00,32.5,24,100,0.0,10.0
2025-03-04T21:00,30.7,29,100,0.0,6.1
2025-03-04T22:00,29.5,31,100,0.0,6.4
2025-03-04T23:00,28.6,34,100,0.0,6.6
2025-03-05T00:00,27.9,36,100,0.0,4.1
2025-03-05T01:00,27.4,38,98,0.0,1.5
2025-03-05T02:00,26.3,40,89,0.0,1.3
2025-03-05T03:00,25.2,42,86,0.0,3.5
2025-03-05T04:00,24.4,44,24,0.0,3.7
2025-03-05T05:00,23.7,44,19,0.0,5.4
2025-03-05T06:00,24.2,51,58,0.0,5.2
2025-03-05T07:00,26.0,45,65,61.0,8.4
2025-03-05T08:00,29.5,35,80,276.0,5.1
2025-03-05T09:00,32.0,30,8,515.0,3.4
2025-03-05T10:00,34.1,26,37,723.0,1.4
2025-03-05T11:00,35.8,23,12,872.0,5.4
2025-03-05T12:00,37.1,20,72,946.0,8.9
2025-03-05T13:00,38.2,19,61,944.0,11.8
2025-03-05T14:00,38.5,18,72,863.0,16.0
2025-03-05T15:00,38.2,18,77,710.0,15.2
2025-03-05T16:00,38.1,17,63,500.0,11.0
2025-03-05T17:00,37.3,17,99,261.0,9.4
2025-03-05T18:00,33.6,23,100,50.0,5.0
2025-03-05T19:00,32.7,22,100,0.0,10.3
2025-03-05T20:00,31.5,24,100,0.0,11.8
2025-03-05T21:00,30.5,22,100,0.0,9.6
2025-03-05T22:00,28.6,26,99,0.0,7.1
2025-03-05T23:00,27.5,29,89,0.0,3.2
2025-03-06T00:00,26.8,29,86,0.0,7.3
2025-03-06T01:00,26.2,37,79,0.0,7.2
2025-03-06T02:00,25.5,47,80,0.0,6.7
2025-03-06T03:00,25.4,50,69,0.0,1.3
2025-03-06T04:00,24.7,52,3,0.0,0.5
2025-03-06T05:00,24.3,53,0,0.0,0.6
2025-03-06T06:00,24.7,61,0,0.0,1.9
2025-03-06T07:00,26.1,58,0,62.0,3.6
2025-03-06T08:00,28.9,48,0,277.0,2.4
2025-03-06T09:00,31.7,36,0,518.0,5.4
2025-03-06T10:00,33.7,25,0,727.0,5.9
2025-03-06T11:00,35.2,21,0,879.0,6.5
2025-03-06T12:00,36.5,17,54,959.0,10.2
2025-03-06T13:00,37.0,16,91,958.0,15.6
2025-03-06T14:00,37.1,14,79,877.0,16.0
2025-03-06T15:00,37.2,12,73,726.0,12.6
2025-03-06T16:00,37.1,10,27,520.0,11.0
2025-03-06T17:00,36.3,8,55,277.0,13.1
2025-03-06T18:00,31.9,11,88,58.0,8.5
2025-03-06T19:00,30.7,9,10,0.0,8.8
2025-03-06T20:00,28.4,11,0,0.0,6.9
2025-03-06T21:00,27.7,14,0,0.0,8.6
2025-03-06T22:00,26.0,17,77,0.0,6.9
2025-03-06T23:00,25.2,18,91,0.0,4.7
2025-03-07T00:00,24.3,19,85,0.0,2.6
2025-03-07T01:00,24.1,20,97,0.0,0.9
2025-03-07T02:00,24.0,20,83,0.0,1.8
2025-03-07T03:00,23.4,22,92,0.0,1.2
2025-03-07T04:00,22.5,25,92,0.0,2.3
2025-03-07T05:00,21.7,27,87,0.0,6.6
2025-03-07T06:00,21.7,30,6,0.0,7.2
2025-03-07T07:00,23.8,29,89,68.0,7.0
2025-03-07T08:00,27.0,24,92,295.0,4.5
2025-03-07T09:00,29.9,20,90,543.0,7.1
2025-03-07T10:00,31.9,15,92,756.0,7.4
2025-03-07T11:00,33.5,13,91,910.0,4.5
2025-03-07T12:00,34.9,10,95,991.0,3.1
2025-03-07T13:00,36.0,9,93,991.0,4.3
2025-03-07T14:00,36.8,8,90,906.0,6.2
2025-03-07T15:00,37.0,7,88,748.0,8.1
2025-03-07T16:00,36.9,6,37,531.0,9.1
2025-03-07T17:00,35.9,7,6,282.0,7.6
2025-03-07T18:00,31.6,12,0,59.0,2.7
2025-03-07T19:00,30.0,14,0,0.0,1.4
2025-03-07T20:00,29.4,14,0,0.0,0.3
2025-03-07T21:00,27.4,15,0,0.0,7.9
2025-03-07T22:00,27.0,18,0,0.0,10.0
2025-03-07T23:00,25.9,25,0,0.0,9.1
2025-03-08T00:00,23.7,33,0,0.0,6.9
2025-03-08T01:00,23.0,43,0,0.0,7.6
2025-03-08T02:00,22.3,52,0,0.0,7.0
2025-03-08T03:00,21.5,58,0,0.0,6.6
2025-03-08T04:00,21.2,59,0,0.0,4.7
2025-03-08T05:00,21.0,55,0,0.0,3.8
2025-03-08T06:00,21.5,54,0,0.0,4.2
2025-03-08T07:00,23.7,46,0,68.0,6.5
2025-03-08T08:00,26.3,41,0,290.0,5.9
2025-03-08T09:00,29.1,35,0,535.0,7.0
2025-03-08T10:00,31.9,28,0,746.0,7.0
2025-03-08T11:00,34.0,22,0,898.0,3.9
2025-03-08T12:00,35.6,17,0,976.0,0.8
2025-03-08T13:00,36.7,14,0,975.0,5.5
2025-03-08T14:00,37.2,13,0,892.0,8.6
2025-03-08T15:00,37.2,13,0,735.0,11.4
2025-03-08T16:00,37.0,13,0,520.0,12.9
2025-03-08T17:00,36.0,13,0,274.0,13.5
2025-03-08T18:00,32.3,16,0,57.0,7.7
2025-03-08T19:00,30.7,17,0,0.0,5.2
2025-03-08T20:00,29.8,19,0,0.0,3.6
2025-03-08T21:00,29.5,23,0,0.0,17.2
2025-03-08T22:00,27.9,35,0,0.0,13.8
2025-03-08T23:00,26.4,46,0,0.0,11.8
2025-03-09T00:00,25.4,54,0,0.0,10.6
2025-03-09T01:00,24.6,59,0,0.0,9.8
2025-03-09T02:00,23.9,62,0,0.0,8.3
2025-03-09T03:00,22.6,68,0,0.0,5.1
2025-03-09T04:00,21.9,71,0,0.0,5.7
2025-03-09T05:00,21.5,73,0,0.0,5.2
2025-03-09T06:00,22.3,75,0,0.0,3.3
2025-03-09T07:00,24.2,67,0,68.0,4.1
2025-03-09T08:00,26.8,57,11,286.0,4.0
2025-03-09T09:00,29.7,44,34,527.0,5.1
2025-03-09T10:00,32.7,29,70,735.0,8.3
2025-03-09T11:00,34.9,23,90,885.0,12.2
2025-03-09T12:00,36.7,18,90,962.0,14.1
2025-03-09T13:00,37.8,15,2,961.0,15.8
2025-03-09T14:00,38.2,15,0,879.0,16.3
2025-03-09T15:00,37.9,16,0,723.0,18.6
2025-03-09T16:00,36.9,19,0,509.0,20.6
2025-03-09T17:00,35.2,25,0,266.0,22.4
2025-03-09T18:00,32.9,31,2,55.0,18.7
2025-03-09T19:00,31.6,37,0,0.0,22.4
2025-03-09T20:00,29.8,43,0,0.0,22.5
2025-03-09T21:00,28.3,49,0,0.0,21.4
2025-03-09T22:00,26.7,59,0,0.0,19.6
2025-03-09T23:00,25.3,69,0,0.0,18.9
2025-03-10T00:00,24.2,78,0,0.0,17.0
2025-03-10T01:00,23.4,84,0,0.0,14.0
2025-03-10T02:00,22.8,87,0,0.0,12.4
2025-03-10T03:00,22.2,91,10,0.0,10.2
2025-03-10T04:00,21.8,94,24,0.0,8.1
2025-03-10T05:00,21.6,96,67,0.0,7.5
2025-03-10T06:00,22.2,93,74,0.0,13.4
2025-03-10T07:00,23.0,87,15,61.0,14.3
2025-03-10T08:00,24.8,73,11,275.0,16.1
2025-03-10T09:00,27.1,59,6,503.0,17.1
2025-03-10T10:00,29.3,49,3,719.0,16.5
2025-03-10T11:00,31.3,44,3,860.0,16.9
2025-03-10T12:00,33.4,36,3,946.0,18.9
2025-03-10T13:00,34.9,31,1,938.0,19.0
2025-03-10T14:00,36.1,25,0,860.0,18.7
2025-03-10T15:00,36.3,21,0,711.0,21.5
2025-03-10T16:00,35.6,21,0,505.0,23.4
2025-03-10T17:00,34.3,23,0,266.0,23.2
2025-03-10T18:00,32.1,29,1,55.0,17.2
2025-03-10T19:00,30.2,36,0,0.0,17.9
2025-03-10T20:00,28.7,41,0,0.0,15.9
2025-03-10T21:00,27.1,47,0,0.0,15.1
2025-03-10T22:00,25.8,55,0,0.0,14.2
2025-03-10T23:00,24.7,62,0,0.0,15.9
2025-03-11T00:00,23.6,71,8,0.0,12.5
2025-03-11T01:00,22.7,79,0,0.0,8.9
2025-03-11T02:00,21.6,87,0,0.0,5.4
2025-03-11T03:00,20.9,92,2,0.0,4.3
2025-03-11T04:00,20.4,94,39,0.0,4.1
2025-03-11T05:00,20.2,95,60,0.0,3.9
2025-03-11T06:00,21.5,99,99,0.0,8.0
2025-03-11T07:00,22.7,90,97,52.0,13.4
2025-03-11T08:00,24.5,77,97,248.0,12.2
2025-03-11T09:00,26.6,64,100,489.0,12.6
2025-03-11T10:00,28.9,52,75,703.0,13.6
2025-03-11T11:00,31.2,44,99,869.0,15.1
2025-03-11T12:00,33.4,36,24,952.0,16.0
2025-03-11T13:00,35.2,29,85,953.0,19.3
2025-03-11T14:00,35.8,26,85,870.0,20.2
2025-03-11T15:00,35.9,27,80,717.0,19.8
2025-03-11T16:00,35.5,26,97,504.0,20.8
2025-03-11T17:00,34.3,26,90,264.0,22.4
2025-03-11T18:00,32.6,27,0,56.0,17.6
2025-03-11T19:00,31.0,29,77,0.0,17.1
2025-03-11T20:00,29.5,39,7,0.0,17.2
2025-03-11T21:00,28.1,55,0,0.0,15.5
2025-03-11T22:00,27.1,64,23,0.0,14.4
2025-03-11T23:00,26.3,70,99,0.0,11.2
2025-03-12T00:00,25.1,75,100,0.0,7.1
2025-03-12T01:00,24.3,81,91,0.0,6.5
2025-03-12T02:00,23.5,86,94,0.0,5.5
2025-03-12T03:00,22.9,91,54,0.0,4.3
2025-03-12T04:00,22.5,93,90,0.0,3.2
2025-03-12T05:00,22.2,95,100,0.0,3.5
2025-03-12T06:00,22.6,96,0,0.0,2.2
2025-03-12T07:00,24.2,88,0,72.0,3.1
2025-03-12T08:00,26.5,75,0,288.0,3.7
2025-03-12T09:00,29.0,62,60,525.0,5.2
2025-03-12T10:00,31.5,48,26,730.0,6.7
2025-03-12T11:00,33.7,38,15,878.0,8.3
2025-03-12T12:00,35.2,33,0,953.0,10.4
2025-03-12T13:00,36.5,27,21,938.0,10.0
2025-03-12T14:00,37.4,23,32,786.0,12.0
2025-03-12T15:00,37.4,22,16,666.0,16.6
2025-03-12T16:00,37.3,22,2,494.0,15.6
2025-03-12T17:00,36.4,22,1,260.0,17.7
2025-03-12T18:00,33.8,26,12,56.0,14.8
2025-03-12T19:00,32.4,30,81,0.0,15.3
2025-03-12T20:00,31.6,32,99,0.0,16.5
2025-03-12T21:00,30.4,38,75,0.0,18.2
2025-03-12T22:00,29.1,45,0,0.0,15.8
2025-03-12T23:00,27.8,54,12,0.0,13.6
2025-03-13T00:00,26.6,63,100,0.0,11.3
2025-03-13T01:00,25.6,69,100,0.0,8.8
2025-03-13T02:00,24.5,74,100,0.0,5.3
2025-03-13T03:00,23.8,78,100,0.0,4.2
2025-03-13T04:00,23.2,82,100,0.0,4.5
2025-03-13T05:00,23.0,85,100,0.0,2.7
2025-03-13T06:00,23.4,91,99,0.0,3.7
2025-03-13T07:00,25.3,82,100,74.0,4.7
2025-03-13T08:00,27.8,69,100,287.0,5.1
2025-03-13T09:00,30.6,52,100,514.0,5.5
2025-03-13T10:00,33.0,37,99,700.0,4.2
2025-03-13T11:00,35.2,28,100,876.0,6.1
2025-03-13T12:00,36.9,21,100,958.0,7.9
2025-03-13T13:00,37.8,17,100,894.0,8.8
2025-03-13T14:00,38.4,16,100,838.0,9.5
2025-03-13T15:00,38.3,16,100,672.0,10.8
2025-03-13T16:00,38.0,15,70,498.0,10.3
2025-03-13T17:00,37.3,16,59,267.0,11.1
2025-03-13T18:00,33.6,19,25,57.0,5.5
2025-03-13T19:00,32.2,19,100,0.0,6.5
2025-03-13T20:00,31.8,18,92,0.0,10.9
2025-03-13T21:00,30.7,23,93,0.0,9.8
2025-03-13T22:00,29.7,25,0,0.0,9.4
2025-03-13T23:00,28.3,28,0,0.0,8.0
2025-03-14T00:00,27.5,28,3,0.0,7.9
2025-03-14T01:00,27.0,31,9,0.0,8.0
2025-03-14T02:00,26.2,38,24,0.0,4.2
2025-03-14T03:00,25.7,43,24,0.0,3.1
2025-03-14T04:00,24.8,48,21,0.0,6.2
2025-03-14T05:00,24.1,51,0,0.0,6.2
2025-03-14T06:00,24.5,63,0,0.0,5.5
2025-03-14T07:00,26.7,58,0,76.0,6.6
2025-03-14T08:00,29.4,49,0,295.0,5.6
2025-03-14T09:00,32.1,38,0,534.0,6.6
2025-03-14T10:00,34.7,28,0,739.0,5.6
2025-03-14T11:00,36.7,23,0,886.0,4.8
2025-03-14T12:00,38.3,19,1,959.0,5.9
2025-03-14T13:00,39.5,16,0,954.0,8.2
2025-03-14T14:00,39.9,15,0,874.0,9.8
2025-03-14T15:00,39.8,15,0,719.0,5.8
2025-03-14T16:00,40.0,14,1,508.0,4.5
2025-03-14T17:00,39.2,14,16,268.0,11.7
2025-03-14T18:00,36.1,15,31,57.0,12.6
2025-03-14T19:00,34.4,17,9,0.0,16.4
2025-03-14T20:00,33.5,21,0,0.0,18.1
2025-03-14T21:00,32.2,24,0,0.0,19.0
2025-03-14T22:00,30.5,31,0,0.0,15.1
2025-03-14T23:00,29.4,37,5,0.0,13.8
2025-03-15T00:00,28.2,41,0,0.0,11.3
2025-03-15T01:00,26.9,45,0,0.0,8.3
2025-03-15T02:00,25.6,49,0,0.0,6.2
2025-03-15T03:00,24.8,52,0,0.0,4.9
2025-03-15T04:00,24.7,54,0,0.0,0.9
2025-03-15T05:00,24.1,57,0,0.0,0.4
2025-03-15T06:00,24.5,64,0,0.0,0.3
2025-03-15T07:00,26.3,59,0,79.0,4.0
2025-03-15T08:00,28.8,54,0,302.0,6.8
2025-03-15T09:00,31.3,45,0,542.0,9.6
2025-03-15T10:00,33.9,32,0,747.0,10.6
2025-03-15T11:00,36.2,22,0,896.0,11.8
2025-03-15T12:00,37.9,17,0,972.0,13.7
2025-03-15T13:00,38.7,15,0,970.0,15.8
2025-03-15T14:00,39.1,14,15,884.0,14.2
2025-03-15T15:00,39.5,12,71,729.0,15.2
2025-03-15T16:00,38.6,12,6,518.0,20.6
2025-03-15T17:00,37.5,13,0,273.0,19.9
2025-03-15T18:00,34.9,15,0,58.0,17.3
2025-03-15T19:00,33.4,20,0,0.0,18.2
2025-03-15T20:00,32.4,24,3,0.0,16.0
2025-03-15T21:00,30.9,27,0,0.0,15.6
2025-03-15T22:00,29.4,34,0,0.0,15.4
2025-03-15T23:00,27.9,42,0,0.0,13.3
2025-03-16T00:00,26.6,50,0,0.0,11.5
2025-03-16T01:00,25.3,59,0,0.0,9.3
2025-03-16T02:00,24.2,67,0,0.0,7.3
2025-03-16T03:00,23.0,75,0,0.0,5.8
2025-03-16T04:00,22.4,81,4,0.0,5.6
2025-03-16T05:00,21.7,86,2,0.0,4.9
2025-03-16T06:00,22.5,89,0,0.0,5.6
2025-03-16T07:00,24.2,82,0,83.0,6.1
2025-03-16T08:00,27.3,66,0,309.0,7.1
2025-03-16T09:00,30.4,50,0,553.0,8.1
2025-03-16T10:00,33.4,33,0,762.0,8.7
2025-03-16T11:00,35.7,22,0,913.0,8.8
2025-03-16T12:00,37.4,16,9,991.0,11.1
2025-03-16T13:00,38.4,12,61,987.0,13.0
2025-03-16T14:00,38.8,13,66,901.0,13.5
2025-03-16T15:00,38.7,13,72,738.0,12.5
2025-03-16T16:00,38.4,11,98,522.0,11.3
2025-03-16T17:00,37.3,10,97,277.0,14.5
2025-03-16T18:00,34.2,11,51,60.0,12.2
2025-03-16T19:00,32.3,15,0,0.0,12.8
2025-03-16T20:00,31.1,23,0,0.0,13.6
2025-03-16T21:00,30.5,30,0,0.0,13.8
2025-03-16T22:00,29.8,37,0,0.0,15.0
2025-03-16T23:00,28.4,49,0,0.0,11.5
2025-03-17T00:00,27.2,59,0,0.0,8.7
2025-03-17T01:00,26.4,67,0,0.0,7.9
2025-03-17T02:00,25.4,74,0,0.0,5.9
2025-03-17T03:00,24.6,79,0,0.0,5.5
2025-03-17T04:00,24.4,81,0,0.0,6.2
2025-03-17T05:00,23.8,81,0,0.0,5.8
2025-03-17T06:00,24.6,80,0,0.0,5.1
2025-03-17T07:00,26.7,70,0,81.0,7.3
2025-03-17T08:00,29.6,54,22,301.0,7.9
2025-03-17T09:00,31.9,46,12,538.0,8.6
2025-03-17T10:00,34.2,38,38,747.0,7.5
2025-03-17T11:00,36.2,29,40,898.0,5.1
2025-03-17T12:00,37.7,22,23,974.0,1.3
2025-03-17T13:00,38.6,17,38,967.0,3.2
2025-03-17T14:00,39.1,16,14,881.0,3.4
2025-03-17T15:00,39.4,15,1,725.0,4.2
2025-03-17T16:00,39.3,15,16,511.0,7.2
2025-03-17T17:00,38.6,15,19,269.0,10.9
2025-03-17T18:00,34.7,19,0,58.0,6.8
2025-03-17T19:00,33.2,18,1,0.0,9.2
2025-03-17T20:00,33.1,16,57,0.0,13.2
2025-03-17T21:00,31.7,20,30,0.0,12.8
2025-03-17T22:00,29.8,34,35,0.0,13.5
2025-03-17T23:00,28.4,53,83,0.0,11.0
2025-03-18T00:00,27.3,66,14,0.0,11.8
2025-03-18T01:00,26.4,75,30,0.0,9.9
2025-03-18T02:00,25.5,81,27,0.0,7.6
2025-03-18T03:00,24.9,85,32,0.0,8.7
2025-03-18T04:00,24.3,89,90,0.0,8.2
2025-03-18T05:00,23.8,91,88,0.0,5.7
2025-03-18T06:00,24.4,93,6,0.0,6.4
2025-03-18T07:00,26.0,85,0,84.0,7.3
2025-03-18T08:00,28.5,71,0,307.0,8.0
2025-03-18T09:00,31.4,55,0,545.0,9.4
2025-03-18T10:00,34.1,38,0,751.0,10.9
2025-03-18T11:00,36.1,27,1,898.0,11.3
2025-03-18T12:00,37.7,20,0,975.0,11.9
2025-03-18T13:00,38.7,17,6,972.0,12.1
2025-03-18T14:00,39.1,17,70,883.0,10.6
2025-03-18T15:00,39.6,13,75,725.0,9.5
2025-03-18T16:00,39.4,11,21,516.0,13.7
2025-03-18T17:00,38.3,10,86,273.0,16.3
2025-03-18T18:00,35.4,10,98,59.0,12.8
2025-03-18T19:00,33.5,14,58,0.0,13.0
2025-03-18T20:00,32.0,21,5,0.0,11.9
2025-03-18T21:00,31.3,29,0,0.0,14.4
2025-03-18T22:00,30.1,48,2,0.0,17.5
2025-03-18T23:00,28.7,61,0,0.0,16.3
2025-03-19T00:00,27.9,67,21,0.0,16.3
2025-03-19T01:00,27.3,71,92,0.0,14.1
2025-03-19T02:00,26.7,74,89,0.0,10.9
2025-03-19T03:00,26.1,77,61,0.0,8.3
2025-03-19T04:00,25.4,80,1,0.0,6.7
2025-03-19T05:00,24.7,83,0,0.0,5.0
2025-03-19T06:00,25.6,84,0,0.0,5.0
2025-03-19T07:00,27.0,75,1,84.0,8.1
2025-03-19T08:00,29.3,61,7,305.0,10.1
2025-03-19T09:00,31.7,50,4,543.0,10.5
2025-03-19T10:00,33.9,39,46,747.0,11.1
2025-03-19T11:00,35.7,28,0,888.0,11.2
2025-03-19T12:00,37.2,21,0,972.0,12.5
2025-03-19T13:00,38.2,17,10,970.0,12.7
2025-03-19T14:00,38.7,16,20,887.0,11.8
2025-03-19T15:00,39.0,14,34,729.0,13.3
2025-03-19T16:00,38.5,15,15,516.0,15.8
2025-03-19T17:00,37.6,16,21,271.0,15.6
2025-03-19T18:00,35.2,20,86,58.0,14.8
2025-03-19T19:00,33.4,25,79,0.0,23.9
2025-03-19T20:00,32.7,30,99,0.0,22.4
2025-03-19T21:00,31.5,39,99,0.0,22.4
2025-03-19T22:00,30.2,47,74,0.0,20.2
2025-03-19T23:00,29.1,55,1,0.0,18.2
2025-03-20T00:00,28.1,62,0,0.0,16.8
2025-03-20T01:00,27.3,68,0,0.0,13.0
2025-03-20T02:00,26.6,73,0,0.0,11.1
2025-03-20T03:00,26.1,77,0,0.0,10.9
2025-03-20T04:00,25.6,80,0,0.0,10.7
2025-03-20T05:00,25.2,83,0,0.0,9.4
2025-03-20T06:00,25.8,80,0,0.0,9.9
2025-03-20T07:00,26.8,74,1,85.0,12.6
2025-03-20T08:00,28.4,66,0,302.0,12.8
2025-03-20T09:00,30.4,54,0,541.0,12.5
2025-03-20T10:00,32.6,42,36,748.0,12.1
2025-03-20T11:00,34.6,33,46,897.0,12.2
2025-03-20T12:00,36.2,26,52,973.0,11.7
2025-03-20T13:00,37.5,22,94,969.0,11.7
2025-03-20T14:00,38.1,19,34,882.0,11.7
2025-03-20T15:00,38.5,17,0,729.0,11.6
2025-03-20T16:00,38.3,17,0,514.0,12.7
2025-03-20T17:00,37.5,17,0,271.0,15.1
2025-03-20T18:00,35.0,20,0,58.0,11.8
2025-03-20T19:00,33.7,23,0,0.0,11.4
2025-03-20T20:00,32.9,30,0,0.0,22.9
2025-03-20T21:00,31.5,38,0,0.0,22.7
2025-03-20T22:00,29.3,53,0,0.0,19.2
2025-03-20T23:00,28.4,58,0,0.0,18.8
2025-03-21T00:00,27.6,61,0,0.0,16.7
2025-03-21T01:00,26.9,65,0,0.0,14.7
2025-03-21T02:00,26.3,69,0,0.0,14.3
2025-03-21T03:00,25.7,72,0,0.0,7.7
2025-03-21T04:00,25.4,71,0,0.0,8.3
2025-03-21T05:00,25.2,70,0,0.0,9.4
2025-03-21T06:00,25.7,73,0,0.0,9.2
2025-03-21T07:00,26.8,67,0,87.0,13.0
2025-03-21T08:00,29.0,56,0,305.0,14.4
2025-03-21T09:00,31.2,48,0,539.0,13.3
2025-03-21T10:00,33.2,40,0,740.0,11.8
2025-03-21T11:00,34.9,34,6,885.0,10.4
2025-03-21T12:00,36.1,29,7,931.0,9.1
2025-03-21T13:00,37.0,24,4,931.0,8.7
2025-03-21T14:00,37.6,20,4,857.0,7.7
2025-03-21T15:00,38.1,18,8,705.0,8.0
2025-03-21T16:00,37.8,17,6,486.0,8.6
2025-03-21T17:00,37.2,17,5,260.0,9.5
2025-03-21T18:00,34.4,23,3,57.0,8.9
2025-03-21T19:00,33.1,25,5,0.0,7.8
2025-03-21T20:00,32.1,27,5,0.0,6.9
2025-03-21T21:00,31.3,32,1,0.0,7.1
2025-03-21T22:00,30.3,42,0,0.0,17.2
2025-03-21T23:00,29.3,51,0,0.0,18.1
2025-03-22T00:00,28.5,57,0,0.0,16.0
2025-03-22T01:00,27.7,62,0,0.0,15.7
2025-03-22T02:00,27.2,66,0,0.0,14.3
2025-03-22T03:00,26.7,69,0,0.0,11.8
2025-03-22T04:00,26.3,70,0,0.0,9.2
2025-03-22T05:00,26.1,71,0,0.0,10.3
2025-03-22T06:00,26.1,77,0,1.0,12.2
2025-03-22T07:00,27.3,72,0,86.0,13.6
2025-03-22T08:00,29.6,60,0,301.0,14.3
2025-03-22T09:00,31.9,49,0,531.0,12.4
2025-03-22T10:00,33.9,42,8,729.0,9.9
2025-03-22T11:00,35.4,36,10,843.0,7.6
2025-03-22T12:00,36.7,33,14,881.0,6.4
2025-03-22T13:00,37.4,30,22,860.0,5.1
2025-03-22T14:00,37.8,28,58,798.0,4.3
2025-03-22T15:00,38.1,26,100,635.0,3.0
2025-03-22T16:00,36.4,29,36,269.0,11.4
2025-03-22T17:00,34.3,33,63,198.0,15.6
2025-03-22T18:00,31.3,48,46,46.0,23.6
2025-03-22T19:00,30.3,50,32,0.0,17.5
2025-03-22T20:00,29.9,52,16,0.0,18.1
2025-03-22T21:00,29.1,56,3,0.0,18.0
2025-03-22T22:00,28.3,59,1,0.0,14.0
2025-03-22T23:00,27.9,61,3,0.0,10.4
2025-03-23T00:00,27.4,63,3,0.0,10.1
2025-03-23T01:00,27.0,65,0,0.0,8.8
2025-03-23T02:00,26.5,68,0,0.0,6.3
2025-03-23T03:00,26.0,71,0,0.0,4.0
2025-03-23T04:00,25.6,73,0,0.0,3.2
2025-03-23T05:00,25.4,74,0,0.0,3.9
2025-03-23T06:00,26.3,74,1,1.0,3.0
2025-03-23T07:00,27.8,70,2,88.0,8.8
2025-03-23T08:00,29.5,63,30,303.0,9.7
2025-03-23T09:00,31.1,57,13,499.0,8.7
2025-03-23T10:00,32.8,50,16,702.0,8.3
2025-03-23T11:00,34.2,44,30,828.0,7.0
2025-03-23T12:00,35.2,40,20,831.0,7.0
2025-03-23T13:00,36.4,36,20,859.0,9.0
2025-03-23T14:00,36.5,32,24,720.0,10.7
2025-03-23T15:00,36.4,30,31,584.0,9.2
2025-03-23T16:00,36.0,31,14,432.0,8.7
2025-03-23T17:00,33.7,37,78,229.0,21.1
2025-03-23T18:00,33.8,33,56,45.0,16.2
2025-03-23T19:00,32.0,44,39,0.0,24.2
2025-03-23T20:00,30.7,50,18,0.0,17.2
2025-03-23T21:00,30.3,51,0,0.0,14.9
2025-03-23T22:00,29.8,53,1,0.0,15.3
2025-03-23T23:00,29.1,56,1,0.0,15.7
2025-03-24T00:00,28.2,61,2,0.0,15.6
2025-03-24T01:00,27.3,68,1,0.0,14.8
2025-03-24T02:00,26.6,73,1,0.0,12.3
2025-03-24T03:00,26.1,78,9,0.0,9.7
2025-03-24T04:00,25.9,79,16,0.0,8.2
2025-03-24T05:00,25.7,79,0,0.0,8.3
2025-03-24T06:00,26.1,81,1,1.0,9.1
2025-03-24T07:00,27.1,77,1,89.0,8.9
2025-03-24T08:00,29.0,67,1,302.0,9.4
2025-03-24T09:00,30.9,57,8,532.0,7.3
2025-03-24T10:00,32.8,47,6,700.0,7.5
2025-03-24T11:00,34.4,40,11,838.0,7.1
2025-03-24T12:00,35.7,34,10,903.0,8.3
2025-03-24T13:00,36.6,30,15,862.0,8.5
2025-03-24T14:00,37.4,29,19,796.0,10.4
2025-03-24T15:00,37.2,29,26,632.0,11.1
2025-03-24T16:00,36.2,29,73,425.0,10.0
2025-03-24T17:00,35.2,31,12,181.0,13.6
2025-03-24T18:00,34.0,32,13,54.0,5.1
2025-03-24T19:00,32.5,36,7,0.0,7.9
2025-03-24T20:00,31.7,37,9,0.0,10.7
2025-03-24T21:00,30.6,46,0,0.0,14.7
2025-03-24T22:00,29.5,57,0,0.0,15.8
2025-03-24T23:00,28.3,65,0,0.0,16.5
2025-03-25T00:00,27.5,69,0,0.0,13.9
2025-03-25T01:00,26.9,73,0,0.0,12.0
2025-03-25T02:00,26.4,76,0,0.0,10.9
2025-03-25T03:00,25.9,79,0,0.0,8.4
2025-03-25T04:00,25.4,82,0,0.0,7.8
2025-03-25T05:00,25.0,85,0,0.0,6.9
2025-03-25T06:00,25.2,88,4,1.0,9.3
2025-03-25T07:00,26.2,83,4,93.0,10.1
2025-03-25T08:00,28.3,71,0,310.0,9.7
2025-03-25T09:00,30.8,56,0,543.0,8.6
2025-03-25T10:00,33.3,42,1,743.0,7.7
2025-03-25T11:00,35.4,30,18,883.0,8.5
2025-03-25T12:00,36.3,26,11,837.0,8.9
2025-03-25T13:00,37.2,24,14,895.0,7.2
2025-03-25T14:00,38.0,22,14,820.0,7.9
2025-03-25T15:00,38.0,21,22,669.0,9.5
2025-03-25T16:00,37.5,21,23,451.0,11.1
2025-03-25T17:00,36.6,21,17,239.0,9.4
2025-03-25T18:00,33.8,24,5,56.0,6.1
2025-03-25T19:00,32.5,25,17,0.0,8.4
2025-03-25T20:00,31.8,26,10,0.0,10.6
2025-03-25T21:00,31.1,32,0,0.0,16.0
2025-03-25T22:00,29.9,43,0,0.0,18.0
2025-03-25T23:00,28.8,48,0,0.0,15.4
2025-03-26T00:00,27.8,54,0,0.0,14.0
2025-03-26T01:00,27.0,58,0,0.0,9.8
2025-03-26T02:00,26.2,62,0,0.0,5.9
2025-03-26T03:00,25.6,65,0,0.0,5.9
2025-03-26T04:00,24.9,68,0,0.0,4.8
2025-03-26T05:00,24.4,69,0,0.0,4.8
2025-03-26T06:00,25.4,69,0,1.0,3.6
2025-03-26T07:00,27.3,60,0,98.0,3.6
2025-03-26T08:00,29.5,51,0,322.0,5.0
2025-03-26T09:00,32.1,42,0,558.0,5.2
2025-03-26T10:00,34.4,32,6,758.0,5.1
2025-03-26T11:00,35.9,26,15,862.0,4.7
2025-03-26T12:00,37.0,22,16,898.0,6.1
2025-03-26T13:00,37.7,21,13,898.0,5.1
2025-03-26T14:00,38.4,19,3,849.0,4.3
2025-03-26T15:00,38.9,17,6,710.0,8.1
2025-03-26T16:00,38.3,17,15,501.0,12.3
2025-03-26T17:00,37.5,17,11,261.0,14.9
2025-03-26T18:00,34.9,16,13,53.0,4.3
2025-03-26T19:00,33.1,18,9,0.0,1.3
2025-03-26T20:00,31.6,19,2,0.0,6.8
2025-03-26T21:00,31.1,28,0,0.0,16.7
2025-03-26T22:00,29.4,45,0,0.0,16.0
2025-03-26T23:00,28.4,53,0,0.0,14.7
2025-03-27T00:00,27.4,58,0,0.0,12.5
2025-03-27T01:00,26.6,62,0,0.0,9.1
2025-03-27T02:00,25.8,67,0,0.0,6.7
2025-03-27T03:00,25.3,69,0,0.0,6.8
2025-03-27T04:00,24.8,69,0,0.0,5.4
2025-03-27T05:00,24.9,65,0,0.0,6.0
2025-03-27T06:00,25.9,64,0,1.0,6.0
2025-03-27T07:00,28.0,54,0,101.0,4.0
2025-03-27T08:00,30.6,40,4,326.0,8.2
2025-03-27T09:00,33.0,33,0,562.0,10.3
2025-03-27T10:00,35.1,28,57,764.0,9.3
2025-03-27T11:00,36.7,24,61,903.0,7.0
2025-03-27T12:00,37.7,21,4,959.0,4.8
2025-03-27T13:00,38.6,18,2,964.0,7.1
2025-03-27T14:00,38.9,17,53,823.0,10.4
2025-03-27T15:00,39.0,16,72,671.0,14.5
2025-03-27T16:00,38.9,16,88,454.0,17.1
2025-03-27T17:00,38.4,15,46,226.0,8.8
2025-03-27T18:00,35.5,17,3,53.0,7.4
2025-03-27T19:00,33.5,16,2,0.0,6.4
2025-03-27T20:00,32.8,17,3,0.0,4.0
2025-03-27T21:00,31.7,19,0,0.0,7.1
2025-03-27T22:00,31.4,29,0,0.0,18.6
2025-03-27T23:00,29.8,37,0,0.0,12.4
2025-03-28T00:00,28.8,42,0,0.0,10.5
2025-03-28T01:00,28.2,47,0,0.0,13.2
2025-03-28T02:00,27.3,51,0,0.0,8.8
2025-03-28T03:00,26.6,54,0,0.0,6.9
2025-03-28T04:00,26.1,51,0,0.0,6.5
2025-03-28T05:00,26.0,46,0,0.0,6.7
2025-03-28T06:00,26.6,46,0,2.0,4.7
2025-03-28T07:00,28.9,37,0,104.0,5.2
2025-03-28T08:00,31.5,30,0,331.0,9.7
2025-03-28T09:00,34.3,27,0,566.0,14.5
2025-03-28T10:00,36.5,24,0,766.0,12.0
2025-03-28T11:00,37.9,21,0,908.0,6.6
2025-03-28T12:00,39.0,19,1,978.0,5.0
2025-03-28T13:00,39.9,17,1,961.0,7.1
2025-03-28T14:00,40.4,16,2,877.0,11.4
2025-03-28T15:00,40.2,15,0,722.0,14.9
2025-03-28T16:00,39.7,15,0,510.0,10.3
2025-03-28T17:00,39.5,15,32,263.0,4.6
2025-03-28T18:00,36.3,20,22,58.0,1.0
2025-03-28T19:00,35.5,21,100,0.0,0.9
2025-03-28T20:00,35.4,20,57,0.0,8.4
2025-03-28T21:00,34.8,21,0,0.0,14.5
2025-03-28T22:00,32.8,25,0,0.0,14.1
2025-03-28T23:00,31.4,29,0,0.0,12.0
2025-03-29T00:00,30.0,34,0,0.0,9.4
2025-03-29T01:00,28.9,38,0,0.0,7.3
2025-03-29T02:00,27.9,41,0,0.0,6.4
2025-03-29T03:00,27.1,42,0,0.0,6.0
2025-03-29T04:00,26.7,40,0,0.0,6.3
2025-03-29T05:00,26.0,41,0,0.0,5.5
2025-03-29T06:00,26.9,42,0,2.0,5.0
2025-03-29T07:00,29.7,35,0,107.0,7.2
2025-03-29T08:00,32.6,28,0,336.0,10.7
2025-03-29T09:00,35.0,25,38,573.0,12.2
2025-03-29T10:00,37.2,19,0,776.0,11.2
2025-03-29T11:00,38.8,15,64,921.0,10.3
2025-03-29T12:00,39.8,14,63,992.0,10.1
2025-03-29T13:00,40.5,12,100,984.0,6.9
2025-03-29T14:00,41.2,12,94,895.0,6.9
2025-03-29T15:00,41.3,12,90,732.0,9.6
2025-03-29T16:00,40.9,12,20,517.0,11.3
2025-03-29T17:00,39.8,12,58,274.0,11.2
2025-03-29T18:00,36.0,15,0,61.0,6.0
2025-03-29T19:00,34.1,16,0,0.0,7.7
2025-03-29T20:00,34.0,17,0,0.0,14.2
2025-03-29T21:00,33.3,19,0,0.0,15.1
2025-03-29T22:00,32.0,22,0,0.0,12.7
2025-03-29T23:00,30.5,26,0,0.0,12.3
2025-03-30T00:00,29.4,28,0,0.0,10.1
2025-03-30T01:00,27.8,30,0,0.0,5.3
2025-03-30T02:00,27.5,31,0,0.0,1.9
2025-03-30T03:00,27.0,32,0,0.0,3.3
2025-03-30T04:00,26.4,35,0,0.0,5.1
2025-03-30T05:00,25.9,38,0,0.0,7.2
2025-03-30T06:00,27.1,39,0,2.0,6.9
2025-03-30T07:00,29.3,35,0,109.0,8.2
2025-03-30T08:00,32.1,27,3,338.0,10.6
2025-03-30T09:00,34.5,22,2,572.0,12.0
2025-03-30T10:00,36.6,16,9,775.0,9.8
2025-03-30T11:00,38.1,14,1,913.0,8.7
2025-03-30T12:00,39.3,12,0,987.0,9.3
2025-03-30T13:00,40.1,12,0,979.0,11.2
2025-03-30T14:00,40.5,12,0,892.0,13.5
2025-03-30T15:00,40.6,12,0,731.0,11.8
2025-03-30T16:00,40.5,12,0,516.0,10.5
2025-03-30T17:00,39.1,13,0,272.0,19.0
2025-03-30T18:00,36.3,16,0,61.0,20.6
2025-03-30T19:00,35.1,19,0,0.0,23.9
2025-03-30T20:00,34.0,20,0,0.0,19.7
2025-03-30T21:00,32.8,21,0,0.0,18.8
2025-03-30T22:00,31.4,24,0,0.0,15.4
2025-03-30T23:00,30.2,27,0,0.0,11.8
2025-03-31T00:00,29.0,30,0,0.0,9.7
2025-03-31T01:00,27.8,33,0,0.0,7.3
2025-03-31T02:00,26.9,36,0,0.0,6.2
2025-03-31T03:00,26.2,40,0,0.0,6.2
2025-03-31T04:00,25.5,44,0,0.0,6.0
2025-03-31T05:00,25.0,46,0,0.0,5.1
2025-03-31T06:00,26.0,47,0,2.0,6.0
2025-03-31T07:00,28.5,37,0,111.0,5.3
2025-03-31T08:00,31.5,27,8,339.0,4.2
2025-03-31T09:00,34.0,21,2,567.0,3.8
2025-03-31T10:00,35.9,17,0,773.0,3.6
2025-03-31T11:00,37.4,15,0,915.0,8.4
2025-03-31T12:00,38.4,15,10,983.0,11.3
2025-03-31T13:00,38.8,16,23,940.0,11.0
2025-03-31T14:00,39.5,16,49,829.0,9.6
2025-03-31T15:00,40.0,16,67,492.0,15.3
2025-03-31T16:00,38.7,17,17,392.0,23.9
2025-03-31T17:00,38.1,18,8,247.0,20.7
2025-03-31T18:00,35.6,23,12,55.0,18.0
2025-03-31T19:00,34.0,27,31,0.0,19.6
2025-03-31T20:00,32.8,33,10,0.0,17.5
2025-03-31T21:00,31.5,40,0,0.0,18.8
2025-03-31T22:00,30.0,44,2,0.0,17.1
2025-03-31T23:00,28.8,48,2,0.0,17.5
2025-04-01T00:00,27.7,54,7,0.0,17.6
2025-04-01T01:00,26.7,60,0,0.0,16.6
2025-04-01T02:00,25.7,64,0,0.0,15.3
2025-04-01T03:00,25.0,67,0,0.0,13.0
2025-04-01T04:00,24.3,72,0,0.0,8.0
2025-04-01T05:00,23.7,77,0,0.0,6.5
2025-04-01T06:00,24.3,81,0,2.0,6.2
2025-04-01T07:00,25.4,76,0,111.0,5.1
2025-04-01T08:00,27.3,67,0,338.0,6.4
2025-04-01T09:00,29.7,53,0,573.0,9.5
2025-04-01T10:00,32.1,38,0,777.0,10.9
2025-04-01T11:00,34.1,28,0,919.0,11.2
2025-04-01T12:00,35.5,24,0,990.0,12.3
2025-04-01T13:00,36.5,22,0,982.0,14.4
2025-04-01T14:00,37.0,22,6,888.0,13.5
2025-04-01T15:00,37.1,22,38,711.0,15.7
2025-04-01T16:00,36.8,24,8,477.0,17.3
2025-04-01T17:00,34.0,35,4,255.0,21.8
2025-04-01T18:00,32.5,37,1,59.0,19.1
2025-04-01T19:00,31.7,41,1,0.0,16.7
2025-04-01T20:00,30.9,44,1,0.0,18.2
2025-04-01T21:00,30.2,47,2,0.0,20.8
2025-04-01T22:00,28.8,54,3,0.0,19.8
2025-04-01T23:00,27.8,59,4,0.0,18.1
2025-04-02T00:00,27.0,63,0,0.0,16.0
2025-04-02T01:00,26.3,66,2,0.0,13.9
2025-04-02T02:00,25.6,70,5,0.0,10.9
2025-04-02T03:00,25.1,74,9,0.0,9.9
2025-04-02T04:00,24.6,78,25,0.0,8.7
2025-04-02T05:00,24.2,81,42,0.0,7.7
2025-04-02T06:00,24.7,80,4,3.0,8.5
2025-04-02T07:00,25.9,74,12,111.0,9.3
2025-04-02T08:00,27.8,64,13,331.0,10.7
2025-04-02T09:00,29.9,55,36,550.0,10.0
2025-04-02T10:00,32.0,45,65,748.0,8.9
2025-04-02T11:00,33.6,38,75,843.0,8.1
2025-04-02T12:00,35.0,34,86,893.0,8.6
2025-04-02T13:00,35.8,31,79,893.0,9.5
2025-04-02T14:00,36.5,29,52,822.0,9.3
2025-04-02T15:00,36.7,29,31,669.0,9.5
2025-04-02T16:00,36.4,29,23,470.0,10.2
2025-04-02T17:00,35.6,30,73,247.0,11.8
2025-04-02T18:00,33.4,38,25,40.0,16.4
2025-04-02T19:00,31.4,45,14,0.0,12.1
2025-04-02T20:00,31.4,46,20,0.0,20.7
2025-04-02T21:00,29.5,60,10,0.0,21.4
2025-04-02T22:00,28.9,64,26,0.0,18.8
2025-04-02T23:00,28.6,65,8,0.0,17.8
2025-04-03T00:00,28.1,67,8,0.0,16.4
2025-04-03T01:00,27.4,71,30,0.0,16.1
2025-04-03T02:00,27.0,74,15,0.0,13.9
2025-04-03T03:00,26.6,77,17,0.0,12.6
2025-04-03T04:00,26.3,79,67,0.0,10.9
2025-04-03T05:00,26.2,81,47,0.0,10.1
2025-04-03T06:00,27.1,78,66,3.0,10.2
2025-04-03T07:00,28.1,73,81,91.0,11.8
2025-04-03T08:00,30.2,62,13,324.0,12.9
2025-04-03T09:00,32.1,50,98,542.0,11.4
2025-04-03T10:00,33.9,43,100,703.0,9.4
2025-04-03T11:00,35.2,38,99,842.0,7.5
2025-04-03T12:00,36.3,33,100,772.0,8.0
2025-04-03T13:00,36.8,30,100,704.0,8.2
2025-04-03T14:00,36.8,29,100,431.0,10.5
2025-04-03T15:00,26.8,72,98,158.0,13.1
2025-04-03T16:00,31.1,51,100,322.0,11.7
2025-04-03T17:00,29.7,57,94,218.0,15.6
2025-04-03T18:00,28.0,65,93,45.0,8.0
2025-04-03T19:00,27.6,69,82,0.0,8.2
2025-04-03T20:00,26.6,73,98,0.0,3.3
2025-04-03T21:00,24.4,89,97,0.0,7.2
2025-04-03T22:00,24.2,89,89,0.0,7.9
2025-04-03T23:00,23.3,92,100,0.0,3.4
2025-04-04T00:00,23.6,94,72,0.0,11.5
2025-04-04T01:00,23.4,94,97,0.0,8.7
2025-04-04T02:00,23.5,95,100,0.0,8.8
2025-04-04T03:00,23.2,94,99,0.0,5.1
2025-04-04T04:00,23.1,93,97,0.0,5.9
2025-04-04T05:00,23.1,92,98,0.0,4.3
2025-04-04T06:00,23.4,91,79,3.0,2.4
2025-04-04T07:00,24.4,84,32,78.0,2.7
2025-04-04T08:00,26.2,73,65,303.0,1.9
2025-04-04T09:00,28.0,64,20,501.0,5.4
2025-04-04T10:00,29.7,57,10,743.0,4.6
2025-04-04T11:00,31.4,49,0,886.0,4.5
2025-04-04T12:00,32.9,42,43,951.0,3.8
2025-04-04T13:00,33.8,39,90,926.0,5.4
2025-04-04T14:00,34.5,37,80,827.0,5.7
2025-04-04T15:00,34.9,37,65,647.0,9.0
2025-04-04T16:00,32.6,43,36,355.0,12.4
2025-04-04T17:00,32.1,47,19,203.0,13.0
2025-04-04T18:00,29.5,60,14,52.0,8.5
2025-04-04T19:00,29.0,62,24,0.0,8.7
2025-04-04T20:00,28.5,64,49,0.0,5.6
2025-04-04T21:00,28.2,67,75,0.0,9.5
2025-04-04T22:00,27.8,69,29,0.0,10.5
2025-04-04T23:00,27.2,70,39,0.0,9.1
2025-04-05T00:00,26.6,72,24,0.0,5.3
2025-04-05T01:00,26.4,72,30,0.0,5.6
2025-04-05T02:00,26.1,72,91,0.0,5.1
2025-04-05T03:00,25.5,76,91,0.0,3.2
2025-04-05T04:00,25.1,78,98,0.0,3.5
2025-04-05T05:00,24.8,80,97,0.0,3.1
2025-04-05T06:00,26.1,74,91,4.0,4.0
2025-04-05T07:00,27.8,66,68,113.0,3.1
2025-04-05T08:00,29.6,58,87,335.0,3.4
2025-04-05T09:00,31.3,51,74,563.0,4.0
2025-04-05T10:00,32.7,43,99,732.0,6.9
2025-04-05T11:00,34.0,39,100,849.0,8.1
2025-04-05T12:00,35.0,37,100,932.0,7.6
2025-04-05T13:00,35.6,36,96,863.0,7.6
2025-04-05T14:00,36.2,34,32,843.0,8.6
2025-04-05T15:00,35.9,35,14,688.0,10.7
2025-04-05T16:00,34.7,37,41,461.0,11.1
2025-04-05T17:00,33.0,44,95,203.0,13.3
2025-04-05T18:00,32.2,42,34,54.0,7.7
2025-04-05T19:00,30.9,46,75,0.0,7.4
2025-04-05T20:00,30.3,49,64,0.0,7.6
2025-04-05T21:00,29.8,51,92,0.0,11.5
2025-04-05T22:00,29.2,56,100,0.0,9.3
2025-04-05T23:00,28.6,59,98,0.0,12.1
2025-04-06T00:00,27.8,64,50,0.0,12.5
2025-04-06T01:00,27.6,67,100,0.0,8.3
2025-04-06T02:00,24.6,78,100,0.0,14.0
2025-04-06T03:00,24.9,78,86,0.0,7.3
2025-04-06T04:00,24.5,86,99,0.0,5.2
2025-04-06T05:00,24.6,86,100,0.0,3.0
2025-04-06T06:00,26.9,70,100,1.0,0.2
2025-04-06T07:00,27.6,68,100,43.0,3.7
2025-04-06T08:00,28.9,64,100,144.0,4.7
2025-04-06T09:00,29.9,59,100,208.0,2.2
2025-04-06T10:00,31.3,53,98,373.0,3.6
2025-04-06T11:00,32.8,46,99,554.0,5.6
2025-04-06T12:00,32.7,44,69,349.0,7.1
2025-04-06T13:00,34.7,37,55,724.0,6.9
2025-04-06T14:00,35.5,33,94,744.0,8.8
2025-04-06T15:00,35.7,31,84,465.0,8.8
2025-04-06T16:00,35.8,30,12,333.0,13.2
2025-04-06T17:00,35.0,31,12,244.0,11.6
2025-04-06T18:00,33.0,37,9,55.0,3.2
2025-04-06T19:00,32.1,39,15,0.0,2.3
2025-04-06T20:00,30.3,46,21,0.0,4.6
2025-04-06T21:00,29.8,48,12,0.0,7.8
2025-04-06T22:00,29.7,48,15,0.0,12.8
2025-04-06T23:00,28.8,54,12,0.0,13.9
2025-04-07T00:00,27.9,59,12,0.0,11.3
2025-04-07T01:00,27.2,63,1,0.0,11.2
2025-04-07T02:00,26.5,67,0,0.0,12.2
2025-04-07T03:00,25.9,70,0,0.0,8.0
2025-04-07T04:00,24.9,76,0,0.0,3.9
2025-04-07T05:00,24.5,78,4,0.0,2.7
2025-04-07T06:00,25.6,76,0,4.0,3.3
2025-04-07T07:00,27.3,69,0,124.0,3.1
2025-04-07T08:00,29.8,59,0,354.0,6.2
2025-04-07T09:00,32.4,46,0,590.0,5.8
2025-04-07T10:00,34.6,36,0,785.0,6.5
2025-04-07T11:00,36.4,28,0,921.0,7.5
2025-04-07T12:00,38.1,21,37,971.0,10.5
2025-04-07T13:00,38.2,21,19,793.0,14.6
2025-04-07T14:00,38.3,21,7,766.0,13.3
2025-04-07T15:00,38.6,19,4,696.0,11.9
2025-04-07T16:00,38.5,19,5,500.0,10.2
2025-04-07T17:00,37.9,19,17,259.0,12.2
2025-04-07T18:00,33.8,26,14,59.0,3.5
2025-04-07T19:00,31.9,30,1,0.0,6.6
2025-04-07T20:00,31.2,33,8,0.0,8.8
2025-04-07T21:00,30.1,46,12,0.0,15.2
2025-04-07T22:00,28.9,57,6,0.0,17.3
2025-04-07T23:00,27.8,65,4,0.0,17.7
2025-04-08T00:00,26.8,73,2,0.0,14.9
2025-04-08T01:00,26.1,77,1,0.0,14.1
2025-04-08T02:00,25.4,81,86,0.0,11.2
2025-04-08T03:00,24.9,83,58,0.0,10.0
2025-04-08T04:00,24.3,87,47,0.0,4.8
2025-04-08T05:00,23.5,92,55,0.0,2.8
2025-04-08T06:00,24.9,88,0,5.0,5.5
2025-04-08T07:00,26.4,81,0,125.0,4.9
2025-04-08T08:00,28.7,67,0,353.0,5.3
2025-04-08T09:00,31.4,51,0,583.0,7.2
2025-04-08T10:00,33.6,38,0,776.0,8.0
2025-04-08T11:00,35.4,31,0,910.0,8.3
2025-04-08T12:00,37.0,25,3,974.0,8.6
2025-04-08T13:00,37.9,21,38,917.0,12.1
2025-04-08T14:00,37.5,23,20,675.0,15.3
2025-04-08T15:00,37.7,23,4,667.0,14.9
2025-04-08T16:00,37.0,22,6,484.0,17.7
2025-04-08T17:00,35.5,26,10,250.0,17.9
2025-04-08T18:00,33.8,31,9,58.0,13.1
2025-04-08T19:00,32.5,34,14,0.0,13.2
2025-04-08T20:00,31.8,34,41,0.0,17.3
2025-04-08T21:00,30.5,37,42,0.0,18.8
2025-04-08T22:00,29.0,45,39,0.0,17.5
2025-04-08T23:00,28.1,52,0,0.0,16.8
2025-04-09T00:00,27.3,58,0,0.0,14.5
2025-04-09T01:00,26.4,64,0,0.0,11.2
2025-04-09T02:00,25.8,68,0,0.0,9.1
2025-04-09T03:00,25.3,72,0,0.0,7.6
2025-04-09T04:00,24.8,76,0,0.0,5.6
2025-04-09T05:00,24.2,81,0,0.0,3.9
2025-04-09T06:00,25.3,79,0,5.0,6.2
2025-04-09T07:00,26.9,71,0,126.0,5.4
2025-04-09T08:00,29.0,61,0,351.0,8.5
2025-04-09T09:00,31.1,52,28,579.0,9.2
2025-04-09T10:00,33.2,44,28,770.0,7.1
2025-04-09T11:00,35.1,37,8,903.0,4.8
2025-04-09T12:00,36.5,31,3,947.0,4.4
2025-04-09T13:00,37.6,28,23,934.0,6.8
2025-04-09T14:00,38.0,26,18,754.0,8.9
2025-04-09T15:00,38.0,24,19,624.0,11.4
2025-04-09T16:00,37.4,24,15,454.0,12.1
2025-04-09T17:00,36.6,25,7,242.0,9.6
2025-04-09T18:00,33.9,32,10,56.0,1.7
2025-04-09T19:00,32.4,36,10,0.0,1.7
2025-04-09T20:00,30.9,38,1,0.0,5.6
2025-04-09T21:00,30.4,38,5,0.0,7.7
2025-04-09T22:00,29.5,47,11,0.0,14.2
2025-04-09T23:00,28.2,54,2,0.0,11.2
2025-04-10T00:00,27.3,60,2,0.0,9.2
2025-04-10T01:00,26.8,64,0,0.0,10.1
2025-04-10T02:00,26.2,68,0,0.0,8.8
2025-04-10T03:00,25.6,72,1,0.0,8.4
2025-04-10T04:00,25.3,73,2,0.0,7.2
2025-04-10T05:00,25.0,72,65,0.0,6.0
2025-04-10T06:00,26.3,71,100,5.0,6.6
2025-04-10T07:00,27.9,62,38,116.0,4.4
2025-04-10T08:00,30.7,44,32,348.0,4.0
2025-04-10T09:00,33.3,36,24,580.0,7.7
2025-04-10T10:00,35.4,33,3,774.0,11.5
2025-04-10T11:00,37.0,28,63,902.0,10.7
2025-04-10T12:00,38.3,26,13,953.0,11.3
2025-04-10T13:00,38.7,26,82,905.0,13.0
2025-04-10T14:00,38.9,25,100,809.0,10.1
2025-04-10T15:00,38.8,23,80,349.0,10.6
2025-04-10T16:00,31.4,44,86,386.0,16.4
2025-04-10T17:00,32.2,41,19,98.0,3.1
2025-04-10T18:00,32.7,41,16,49.0,12.0
2025-04-10T19:00,31.3,45,26,0.0,1.8
2025-04-10T20:00,30.3,47,39,0.0,3.1
2025-04-10T21:00,30.1,44,73,0.0,14.3
2025-04-10T22:00,29.5,45,49,0.0,21.9
2025-04-10T23:00,28.1,51,9,0.0,13.2
2025-04-11T00:00,27.0,56,24,0.0,11.1
2025-04-11T01:00,26.4,59,5,0.0,11.6
2025-04-11T02:00,26.3,60,25,0.0,13.3
2025-04-11T03:00,26.2,63,0,0.0,12.6
2025-04-11T04:00,26.2,64,0,0.0,11.8
2025-04-11T05:00,26.2,69,0,0.0,11.7
2025-04-11T06:00,26.9,68,17,5.0,14.0
2025-04-11T07:00,27.9,67,13,123.0,15.9
2025-04-11T08:00,29.7,60,59,342.0,15.7
2025-04-11T09:00,32.0,49,0,535.0,13.6
2025-04-11T10:00,34.5,39,0,771.0,13.3
2025-04-11T11:00,36.5,32,6,904.0,12.9
2025-04-11T12:00,37.8,28,9,943.0,12.0
2025-04-11T13:00,38.9,24,11,928.0,12.0
2025-04-11T14:00,39.3,23,13,833.0,11.7
2025-04-11T15:00,39.4,22,44,659.0,9.5
2025-04-11T16:00,38.3,23,58,410.0,11.6
2025-04-11T17:00,37.4,23,57,185.0,13.6
2025-04-11T18:00,34.5,27,7,57.0,7.1
2025-04-11T19:00,33.3,29,5,0.0,8.7
2025-04-11T20:00,32.1,32,11,0.0,8.5
2025-04-11T21:00,30.9,35,18,0.0,4.1
2025-04-11T22:00,30.4,36,54,0.0,1.7
2025-04-11T23:00,29.6,39,4,0.0,2.2
2025-04-12T00:00,28.8,41,22,0.0,6.0
2025-04-12T01:00,28.4,42,5,0.0,9.0
2025-04-12T02:00,27.7,45,8,0.0,8.8
2025-04-12T03:00,27.2,49,5,0.0,9.4
2025-04-12T04:00,26.9,55,3,0.0,10.1
2025-04-12T05:00,26.6,61,0,0.0,11.5
2025-04-12T06:00,28.6,55,85,2.0,11.8
2025-04-12T07:00,29.4,54,94,109.0,13.9
2025-04-12T08:00,30.0,53,91,168.0,14.2
2025-04-12T09:00,31.6,48,33,355.0,13.7
2025-04-12T10:00,35.0,36,1,745.0,13.4
2025-04-12T11:00,37.0,29,8,913.0,14.3
2025-04-12T12:00,38.4,24,13,931.0,12.5
2025-04-12T13:00,39.3,22,15,919.0,12.8
2025-04-12T14:00,37.3,22,53,829.0,12.2
2025-04-12T15:00,37.0,25,86,471.0,16.9
2025-04-12T16:00,34.8,28,93,300.0,10.4
2025-04-12T17:00,34.8,29,86,242.0,12.5
2025-04-12T18:00,32.4,33,97,52.0,4.1
2025-04-12T19:00,31.5,34,94,0.0,4.9
2025-04-12T20:00,31.4,34,75,0.0,4.0
2025-04-12T21:00,31.4,33,67,0.0,4.5
2025-04-12T22:00,31.0,34,52,0.0,7.2
2025-04-12T23:00,29.4,40,70,0.0,6.8
2025-04-13T00:00,28.6,43,46,0.0,8.7
2025-04-13T01:00,28.9,41,24,0.0,14.6
2025-04-13T02:00,28.1,43,24,0.0,10.6
2025-04-13T03:00,27.5,47,25,0.0,14.6
2025-04-13T04:00,26.8,57,26,0.0,14.5
2025-04-13T05:00,26.4,62,0,0.0,13.9
2025-04-13T06:00,26.9,64,2,7.0,12.8
2025-04-13T07:00,28.4,61,8,130.0,11.7
2025-04-13T08:00,30.8,53,16,351.0,10.1
2025-04-13T09:00,33.2,44,43,567.0,10.0
2025-04-13T10:00,35.4,35,7,772.0,11.3
2025-04-13T11:00,36.9,29,13,904.0,10.4
2025-04-13T12:00,37.7,26,18,917.0,11.0
2025-04-13T13:00,38.4,23,20,919.0,12.2
2025-04-13T14:00,38.7,20,11,847.0,11.5
2025-04-13T15:00,38.6,19,4,684.0,10.9
2025-04-13T16:00,38.6,20,20,486.0,10.2
2025-04-13T17:00,36.1,24,45,256.0,18.7
2025-04-13T18:00,33.5,32,3,60.0,14.3
2025-04-13T19:00,32.0,34,3,0.0,8.2
2025-04-13T20:00,30.9,37,1,0.0,11.9
2025-04-13T21:00,30.4,39,0,0.0,10.2
2025-04-13T22:00,29.5,40,0,0.0,7.7
2025-04-13T23:00,28.7,42,1,0.0,7.1
2025-04-14T00:00,28.4,43,0,0.0,8.0
2025-04-14T01:00,28.0,45,0,0.0,9.2
2025-04-14T02:00,27.4,49,79,0.0,9.7
2025-04-14T03:00,26.5,54,36,0.0,6.4
2025-04-14T04:00,25.8,57,58,0.0,4.9
2025-04-14T05:00,25.5,58,0,0.0,4.4
2025-04-14T06:00,26.9,59,0,7.0,7.3
2025-04-14T07:00,28.6,56,0,136.0,3.9
2025-04-14T08:00,31.0,48,0,362.0,4.4
2025-04-14T09:00,33.4,39,0,590.0,6.3
2025-04-14T10:00,35.5,32,0,782.0,5.7
2025-04-14T11:00,37.1,27,10,915.0,3.2
2025-04-14T12:00,38.0,24,15,924.0,5.2
2025-04-14T13:00,39.0,22,10,913.0,7.3
2025-04-14T14:00,39.6,21,34,850.0,8.7
2025-04-14T15:00,39.3,20,20,585.0,10.5
2025-04-14T16:00,38.9,19,25,449.0,12.8
2025-04-14T17:00,38.0,19,34,238.0,16.7
2025-04-14T18:00,35.1,25,31,59.0,15.2
2025-04-14T19:00,31.7,41,49,0.0,10.5
2025-04-14T20:00,31.2,45,26,0.0,11.0
2025-04-14T21:00,30.5,48,3,0.0,12.6
2025-04-14T22:00,30.0,51,3,0.0,11.8
2025-04-14T23:00,29.6,53,1,0.0,12.9
2025-04-15T00:00,29.0,58,0,0.0,11.9
2025-04-15T01:00,28.3,65,0,0.0,11.0
2025-04-15T02:00,27.6,70,0,0.0,9.7
2025-04-15T03:00,27.1,74,0,0.0,7.7
2025-04-15T04:00,26.7,76,0,0.0,6.0
2025-04-15T05:00,26.8,68,0,0.0,7.6
2025-04-15T06:00,27.7,55,0,8.0,6.7
2025-04-15T07:00,30.0,44,0,137.0,8.0
2025-04-15T08:00,32.0,38,0,364.0,10.5
2025-04-15T09:00,34.1,33,0,592.0,11.4
2025-04-15T10:00,36.0,29,0,783.0,9.0
2025-04-15T11:00,37.5,25,9,915.0,4.5
2025-04-15T12:00,38.6,22,37,936.0,2.6
2025-04-15T13:00,38.9,20,17,756.0,7.1
2025-04-15T14:00,39.6,19,16,797.0,8.2
2025-04-15T15:00,39.5,18,26,639.0,8.0
2025-04-15T16:00,39.0,19,12,439.0,8.4
2025-04-15T17:00,38.3,19,6,247.0,10.8
2025-04-15T18:00,35.5,23,4,60.0,9.5
2025-04-15T19:00,33.6,27,7,0.0,9.7
2025-04-15T20:00,32.4,29,6,0.0,10.5
2025-04-15T21:00,31.3,39,1,0.0,14.5
2025-04-15T22:00,30.0,59,0,0.0,18.5
2025-04-15T23:00,28.9,71,0,0.0,18.2
2025-04-16T00:00,27.9,80,0,0.0,15.7
2025-04-16T01:00,27.4,83,0,0.0,17.7
2025-04-16T02:00,27.0,84,0,0.0,17.9
2025-04-16T03:00,26.7,85,0,0.0,13.7
2025-04-16T04:00,26.4,86,6,0.0,6.9
2025-04-16T05:00,26.3,87,1,0.0,9.1
2025-04-16T06:00,27.0,82,29,8.0,4.7
2025-04-16T07:00,28.5,75,92,123.0,8.7
2025-04-16T08:00,30.1,66,3,274.0,10.2
2025-04-16T09:00,32.1,57,17,560.0,6.6
2025-04-16T10:00,33.9,47,19,708.0,7.0
2025-04-16T11:00,35.7,38,30,850.0,6.9
2025-04-16T12:00,37.2,31,19,913.0,5.9
2025-04-16T13:00,38.3,27,14,909.0,4.2
2025-04-16T14:00,38.9,24,13,833.0,1.5
2025-04-16T15:00,39.2,22,12,658.0,1.0
2025-04-16T16:00,38.9,21,12,467.0,5.3
2025-04-16T17:00,38.5,22,8,246.0,8.2
2025-04-16T18:00,36.1,26,7,59.0,9.2
2025-04-16T19:00,34.5,30,19,0.0,15.6
2025-04-16T20:00,31.0,49,11,0.0,18.2
2025-04-16T21:00,30.4,51,5,0.0,16.8
2025-04-16T22:00,29.8,54,3,0.0,14.7
2025-04-16T23:00,29.5,57,1,0.0,13.0
2025-04-17T00:00,29.1,59,0,0.0,8.1
2025-04-17T01:00,28.5,62,0,0.0,8.1
2025-04-17T02:00,28.0,63,1,0.0,10.3
2025-04-17T03:00,27.6,62,0,0.0,6.6
2025-04-17T04:00,27.0,61,0,0.0,4.7
2025-04-17T05:00,26.7,61,0,0.0,4.3
2025-04-17T06:00,27.6,57,0,8.0,6.6
2025-04-17T07:00,29.8,50,0,139.0,6.6
2025-04-17T08:00,31.7,47,0,363.0,7.7
2025-04-17T09:00,33.8,39,0,588.0,6.9
2025-04-17T10:00,35.9,33,0,775.0,5.8
2025-04-17T11:00,37.6,28,5,903.0,4.4
2025-04-17T12:00,38.7,25,32,935.0,2.3
2025-04-17T13:00,39.0,24,17,777.0,4.1
2025-04-17T14:00,39.5,23,11,767.0,4.6
2025-04-17T15:00,39.4,22,21,654.0,5.0
2025-04-17T16:00,39.2,23,17,454.0,4.0
2025-04-17T17:00,38.5,24,15,240.0,5.2
2025-04-17T18:00,35.8,28,14,56.0,5.0
2025-04-17T19:00,33.8,32,11,0.0,4.0
2025-04-17T20:00,32.8,34,4,0.0,4.9
2025-04-17T21:00,32.5,37,1,0.0,12.8
2025-04-17T22:00,31.1,50,0,0.0,14.2
2025-04-17T23:00,30.3,56,0,0.0,11.9
2025-04-18T00:00,29.6,63,0,0.0,13.4
2025-04-18T01:00,28.9,70,0,0.0,14.0
2025-04-18T02:00,28.3,74,1,0.0,12.8
2025-04-18T03:00,28.0,75,1,0.0,9.1
2025-04-18T04:00,27.7,74,3,0.0,9.4
2025-04-18T05:00,27.5,75,0,0.0,8.1
2025-04-18T06:00,28.7,72,0,9.0,8.2
2025-04-18T07:00,30.3,58,0,139.0,9.0
2025-04-18T08:00,32.2,49,0,362.0,8.4
2025-04-18T09:00,34.3,42,0,586.0,8.7
2025-04-18T10:00,36.1,38,2,773.0,8.7
2025-04-18T11:00,37.6,34,10,880.0,6.6
2025-04-18T12:00,38.5,31,35,915.0,3.2
2025-04-18T13:00,38.7,30,26,757.0,2.4
2025-04-18T14:00,39.3,28,30,762.0,5.6
2025-04-18T15:00,39.4,25,21,630.0,10.0
2025-04-18T16:00,38.8,23,10,436.0,11.6
2025-04-18T17:00,38.1,23,8,249.0,11.8
2025-04-18T18:00,35.4,29,23,57.0,5.0
2025-04-18T19:00,34.3,33,19,0.0,6.2
2025-04-18T20:00,32.7,39,22,0.0,5.0
2025-04-18T21:00,31.9,42,7,0.0,2.1
2025-04-18T22:00,31.1,45,4,0.0,1.5
2025-04-18T23:00,30.4,48,21,0.0,11.6
2025-04-19T00:00,28.9,53,1,0.0,11.3
2025-04-19T01:00,28.1,55,2,0.0,8.9
2025-04-19T02:00,27.7,57,3,0.0,8.1
2025-04-19T03:00,27.3,60,15,0.0,6.8
2025-04-19T04:00,27.1,61,12,0.0,6.3
2025-04-19T05:00,26.8,64,0,0.0,6.8
2025-04-19T06:00,27.8,63,23,9.0,5.4
2025-04-19T07:00,29.6,61,22,141.0,8.8
2025-04-19T08:00,31.2,58,4,341.0,10.4
2025-04-19T09:00,33.2,51,6,549.0,10.2
2025-04-19T10:00,35.2,42,14,763.0,10.0
2025-04-19T11:00,36.6,36,34,842.0,8.9
2025-04-19T12:00,38.2,30,10,939.0,7.1
2025-04-19T13:00,39.3,25,26,890.0,6.4
2025-04-19T14:00,39.8,23,25,776.0,6.7
2025-04-19T15:00,39.9,22,11,610.0,9.3
2025-04-19T16:00,39.5,22,16,453.0,12.3
2025-04-19T17:00,38.4,24,14,230.0,14.2
2025-04-19T18:00,36.3,27,17,55.0,10.9
2025-04-19T19:00,34.8,32,9,0.0,11.4
2025-04-19T20:00,33.7,34,14,0.0,9.4
2025-04-19T21:00,33.0,35,9,0.0,7.8
2025-04-19T22:00,32.3,38,24,0.0,6.3
2025-04-19T23:00,32.0,40,5,0.0,13.5
2025-04-20T00:00,30.4,56,8,0.0,15.1
2025-04-20T01:00,29.8,60,14,0.0,13.0
2025-04-20T02:00,29.4,63,3,0.0,12.7
2025-04-20T03:00,29.2,61,6,0.0,12.5
2025-04-20T04:00,29.2,53,7,0.0,12.1
2025-04-20T05:00,28.4,52,25,0.0,5.6
2025-04-20T06:00,29.8,53,2,9.0,9.7
2025-04-20T07:00,31.1,50,8,141.0,10.1
2025-04-20T08:00,33.2,45,9,358.0,9.9
2025-04-20T09:00,34.9,43,13,565.0,11.4
2025-04-20T10:00,35.9,41,22,761.0,10.9
2025-04-20T11:00,37.1,38,41,781.0,6.5
2025-04-20T12:00,38.3,34,43,865.0,8.3
2025-04-20T13:00,39.2,31,19,874.0,9.4
2025-04-20T14:00,39.4,28,37,787.0,9.0
2025-04-20T15:00,38.6,27,35,579.0,5.1
2025-04-20T16:00,38.5,28,28,404.0,4.7
2025-04-20T17:00,38.2,28,52,233.0,8.5
2025-04-20T18:00,35.6,36,92,55.0,6.9
2025-04-20T19:00,33.5,43,92,0.0,8.4
2025-04-20T20:00,31.1,50,99,0.0,16.7
2025-04-20T21:00,29.7,56,91,0.0,11.9
2025-04-20T22:00,27.3,71,100,0.0,11.0
2025-04-20T23:00,28.7,64,41,0.0,12.5
2025-04-21T00:00,28.3,64,4,0.0,9.7
2025-04-21T01:00,27.6,68,1,0.0,3.9
2025-04-21T02:00,27.1,71,32,0.0,3.8
2025-04-21T03:00,26.9,72,9,0.0,5.8
2025-04-21T04:00,26.6,72,0,0.0,4.5
2025-04-21T05:00,26.3,72,0,0.0,2.0
2025-04-21T06:00,27.6,66,99,9.0,5.5
2025-04-21T07:00,29.3,60,96,134.0,6.7
2025-04-21T08:00,31.5,52,83,363.0,5.9
2025-04-21T09:00,33.5,45,12,591.0,4.7
2025-04-21T10:00,35.3,39,20,781.0,3.6
2025-04-21T11:00,36.8,35,4,910.0,2.4
2025-04-21T12:00,38.2,28,26,931.0,1.6
2025-04-21T13:00,38.9,25,9,791.0,3.6
2025-04-21T14:00,40.2,22,6,817.0,5.9
2025-04-21T15:00,40.4,21,16,685.0,11.9
2025-04-21T16:00,39.3,22,22,445.0,16.4
2025-04-21T17:00,38.2,24,52,246.0,15.2
2025-04-21T18:00,35.9,28,13,59.0,12.4
2025-04-21T19:00,34.7,31,5,0.0,9.6
2025-04-21T20:00,33.3,35,2,0.0,4.6
2025-04-21T21:00,32.7,36,2,0.0,4.5
2025-04-21T22:00,32.3,39,0,0.0,14.5
2025-04-21T23:00,30.9,49,0,0.0,14.8
2025-04-22T00:00,29.9,56,0,0.0,13.4
2025-04-22T01:00,29.1,62,0,0.0,13.0
2025-04-22T02:00,28.4,67,0,0.0,11.5
2025-04-22T03:00,27.7,71,0,0.0,8.8
2025-04-22T04:00,27.1,74,0,0.0,4.4
2025-04-22T05:00,26.7,74,0,0.0,2.5
2025-04-22T06:00,27.5,76,32,11.0,4.2
2025-04-22T07:00,29.2,67,33,151.0,5.5
2025-04-22T08:00,31.7,55,27,380.0,7.8
2025-04-22T09:00,34.3,44,27,606.0,8.1
2025-04-22T10:00,36.8,32,39,793.0,7.6
2025-04-22T11:00,38.7,25,34,921.0,5.2
2025-04-22T12:00,39.9,19,27,887.0,4.9
2025-04-22T13:00,40.6,16,39,784.0,9.2
2025-04-22T14:00,40.8,16,57,837.0,16.0
2025-04-22T15:00,40.2,18,12,699.0,13.2
2025-04-22T16:00,40.3,17,27,486.0,6.2
2025-04-22T17:00,40.1,17,8,250.0,8.7
2025-04-22T18:00,36.5,21,85,63.0,4.1
2025-04-22T19:00,34.7,24,87,0.0,4.4
2025-04-22T20:00,33.5,27,76,0.0,7.1
2025-04-22T21:00,32.8,28,56,0.0,8.5
2025-04-22T22:00,31.7,34,82,0.0,10.6
2025-04-22T23:00,30.4,48,9,0.0,11.7
2025-04-23T00:00,29.3,58,0,0.0,10.5
2025-04-23T01:00,28.7,61,20,0.0,10.5
2025-04-23T02:00,28.1,64,5,0.0,8.1
2025-04-23T03:00,27.4,66,96,0.0,5.9
2025-04-23T04:00,28.1,63,58,0.0,4.7
2025-04-23T05:00,27.3,61,8,0.0,4.7
2025-04-23T06:00,29.2,56,9,11.0,5.2
2025-04-23T07:00,31.5,43,2,149.0,6.5
2025-04-23T08:00,33.6,37,0,375.0,8.6
2025-04-23T09:00,35.6,32,0,601.0,9.4
2025-04-23T10:00,37.3,27,0,789.0,6.8
2025-04-23T11:00,38.7,24,15,917.0,4.6
2025-04-23T12:00,39.8,21,16,905.0,5.3
2025-04-23T13:00,40.8,18,3,868.0,7.8
2025-04-23T14:00,41.5,16,2,852.0,11.9
2025-04-23T15:00,41.1,16,1,700.0,16.7
2025-04-23T16:00,40.5,16,0,499.0,14.0
2025-04-23T17:00,40.0,16,0,267.0,13.3
2025-04-23T18:00,37.7,18,0,63.0,8.6
2025-04-23T19:00,35.4,21,0,0.0,6.5
2025-04-23T20:00,34.9,22,0,0.0,9.2
2025-04-23T21:00,33.9,23,0,0.0,9.6
2025-04-23T22:00,32.1,25,0,0.0,8.3
2025-04-23T23:00,30.6,33,88,0.0,7.4
2025-04-24T00:00,29.7,35,65,0.0,6.2
2025-04-24T01:00,29.1,39,93,0.0,7.8
2025-04-24T02:00,28.2,45,90,0.0,6.1
2025-04-24T03:00,27.6,39,86,0.0,6.0
2025-04-24T04:00,27.0,39,82,0.0,5.8
2025-04-24T05:00,26.6,42,99,0.0,6.7
2025-04-24T06:00,28.8,43,96,12.0,7.7
2025-04-24T07:00,30.6,48,94,153.0,10.2
2025-04-24T08:00,32.4,52,96,376.0,12.0
2025-04-24T09:00,35.0,41,97,599.0,10.5
2025-04-24T10:00,37.1,32,96,784.0,8.2
2025-04-24T11:00,38.9,25,42,912.0,2.3
2025-04-24T12:00,40.1,21,24,917.0,3.4
2025-04-24T13:00,41.0,18,25,875.0,5.8
2025-04-24T14:00,42.3,16,58,851.0,9.0
2025-04-24T15:00,41.9,16,75,692.0,15.7
2025-04-24T16:00,40.6,17,43,435.0,18.6
2025-04-24T17:00,39.8,18,24,227.0,16.5
2025-04-24T18:00,37.9,20,9,60.0,14.0
2025-04-24T19:00,36.4,22,9,0.0,9.2
2025-04-24T20:00,36.0,23,5,0.0,15.4
2025-04-24T21:00,34.3,27,3,0.0,12.9
2025-04-24T22:00,32.8,38,2,0.0,14.2
2025-04-24T23:00,31.2,56,1,0.0,14.8
2025-04-25T00:00,30.0,66,0,0.0,14.4
2025-04-25T01:00,29.2,69,0,0.0,12.0
2025-04-25T02:00,28.5,71,1,0.0,11.2
2025-04-25T03:00,27.8,74,0,0.0,9.3
2025-04-25T04:00,27.2,77,0,0.0,6.5
2025-04-25T05:00,26.8,79,0,0.0,5.9
2025-04-25T06:00,28.0,76,0,12.0,8.3
2025-04-25T07:00,29.8,65,0,154.0,11.0
2025-04-25T08:00,32.0,56,0,379.0,11.1
2025-04-25T09:00,34.7,44,0,602.0,10.2
2025-04-25T10:00,37.0,33,0,788.0,7.6
2025-04-25T11:00,38.9,26,9,916.0,5.9
2025-04-25T12:00,40.2,20,26,919.0,8.0
2025-04-25T13:00,40.9,18,20,824.0,11.2
2025-04-25T14:00,41.3,16,14,809.0,15.3
2025-04-25T15:00,40.8,17,10,673.0,13.7
2025-04-25T16:00,40.4,17,7,474.0,10.8
2025-04-25T17:00,39.9,17,5,262.0,14.7
2025-04-25T18:00,37.7,20,15,63.0,10.5
2025-04-25T19:00,36.2,23,95,0.0,11.1
2025-04-25T20:00,35.8,24,21,0.0,13.9
2025-04-25T21:00,34.6,29,6,0.0,16.9
2025-04-25T22:00,32.3,52,3,0.0,18.3
2025-04-25T23:00,30.7,66,0,0.0,18.8
2025-04-26T00:00,30.0,67,0,0.0,13.4
2025-04-26T01:00,29.3,69,0,0.0,13.2
2025-04-26T02:00,28.7,70,0,0.0,12.0
2025-04-26T03:00,28.2,73,0,0.0,6.5
2025-04-26T04:00,27.8,75,0,0.0,0.4
2025-04-26T05:00,27.5,77,47,0.0,7.6
2025-04-26T06:00,28.1,77,0,13.0,8.3
2025-04-26T07:00,29.6,69,6,154.0,8.8
2025-04-26T08:00,31.6,61,2,377.0,9.5
2025-04-26T09:00,34.2,49,27,599.0,11.2
2025-04-26T10:00,36.6,38,9,783.0,10.9
2025-04-26T11:00,38.6,28,27,910.0,10.6
2025-04-26T12:00,39.9,21,63,873.0,12.8
2025-04-26T13:00,40.2,19,100,830.0,15.2
2025-04-26T14:00,40.5,19,78,833.0,14.2
2025-04-26T15:00,40.6,18,87,641.0,10.5
2025-04-26T16:00,40.7,16,95,469.0,12.2
2025-04-26T17:00,39.8,17,97,237.0,17.7
2025-04-26T18:00,37.8,19,54,60.0,8.1
2025-04-26T19:00,36.3,21,70,0.0,10.6
2025-04-26T20:00,35.6,23,49,0.0,17.2
2025-04-26T21:00,33.5,38,39,0.0,19.1
2025-04-26T22:00,31.4,59,11,0.0,18.9
2025-04-26T23:00,30.5,63,2,0.0,14.6
2025-04-27T00:00,29.8,65,2,0.0,12.5
2025-04-27T01:00,29.2,67,1,0.0,12.2
2025-04-27T02:00,28.7,69,1,0.0,11.9
2025-04-27T03:00,28.2,71,2,0.0,10.5
2025-04-27T04:00,27.9,72,22,0.0,10.2
2025-04-27T05:00,27.6,73,30,0.0,11.6
2025-04-27T06:00,28.7,69,100,13.0,14.1
2025-04-27T07:00,30.0,63,1,148.0,13.8
2025-04-27T08:00,32.0,55,80,379.0,12.5
2025-04-27T09:00,34.3,45,83,599.0,11.7
2025-04-27T10:00,36.2,36,48,760.0,10.0
2025-04-27T11:00,37.8,29,5,861.0,9.7
2025-04-27T12:00,38.9,24,16,916.0,10.8
2025-04-27T13:00,39.7,22,11,919.0,11.4
2025-04-27T14:00,40.3,20,35,805.0,11.0
2025-04-27T15:00,39.8,20,48,548.0,13.2
2025-04-27T16:00,39.1,21,57,380.0,13.4
2025-04-27T17:00,38.5,21,31,212.0,13.9
2025-04-27T18:00,37.0,23,99,50.0,13.4
2025-04-27T19:00,36.3,23,90,0.0,18.2
2025-04-27T20:00,33.7,38,95,0.0,22.4
2025-04-27T21:00,31.9,50,100,0.0,21.8
2025-04-27T22:00,30.9,58,94,0.0,20.5
2025-04-27T23:00,30.3,61,21,0.0,17.4
2025-04-28T00:00,29.4,66,8,0.0,13.7
2025-04-28T01:00,28.8,69,1,0.0,12.3
2025-04-28T02:00,28.3,72,6,0.0,9.5
2025-04-28T03:00,27.9,75,6,0.0,9.0
2025-04-28T04:00,27.5,77,3,0.0,8.6
2025-04-28T05:00,27.3,78,0,0.0,9.3
2025-04-28T06:00,28.4,70,96,13.0,8.2
2025-04-28T07:00,29.5,65,95,150.0,6.3
2025-04-28T08:00,31.1,58,100,368.0,6.8
2025-04-28T09:00,32.9,50,100,562.0,7.7
2025-04-28T10:00,34.8,41,100,752.0,8.5
2025-04-28T11:00,36.2,35,99,815.0,7.3
2025-04-28T12:00,37.7,31,69,896.0,8.3
2025-04-28T13:00,38.7,28,12,924.0,10.0
2025-04-28T14:00,39.1,26,50,789.0,10.3
2025-04-28T15:00,39.2,25,82,656.0,10.3
2025-04-28T16:00,38.9,23,32,431.0,12.1
2025-04-28T17:00,38.1,22,16,229.0,14.1
2025-04-28T18:00,36.0,25,11,60.0,11.2
2025-04-28T19:00,34.7,28,26,0.0,6.1
2025-04-28T20:00,33.7,29,62,0.0,5.1
2025-04-28T21:00,33.2,30,22,0.0,12.5
2025-04-28T22:00,32.0,40,4,0.0,16.0
2025-04-28T23:00,30.3,57,1,0.0,17.0
2025-04-29T00:00,29.4,64,0,0.0,15.1
2025-04-29T01:00,28.8,66,0,0.0,14.3
2025-04-29T02:00,28.3,68,0,0.0,13.7
2025-04-29T03:00,28.0,68,0,0.0,12.7
2025-04-29T04:00,27.6,69,0,0.0,10.2
2025-04-29T05:00,27.1,71,0,0.0,7.9
2025-04-29T06:00,28.1,69,0,14.0,7.4
2025-04-29T07:00,29.7,62,0,157.0,9.0
2025-04-29T08:00,31.9,51,0,380.0,6.6
2025-04-29T09:00,34.2,40,3,602.0,5.5
2025-04-29T10:00,36.0,34,1,785.0,3.1
2025-04-29T11:00,37.6,29,13,905.0,5.0
2025-04-29T12:00,38.7,25,31,899.0,8.1
2025-04-29T13:00,39.3,23,16,826.0,8.5
2025-04-29T14:00,39.9,21,12,772.0,10.7
2025-04-29T15:00,39.7,21,33,654.0,11.3
2025-04-29T16:00,39.4,20,8,405.0,9.1
2025-04-29T17:00,39.1,19,11,250.0,11.7
2025-04-29T18:00,37.0,22,11,63.0,6.4
2025-04-29T19:00,35.2,24,23,0.0,6.9
2025-04-29T20:00,34.4,25,32,0.0,9.6
2025-04-29T21:00,33.7,26,61,0.0,7.3
2025-04-29T22:00,32.5,39,13,0.0,22.0
2025-04-29T23:00,30.3,61,1,0.0,19.1
2025-04-30T00:00,29.5,66,4,0.0,18.0
2025-04-30T01:00,28.8,68,0,0.0,19.3
2025-04-30T02:00,28.2,71,0,0.0,18.0
2025-04-30T03:00,27.8,74,0,0.0,14.8
2025-04-30T04:00,27.3,77,1,0.0,8.7
2025-04-30T05:00,27.1,78,15,0.0,8.3
2025-04-30T06:00,28.6,67,3,14.0,1.6
2025-04-30T07:00,30.2,58,9,156.0,1.9
2025-04-30T08:00,32.2,48,1,369.0,1.3
2025-04-30T09:00,34.3,42,2,596.0,3.6
2025-04-30T10:00,36.6,35,3,776.0,5.7
2025-04-30T11:00,38.4,29,20,891.0,4.0
2025-04-30T12:00,39.5,26,21,867.0,2.0
2025-04-30T13:00,40.4,23,29,841.0,5.5
2025-04-30T14:00,40.4,18,25,740.0,9.9
2025-04-30T15:00,40.1,17,18,592.0,11.8
2025-04-30T16:00,40.0,18,8,441.0,9.6
2025-04-30T17:00,39.6,19,9,251.0,6.4
2025-04-30T18:00,37.8,22,27,62.0,7.6
2025-04-30T19:00,36.3,25,42,0.0,15.3
2025-04-30T20:00,35.6,28,50,0.0,9.4
2025-04-30T21:00,34.9,29,65,0.0,7.6
2025-04-30T22:00,33.0,46,47,0.0,22.4
2025-04-30T23:00,31.8,55,6,0.0,23.0
2025-05-01T00:00,30.1,65,23,0.0,25.8
2025-05-01T01:00,28.7,73,6,0.0,19.0
2025-05-01T02:00,28.7,73,0,0.0,15.1
2025-05-01T03:00,28.6,71,16,0.0,10.8
2025-05-01T04:00,28.6,69,89,0.0,6.7
2025-05-01T05:00,28.5,67,94,0.0,4.7
2025-05-01T06:00,28.9,71,99,15.0,2.3
2025-05-01T07:00,30.3,63,56,156.0,0.9
2025-05-01T08:00,32.5,48,4,378.0,4.8
2025-05-01T09:00,34.6,39,0,599.0,5.7
2025-05-01T10:00,36.4,34,1,781.0,4.2
2025-05-01T11:00,38.0,29,6,898.0,3.1
2025-05-01T12:00,39.3,26,21,939.0,0.6
2025-05-01T13:00,39.8,24,19,826.0,2.4
2025-05-01T14:00,40.5,23,23,773.0,4.0
2025-05-01T15:00,40.4,22,30,609.0,6.7
2025-05-01T16:00,39.8,23,100,422.0,9.6
2025-05-01T17:00,39.3,24,99,250.0,10.0
2025-05-01T18:00,37.2,27,95,60.0,11.8
2025-05-01T19:00,36.2,29,99,0.0,8.1
2025-05-01T20:00,35.5,31,85,0.0,8.2
2025-05-01T21:00,34.6,33,55,0.0,9.0
2025-05-01T22:00,33.4,40,23,0.0,15.9
2025-05-01T23:00,32.0,54,52,0.0,17.8
2025-05-02T00:00,31.3,58,27,0.0,17.8
2025-05-02T01:00,30.6,60,45,0.0,14.0
2025-05-02T02:00,30.1,60,5,0.0,10.9
2025-05-02T03:00,29.6,61,0,0.0,4.4
2025-05-02T04:00,29.2,62,1,0.0,1.8
2025-05-02T05:00,28.8,64,0,0.0,0.6
2025-05-02T06:00,29.3,63,0,15.0,4.0
2025-05-02T07:00,30.9,55,0,159.0,2.0
2025-05-02T08:00,32.6,50,0,378.0,3.5
2025-05-02T09:00,34.4,45,4,595.0,4.6
2025-05-02T10:00,36.4,38,9,764.0,5.8
2025-05-02T11:00,38.2,33,12,861.0,5.6
2025-05-02T12:00,39.2,30,16,883.0,5.6
2025-05-02T13:00,39.9,26,22,880.0,4.4
2025-05-02T14:00,40.4,25,29,785.0,6.5
2025-05-02T15:00,40.1,24,27,588.0,11.5
2025-05-02T16:00,39.7,23,34,433.0,13.4
2025-05-02T17:00,38.3,25,41,215.0,14.5
2025-05-02T18:00,35.0,34,51,53.0,14.8
2025-05-02T19:00,35.2,35,43,0.0,9.5
2025-05-02T20:00,34.1,38,37,0.0,14.8
2025-05-02T21:00,33.6,40,21,0.0,8.9
2025-05-02T22:00,32.9,43,15,0.0,8.2
2025-05-02T23:00,32.1,48,7,0.0,9.8
2025-05-03T00:00,31.5,50,9,0.0,11.6
2025-05-03T01:00,30.9,51,1,0.0,11.4
2025-05-03T02:00,30.4,52,0,0.0,11.3
2025-05-03T03:00,29.8,53,0,0.0,7.8
2025-05-03T04:00,29.3,54,24,0.0,10.4
2025-05-03T05:00,28.9,52,85,0.0,9.7
2025-05-03T06:00,28.8,57,68,15.0,11.3
2025-05-03T07:00,29.9,61,98,143.0,14.0
2025-05-03T08:00,31.9,54,36,326.0,13.5
2025-05-03T09:00,34.5,43,55,591.0,12.8
2025-05-03T10:00,36.5,35,10,780.0,11.5
2025-05-03T11:00,38.0,31,14,897.0,8.7
2025-05-03T12:00,39.1,27,10,914.0,7.2
2025-05-03T13:00,40.3,25,22,899.0,5.4
2025-05-03T14:00,40.6,23,26,755.0,4.5
2025-05-03T15:00,40.7,22,40,609.0,5.4
2025-05-03T16:00,38.1,28,56,387.0,16.7
2025-05-03T17:00,35.0,32,52,199.0,13.9
2025-05-03T18:00,36.2,25,7,63.0,3.6
2025-05-03T19:00,35.0,25,15,0.0,2.3
2025-05-03T20:00,33.8,29,17,0.0,4.3
2025-05-03T21:00,32.8,32,23,0.0,3.1
2025-05-03T22:00,32.0,34,24,0.0,4.5
2025-05-03T23:00,31.8,34,35,0.0,3.9
2025-05-04T00:00,31.4,35,55,0.0,0.5
2025-05-04T01:00,30.1,39,93,0.0,0.8
2025-05-04T02:00,30.1,41,100,0.0,8.8
2025-05-04T03:00,29.8,41,9,0.0,8.1
2025-05-04T04:00,28.7,45,99,0.0,6.3
2025-05-04T05:00,29.4,53,100,0.0,10.6
2025-05-04T06:00,29.6,65,4,10.0,15.9
2025-05-04T07:00,30.5,61,4,151.0,16.4
2025-05-04T08:00,32.0,55,1,363.0,16.2
2025-05-04T09:00,34.5,44,2,591.0,17.5
2025-05-04T10:00,36.8,33,53,770.0,15.5
2025-05-04T11:00,38.6,26,17,874.0,13.4
2025-05-04T12:00,39.9,22,10,926.0,13.0
2025-05-04T13:00,40.9,19,10,898.0,12.8
2025-05-04T14:00,41.3,18,37,801.0,11.9
2025-05-04T15:00,41.1,17,21,620.0,11.1
2025-05-04T16:00,40.8,17,37,455.0,13.8
2025-05-04T17:00,39.6,17,41,233.0,13.1
2025-05-04T18:00,36.3,18,60,65.0,5.5
2025-05-04T19:00,34.1,28,42,0.0,23.8
2025-05-04T20:00,31.1,47,68,0.0,19.9
2025-05-04T21:00,30.1,53,64,0.0,17.1
2025-05-04T22:00,29.3,63,75,0.0,14.3
2025-05-04T23:00,28.6,71,0,0.0,14.5
2025-05-05T00:00,27.9,75,0,0.0,14.2
2025-05-05T01:00,27.3,77,0,0.0,9.1
2025-05-05T02:00,27.0,78,48,0.0,6.9
2025-05-05T03:00,26.5,77,84,0.0,3.9
2025-05-05T04:00,26.2,77,69,0.0,1.1
2025-05-05T05:00,25.6,78,12,0.0,2.9
2025-05-05T06:00,27.6,61,50,17.0,7.2
2025-05-05T07:00,29.5,52,0,167.0,11.4
2025-05-05T08:00,32.0,42,0,392.0,13.8
2025-05-05T09:00,34.6,33,0,615.0,13.3
2025-05-05T10:00,37.0,27,0,799.0,10.7
2025-05-05T11:00,39.0,21,18,925.0,7.5
2025-05-05T12:00,40.3,16,33,893.0,7.0
2025-05-05T13:00,40.9,14,10,796.0,8.3
2025-05-05T14:00,41.4,13,24,830.0,9.6
2025-05-05T15:00,41.1,13,8,655.0,10.4
2025-05-05T16:00,40.6,12,23,491.0,10.4
2025-05-05T17:00,39.7,11,27,248.0,9.4
2025-05-05T18:00,37.0,11,39,54.0,2.7
2025-05-05T19:00,35.8,13,32,0.0,1.3
2025-05-05T20:00,34.2,15,12,0.0,9.5
2025-05-05T21:00,31.9,50,4,0.0,20.7
2025-05-05T22:00,31.1,56,1,0.0,16.4
2025-05-05T23:00,30.3,60,0,0.0,12.2
2025-05-06T00:00,29.7,61,0,0.0,9.3
2025-05-06T01:00,29.3,62,0,0.0,11.5
2025-05-06T02:00,28.8,63,0,0.0,9.5
2025-05-06T03:00,27.9,67,0,0.0,3.6
2025-05-06T04:00,27.5,69,0,0.0,1.5
2025-05-06T05:00,26.7,72,0,0.0,1.9
2025-05-06T06:00,28.6,66,0,17.0,6.6
2025-05-06T07:00,30.2,51,0,165.0,12.7
2025-05-06T08:00,31.7,48,0,387.0,15.3
2025-05-06T09:00,33.4,43,0,606.0,13.5
2025-05-06T10:00,35.3,38,0,786.0,10.8
2025-05-06T11:00,37.1,32,7,910.0,9.2
2025-05-06T12:00,38.8,26,13,937.0,7.8
2025-05-06T13:00,39.7,21,18,861.0,5.2
2025-05-06T14:00,40.3,19,30,747.0,5.9
2025-05-06T15:00,40.3,18,38,605.0,6.8
2025-05-06T16:00,39.9,18,40,417.0,8.6
2025-05-06T17:00,38.7,19,27,207.0,10.9
2025-05-06T18:00,36.7,17,6,64.0,14.7
2025-05-06T19:00,35.1,18,13,0.0,8.0
2025-05-06T20:00,34.0,20,3,0.0,6.6
2025-05-06T21:00,32.6,35,16,0.0,20.0
2025-05-06T22:00,31.6,44,5,0.0,13.6
2025-05-06T23:00,31.0,54,3,0.0,13.6
2025-05-07T00:00,30.4,60,38,0.0,13.9
2025-05-07T01:00,30.0,63,12,0.0,14.5
2025-05-07T02:00,29.6,64,25,0.0,11.7
2025-05-07T03:00,29.4,62,77,0.0,11.3
2025-05-07T04:00,27.2,65,96,0.0,12.2
2025-05-07T05:00,26.7,65,100,0.0,8.8
2025-05-07T06:00,26.2,82,98,14.0,6.0
2025-05-07T07:00,27.4,74,81,87.0,4.1
2025-05-07T08:00,29.7,62,41,271.0,8.1
2025-05-07T09:00,32.9,43,2,575.0,11.9
2025-05-07T10:00,35.3,35,5,777.0,12.9
2025-05-07T11:00,37.4,25,19,888.0,9.4
2025-05-07T12:00,38.5,21,9,896.0,5.9
2025-05-07T13:00,39.3,19,6,921.0,3.1
2025-05-07T14:00,40.2,18,26,832.0,1.8
2025-05-07T15:00,39.9,18,34,607.0,3.3
2025-05-07T16:00,39.4,18,27,437.0,5.6
2025-05-07T17:00,38.5,19,28,220.0,6.8
2025-05-07T18:00,36.2,22,41,60.0,3.1
2025-05-07T19:00,34.6,24,31,0.0,3.1
2025-05-07T20:00,33.5,27,53,0.0,1.0
2025-05-07T21:00,33.1,29,53,0.0,1.2
2025-05-07T22:00,32.4,31,60,0.0,11.3
2025-05-07T23:00,31.7,42,37,0.0,17.6
2025-05-08T00:00,30.6,51,41,0.0,17.7
2025-05-08T01:00,29.9,55,22,0.0,11.2
2025-05-08T02:00,28.8,59,71,0.0,7.8
2025-05-08T03:00,28.7,46,79,0.0,10.2
2025-05-08T04:00,27.8,48,43,0.0,9.5
2025-05-08T05:00,27.3,53,44,0.0,11.1
2025-05-08T06:00,28.2,55,11,15.0,12.7
2025-05-08T07:00,29.9,54,6,165.0,17.3
2025-05-08T08:00,32.1,43,19,378.0,18.9
2025-05-08T09:00,34.3,32,4,602.0,16.2
2025-05-08T10:00,36.2,26,3,784.0,14.7
2025-05-08T11:00,37.6,22,11,910.0,13.0
2025-05-08T12:00,38.5,20,12,900.0,12.4
2025-05-08T13:00,39.3,18,14,887.0,12.0
2025-05-08T14:00,39.8,17,15,810.0,11.6
2025-05-08T15:00,39.8,17,26,661.0,10.8
2025-05-08T16:00,39.5,16,31,457.0,12.5
2025-05-08T17:00,38.2,18,25,227.0,16.0
2025-05-08T18:00,35.3,20,16,61.0,7.3
2025-05-08T19:00,33.5,22,8,0.0,4.0
2025-05-08T20:00,32.5,24,7,0.0,4.6
2025-05-08T21:00,31.5,28,10,0.0,5.1
2025-05-08T22:00,30.7,45,1,0.0,18.8
2025-05-08T23:00,30.3,46,0,0.0,13.9
2025-05-09T00:00,29.3,52,1,0.0,11.2
2025-05-09T01:00,28.4,57,0,0.0,7.4
2025-05-09T02:00,27.8,60,11,0.0,4.9
2025-05-09T03:00,27.2,61,0,0.0,4.3
2025-05-09T04:00,26.8,62,0,0.0,2.3
2025-05-09T05:00,26.4,62,0,0.0,2.9
2025-05-09T06:00,27.5,54,0,18.0,10.6
2025-05-09T07:00,30.0,44,77,168.0,13.7
2025-05-09T08:00,31.9,38,99,388.0,16.0
2025-05-09T09:00,33.7,34,57,605.0,14.6
2025-05-09T10:00,35.3,30,54,785.0,13.9
2025-05-09T11:00,36.8,27,0,907.0,12.1
2025-05-09T12:00,38.1,25,19,957.0,9.7
2025-05-09T13:00,38.3,23,26,828.0,6.8
2025-05-09T14:00,38.9,22,20,731.0,5.6
2025-05-09T15:00,38.9,21,38,607.0,5.3
2025-05-09T16:00,38.5,21,26,407.0,5.1
2025-05-09T17:00,37.7,23,17,239.0,6.9
2025-05-09T18:00,35.7,24,18,66.0,6.5
2025-05-09T19:00,34.2,25,12,0.0,6.5
2025-05-09T20:00,33.0,27,16,0.0,3.1
2025-05-09T21:00,32.4,29,32,0.0,1.9
2025-05-09T22:00,31.8,31,35,0.0,4.0
2025-05-09T23:00,31.4,44,77,0.0,16.9
2025-05-10T00:00,30.5,56,12,0.0,13.0
2025-05-10T01:00,29.6,62,23,0.0,15.1
2025-05-10T02:00,29.4,62,33,0.0,12.8
2025-05-10T03:00,28.8,59,6,0.0,8.2
2025-05-10T04:00,28.3,46,0,0.0,15.1
2025-05-10T05:00,27.5,51,1,0.0,12.3
2025-05-10T06:00,28.6,59,4,18.0,14.4
2025-05-10T07:00,30.3,53,8,165.0,16.4
2025-05-10T08:00,32.1,46,6,378.0,17.1
2025-05-10T09:00,34.2,37,23,588.0,14.9
2025-05-10T10:00,35.4,32,4,704.0,12.5
2025-05-10T11:00,37.1,29,7,876.0,10.6
2025-05-10T12:00,38.3,26,16,929.0,7.9
2025-05-10T13:00,39.0,24,17,875.0,6.7
2025-05-10T14:00,39.3,23,27,779.0,6.4
2025-05-10T15:00,39.0,23,82,588.0,7.2
2025-05-10T16:00,38.4,24,87,411.0,8.8
2025-05-10T17:00,37.6,25,28,234.0,9.7
2025-05-10T18:00,36.1,24,14,65.0,9.2
2025-05-10T19:00,34.9,26,13,0.0,9.0
2025-05-10T20:00,34.0,28,38,0.0,4.8
2025-05-10T21:00,33.6,29,26,0.0,12.5
2025-05-10T22:00,31.6,48,20,0.0,15.8
2025-05-10T23:00,31.0,54,7,0.0,13.4
2025-05-11T00:00,30.3,60,3,0.0,12.8
2025-05-11T01:00,29.7,64,0,0.0,5.5
2025-05-11T02:00,29.0,65,26,0.0,4.4
2025-05-11T03:00,28.7,61,82,0.0,3.6
2025-05-11T04:00,28.5,52,65,0.0,8.7
2025-05-11T05:00,27.9,55,7,0.0,12.5
2025-05-11T06:00,29.1,58,3,18.0,13.1
2025-05-11T07:00,30.5,53,9,162.0,13.0
2025-05-11T08:00,32.1,48,7,344.0,11.9
2025-05-11T09:00,34.0,40,1,566.0,12.0
2025-05-11T10:00,35.8,35,1,765.0,10.7
2025-05-11T11:00,37.4,31,28,884.0,8.6
2025-05-11T12:00,38.2,28,18,883.0,7.4
2025-05-11T13:00,38.9,27,30,853.0,6.2
2025-05-11T14:00,39.1,26,18,758.0,5.3
2025-05-11T15:00,39.1,25,23,648.0,3.2
2025-05-11T16:00,38.7,26,24,461.0,2.5
2025-05-11T17:00,38.0,27,11,238.0,3.2
2025-05-11T18:00,36.5,28,20,60.0,7.4
2025-05-11T19:00,35.2,30,22,0.0,10.7
2025-05-11T20:00,34.4,31,24,0.0,7.4
2025-05-11T21:00,33.2,34,21,0.0,3.8
2025-05-11T22:00,32.7,35,9,0.0,8.8
2025-05-11T23:00,32.5,38,14,0.0,17.6
2025-05-12T00:00,31.6,42,2,0.0,16.7
2025-05-12T01:00,30.9,44,4,0.0,17.3
2025-05-12T02:00,30.3,48,3,0.0,17.0
2025-05-12T03:00,29.7,55,15,0.0,14.4
2025-05-12T04:00,29.3,58,4,0.0,10.8
2025-05-12T05:00,28.9,61,0,0.0,11.6
2025-05-12T06:00,29.6,60,18,19.0,16.0
2025-05-12T07:00,30.8,55,5,164.0,17.9
2025-05-12T08:00,32.5,49,1,379.0,18.2
2025-05-12T09:00,34.4,42,26,595.0,17.2
2025-05-12T10:00,35.8,38,21,683.0,15.3
2025-05-12T11:00,37.3,34,26,829.0,13.1
2025-05-12T12:00,38.2,32,17,856.0,11.6
2025-05-12T13:00,39.2,29,61,878.0,10.8
2025-05-12T14:00,39.4,28,83,793.0,10.6
2025-05-12T15:00,38.8,28,45,484.0,12.0
2025-05-12T16:00,36.6,33,37,347.0,18.3
2025-05-12T17:00,36.2,32,46,203.0,10.8
2025-05-12T18:00,36.6,30,17,66.0,6.1
2025-05-12T19:00,35.4,33,12,0.0,7.1
2025-05-12T20:00,34.4,35,28,0.0,4.7
2025-05-12T21:00,33.8,37,18,0.0,4.7
2025-05-12T22:00,32.9,39,25,0.0,0.9
2025-05-12T23:00,31.9,43,69,0.0,13.5
2025-05-13T00:00,31.2,46,66,0.0,19.2
2025-05-13T01:00,30.0,50,23,0.0,16.7
2025-05-13T02:00,29.3,53,6,0.0,14.0
2025-05-13T03:00,28.7,57,2,0.0,12.1
2025-05-13T04:00,28.3,59,0,0.0,9.8
2025-05-13T05:00,28.0,61,1,0.0,10.0
2025-05-13T06:00,28.6,61,14,19.0,11.1
2025-05-13T07:00,30.0,60,27,166.0,16.0
2025-05-13T08:00,31.6,54,97,383.0,15.4
2025-05-13T09:00,33.7,46,87,595.0,13.1
2025-05-13T10:00,35.7,39,100,771.0,10.2
2025-05-13T11:00,37.3,34,100,888.0,8.0
2025-05-13T12:00,38.7,31,99,923.0,6.0
2025-05-13T13:00,39.6,28,50,904.0,5.2
2025-05-13T14:00,40.0,26,22,801.0,4.7
2025-05-13T15:00,40.1,25,20,659.0,3.3
2025-05-13T16:00,39.5,26,17,443.0,2.5
2025-05-13T17:00,38.7,27,45,236.0,5.9
2025-05-13T18:00,37.0,30,99,38.0,6.1
2025-05-13T19:00,35.9,33,48,0.0,3.9
2025-05-13T20:00,34.6,36,37,0.0,3.5
2025-05-13T21:00,33.7,40,45,0.0,8.5
2025-05-13T22:00,29.2,55,58,0.0,29.9
2025-05-13T23:00,28.9,58,15,0.0,20.4
2025-05-14T00:00,28.6,62,20,0.0,16.0
2025-05-14T01:00,28.5,63,4,0.0,13.7
2025-05-14T02:00,28.5,63,1,0.0,9.6
2025-05-14T03:00,28.3,64,1,0.0,5.5
2025-05-14T04:00,28.0,65,3,0.0,3.8
2025-05-14T05:00,27.6,66,22,0.0,5.0
2025-05-14T06:00,28.4,63,0,20.0,5.9
2025-05-14T07:00,29.7,57,0,168.0,7.8
2025-05-14T08:00,31.2,52,36,384.0,9.6
2025-05-14T09:00,33.0,45,13,594.0,10.9
2025-05-14T10:00,35.0,39,40,772.0,10.6
2025-05-14T11:00,36.7,34,1,893.0,8.7
2025-05-14T12:00,37.9,31,2,944.0,6.7
2025-05-14T13:00,38.9,28,11,918.0,5.8
2025-05-14T14:00,39.4,26,16,834.0,5.0
2025-05-14T15:00,39.2,26,17,638.0,4.3
2025-05-14T16:00,39.0,26,18,442.0,5.7
2025-05-14T17:00,38.4,27,90,233.0,6.3
2025-05-14T18:00,36.5,30,15,68.0,1.4
2025-05-14T19:00,35.0,34,45,0.0,1.2
2025-05-14T20:00,34.0,36,100,0.0,2.2
2025-05-14T21:00,33.5,37,100,0.0,4.0
2025-05-14T22:00,33.1,39,100,0.0,4.2
2025-05-14T23:00,32.7,40,95,0.0,8.4
2025-05-15T00:00,31.2,46,98,0.0,1.3
2025-05-15T01:00,30.2,51,84,0.0,3.9
2025-05-15T02:00,29.5,53,79,0.0,3.3
2025-05-15T03:00,29.0,56,89,0.0,0.4
2025-05-15T04:00,28.6,58,98,0.0,1.8
2025-05-15T05:00,28.3,59,99,0.0,6.3
2025-05-15T06:00,26.0,87,100,6.0,6.0
2025-05-15T07:00,26.4,86,100,37.0,5.1
2025-05-15T08:00,26.8,81,100,93.0,3.3
2025-05-15T09:00,29.0,68,100,241.0,5.9
2025-05-15T10:00,32.2,53,98,590.0,7.7
2025-05-15T11:00,35.1,42,99,890.0,8.0
2025-05-15T12:00,36.6,37,97,913.0,6.8
2025-05-15T13:00,37.6,34,100,853.0,5.2
2025-05-15T14:00,38.3,31,100,762.0,4.3
2025-05-15T15:00,38.3,30,100,586.0,3.9
2025-05-15T16:00,38.3,29,100,470.0,1.9
2025-05-15T17:00,37.7,30,100,254.0,0.6
2025-05-15T18:00,35.5,33,99,60.0,6.0
2025-05-15T19:00,33.8,38,100,0.0,6.7
2025-05-15T20:00,33.1,40,100,0.0,4.3
2025-05-15T21:00,32.0,44,94,0.0,5.0
2025-05-15T22:00,31.8,44,81,0.0,0.9
2025-05-15T23:00,31.5,45,99,0.0,15.9
2025-05-16T00:00,29.3,55,98,0.0,10.6
2025-05-16T01:00,29.3,55,93,0.0,10.4
2025-05-16T02:00,29.5,52,79,0.0,11.3
2025-05-16T03:00,29.2,53,49,0.0,11.0
2025-05-16T04:00,28.5,58,100,0.0,9.8
2025-05-16T05:00,28.1,63,99,0.0,9.0
2025-05-16T06:00,28.6,67,100,20.0,12.6
2025-05-16T07:00,30.2,58,100,163.0,13.2
2025-05-16T08:00,31.9,50,100,340.0,11.0
2025-05-16T09:00,33.7,44,100,530.0,11.6
2025-05-16T10:00,35.3,39,100,689.0,12.0
2025-05-16T11:00,36.8,36,100,837.0,10.3
2025-05-16T12:00,37.9,33,100,878.0,9.5
2025-05-16T13:00,38.6,31,100,853.0,9.2
2025-05-16T14:00,38.5,31,100,695.0,7.8
2025-05-16T15:00,38.6,30,100,585.0,4.7
2025-05-16T16:00,38.4,30,100,427.0,4.6
2025-05-16T17:00,37.7,31,90,247.0,7.2
2025-05-16T18:00,34.7,37,96,61.0,7.0
2025-05-16T19:00,25.9,80,100,0.0,21.0
2025-05-16T20:00,28.0,67,100,0.0,7.4
2025-05-16T21:00,27.6,73,100,0.0,18.4
2025-05-16T22:00,25.7,83,100,0.0,15.4
2025-05-16T23:00,24.7,91,100,0.0,10.8
2025-05-17T00:00,25.3,87,100,0.0,13.5
2025-05-17T01:00,25.6,86,100,0.0,12.1
2025-05-17T02:00,25.3,89,99,0.0,11.8
2025-05-17T03:00,25.8,80,75,0.0,11.3
2025-05-17T04:00,25.6,81,100,0.0,10.1
2025-05-17T05:00,25.6,83,100,0.0,7.6
2025-05-17T06:00,27.8,76,46,16.0,10.4
2025-05-17T07:00,29.6,68,35,161.0,12.9
2025-05-17T08:00,31.8,58,77,375.0,15.2
2025-05-17T09:00,33.4,52,89,583.0,14.5
2025-05-17T10:00,34.7,47,76,676.0,14.3
2025-05-17T11:00,36.6,40,23,844.0,13.2
2025-05-17T12:00,37.6,36,98,857.0,11.0
2025-05-17T13:00,38.4,32,100,798.0,10.8
2025-05-17T14:00,36.3,34,100,299.0,10.3
2025-05-17T15:00,35.0,39,100,371.0,7.0
2025-05-17T16:00,32.6,51,100,180.0,14.8
2025-05-17T17:00,32.9,49,100,227.0,10.3
2025-05-17T18:00,25.7,82,100,23.0,7.3
2025-05-17T19:00,26.1,88,98,0.0,13.0
2025-05-17T20:00,25.7,93,100,0.0,12.1
2025-05-17T21:00,25.9,92,100,0.0,12.0
2025-05-17T22:00,25.7,92,100,0.0,12.5
2025-05-17T23:00,25.8,90,100,0.0,16.3
2025-05-18T00:00,25.7,86,100,0.0,15.7
2025-05-18T01:00,25.6,86,100,0.0,15.5
2025-05-18T02:00,25.5,85,100,0.0,14.9
2025-05-18T03:00,25.5,84,100,0.0,12.5
2025-05-18T04:00,25.4,83,100,0.0,10.4
2025-05-18T05:00,25.4,83,100,0.0,10.3
2025-05-18T06:00,25.6,85,100,18.0,5.4
2025-05-18T07:00,27.2,76,30,162.0,8.2
2025-05-18T08:00,29.3,67,100,379.0,9.2
2025-05-18T09:00,31.2,57,100,553.0,7.7
2025-05-18T10:00,33.2,50,96,729.0,8.2
2025-05-18T11:00,35.2,43,99,870.0,8.4
2025-05-18T12:00,36.4,38,100,846.0,10.4
2025-05-18T13:00,37.0,36,100,836.0,10.4
2025-05-18T14:00,37.6,34,100,743.0,7.6
2025-05-18T15:00,28.6,72,100,199.0,28.4
2025-05-18T16:00,29.6,65,100,231.0,4.9
2025-05-18T17:00,31.9,53,100,204.0,2.0
2025-05-18T18:00,32.1,48,100,57.0,5.9
2025-05-18T19:00,31.4,51,100,0.0,7.1
2025-05-18T20:00,30.6,58,100,0.0,8.3
2025-05-18T21:00,29.9,62,100,0.0,6.7
2025-05-18T22:00,29.6,63,100,0.0,5.9
2025-05-18T23:00,29.1,65,100,0.0,7.2
2025-05-19T00:00,28.8,67,100,0.0,7.2
2025-05-19T01:00,28.5,70,100,0.0,5.2
2025-05-19T02:00,28.0,72,100,0.0,3.1
2025-05-19T03:00,26.2,82,100,0.0,7.1
2025-05-19T04:00,25.1,92,100,0.0,5.0
2025-05-19T05:00,25.3,90,100,0.0,2.0
2025-05-19T06:00,26.4,86,100,18.0,4.2
2025-05-19T07:00,28.0,73,100,137.0,6.4
2025-05-19T08:00,29.7,63,100,327.0,6.3
2025-05-19T09:00,31.3,55,100,464.0,7.9
2025-05-19T10:00,32.8,51,100,689.0,10.1
2025-05-19T11:00,33.9,47,100,771.0,12.5
2025-05-19T12:00,33.7,47,100,504.0,12.0
2025-05-19T13:00,33.3,49,100,346.0,9.4
2025-05-19T14:00,33.4,50,100,321.0,7.4
2025-05-19T15:00,33.1,51,100,277.0,7.4
2025-05-19T16:00,32.6,53,100,199.0,10.3
2025-05-19T17:00,32.3,55,100,145.0,11.5
2025-05-19T18:00,29.0,69,100,40.0,5.7
2025-05-19T19:00,28.9,70,100,0.0,3.9
2025-05-19T20:00,28.9,71,100,0.0,5.3
2025-05-19T21:00,28.6,74,100,0.0,4.7
2025-05-19T22:00,28.2,76,99,0.0,3.8
2025-05-19T23:00,27.6,79,100,0.0,2.4
2025-05-20T00:00,27.3,81,100,0.0,3.2
2025-05-20T01:00,27.3,80,100,0.0,3.3
2025-05-20T02:00,27.3,80,100,0.0,0.5
2025-05-20T03:00,27.1,81,100,0.0,2.7
2025-05-20T04:00,26.8,84,100,0.0,1.9
2025-05-20T05:00,26.1,91,100,0.0,5.9
2025-05-20T06:00,27.9,80,100,19.0,0.8
2025-05-20T07:00,29.5,72,100,147.0,2.5
2025-05-20T08:00,30.7,63,100,329.0,3.6
2025-05-20T09:00,30.7,62,100,264.0,3.6
2025-05-20T10:00,32.1,57,100,559.0,7.2
2025-05-20T11:00,29.4,72,100,342.0,11.7
2025-05-20T12:00,30.0,69,100,538.0,11.2
2025-05-20T13:00,31.0,63,100,519.0,8.2
2025-05-20T14:00,32.3,56,100,557.0,5.8
2025-05-20T15:00,33.0,53,100,548.0,6.2
2025-05-20T16:00,32.9,54,99,352.0,5.7
2025-05-20T17:00,32.1,56,100,199.0,5.8
2025-05-20T18:00,32.3,53,100,58.0,9.5
2025-05-20T19:00,27.5,80,100,0.0,21.1
2025-05-20T20:00,25.9,91,100,0.0,8.4
2025-05-20T21:00,26.2,91,100,0.0,9.6
2025-05-20T22:00,26.1,92,100,0.0,8.4
2025-05-20T23:00,26.1,91,100,0.0,5.5
2025-05-21T00:00,26.1,91,100,0.0,1.7
2025-05-21T01:00,26.1,92,100,0.0,2.5
2025-05-21T02:00,26.2,93,100,0.0,4.5
2025-05-21T03:00,25.9,92,100,0.0,9.8
2025-05-21T04:00,25.9,90,100,0.0,13.1
2025-05-21T05:00,25.7,89,100,0.0,8.8
2025-05-21T06:00,27.4,74,100,6.0,7.1
2025-05-21T07:00,28.2,69,100,52.0,9.0
2025-05-21T08:00,30.3,60,100,331.0,14.2
2025-05-21T09:00,31.1,57,100,414.0,11.6
2025-05-21T10:00,31.6,54,100,395.0,11.4
2025-05-21T11:00,33.0,50,100,605.0,11.5
2025-05-21T12:00,34.3,46,100,851.0,11.4
2025-05-21T13:00,34.7,44,100,769.0,10.3
2025-05-21T14:00,34.7,43,100,571.0,8.3
2025-05-21T15:00,34.8,41,100,511.0,10.4
2025-05-21T16:00,34.3,41,100,335.0,13.4
2025-05-21T17:00,32.6,48,100,198.0,21.0
2025-05-21T18:00,26.0,93,100,15.0,10.3
2025-05-21T19:00,26.1,90,100,0.0,7.7
2025-05-21T20:00,25.8,91,100,0.0,5.2
2025-05-21T21:00,27.0,73,100,0.0,13.9
2025-05-21T22:00,27.4,65,100,0.0,13.5
2025-05-21T23:00,27.0,67,100,0.0,14.8
2025-05-22T00:00,26.5,70,100,0.0,14.5
2025-05-22T01:00,26.3,72,100,0.0,13.8
2025-05-22T02:00,25.9,74,100,0.0,12.0
2025-05-22T03:00,25.6,75,100,0.0,11.9
2025-05-22T04:00,25.4,75,100,0.0,10.9
2025-05-22T05:00,25.2,76,100,0.0,11.1
2025-05-22T06:00,26.0,76,100,16.0,9.5
2025-05-22T07:00,27.0,70,100,113.0,10.3
2025-05-22T08:00,28.3,64,97,280.0,13.0
2025-05-22T09:00,30.6,54,100,553.0,19.8
2025-05-22T10:00,32.1,49,100,607.0,19.2
2025-05-22T11:00,33.0,46,98,609.0,19.4
2025-05-22T12:00,34.4,42,100,891.0,19.3
2025-05-22T13:00,35.1,39,100,781.0,18.0
2025-05-22T14:00,35.3,38,99,640.0,18.0
2025-05-22T15:00,35.5,38,100,554.0,17.4
2025-05-22T16:00,35.3,39,100,339.0,16.5
2025-05-22T17:00,34.5,39,100,140.0,16.9
2025-05-22T18:00,32.5,44,80,74.0,7.8
2025-05-22T19:00,31.3,47,100,0.0,8.0
2025-05-22T20:00,30.9,50,100,0.0,13.9
2025-05-22T21:00,30.0,54,96,0.0,11.1
2025-05-22T22:00,29.4,57,96,0.0,11.5
2025-05-22T23:00,29.2,56,89,0.0,16.9
2025-05-23T00:00,28.5,59,99,0.0,15.9
2025-05-23T01:00,27.9,63,73,0.0,15.3
2025-05-23T02:00,27.4,66,67,0.0,14.3
2025-05-23T03:00,27.0,68,80,0.0,12.2
2025-05-23T04:00,26.6,70,44,0.0,11.0
2025-05-23T05:00,26.3,71,9,0.0,8.9
2025-05-23T06:00,27.5,65,98,21.0,7.8
2025-05-23T07:00,28.9,61,100,163.0,9.5
2025-05-23T08:00,30.4,56,100,367.0,13.9
2025-05-23T09:00,32.3,49,99,563.0,17.5
2025-05-23T10:00,33.9,43,99,627.0,20.6
2025-05-23T11:00,35.0,42,100,762.0,18.0
2025-05-23T12:00,36.2,39,100,878.0,15.2
2025-05-23T13:00,37.5,36,100,881.0,15.2
2025-05-23T14:00,36.8,36,100,488.0,18.8
2025-05-23T15:00,34.2,44,100,262.0,8.4
2025-05-23T16:00,28.8,72,100,360.0,32.7
2025-05-23T17:00,29.0,69,99,126.0,7.4
2025-05-23T18:00,31.3,53,85,65.0,16.9
2025-05-23T19:00,30.6,56,96,0.0,20.1
2025-05-23T20:00,30.5,57,100,0.0,13.3
2025-05-23T21:00,30.5,56,100,0.0,14.5
2025-05-23T22:00,30.1,57,100,0.0,14.5
2025-05-23T23:00,29.7,58,100,0.0,13.8
2025-05-24T00:00,29.3,58,100,0.0,14.3
2025-05-24T01:00,28.8,60,100,0.0,13.7
2025-05-24T02:00,28.2,63,100,0.0,12.8
2025-05-24T03:00,28.3,63,100,0.0,12.4
2025-05-24T04:00,27.9,65,100,0.0,12.9
2025-05-24T05:00,27.6,66,99,0.0,13.0
2025-05-24T06:00,28.2,63,100,15.0,11.0
2025-05-24T07:00,29.4,60,100,140.0,12.7
2025-05-24T08:00,30.7,56,100,340.0,15.5
2025-05-24T09:00,32.4,51,100,570.0,21.3
2025-05-24T10:00,34.0,46,100,765.0,23.5
2025-05-24T11:00,34.2,45,100,704.0,24.4
2025-05-24T12:00,34.4,44,100,696.0,25.7
2025-05-24T13:00,35.4,42,100,714.0,26.3
2025-05-24T14:00,33.5,47,100,498.0,26.4
2025-05-24T15:00,34.0,44,100,498.0,28.2
2025-05-24T16:00,34.2,42,100,331.0,25.0
2025-05-24T17:00,34.2,41,100,143.0,25.0
2025-05-24T18:00,33.0,45,98,62.0,14.5
2025-05-24T19:00,31.5,51,81,0.0,15.6
2025-05-24T20:00,29.6,60,99,0.0,22.8
2025-05-24T21:00,25.4,86,100,0.0,10.3
2025-05-24T22:00,25.7,87,100,0.0,12.6
2025-05-24T23:00,26.6,79,99,0.0,14.8
2025-05-25T00:00,26.9,76,94,0.0,10.4
2025-05-25T01:00,27.0,73,99,0.0,13.4
2025-05-25T02:00,26.6,72,95,0.0,15.2
2025-05-25T03:00,26.4,74,89,0.0,10.5
2025-05-25T04:00,26.1,76,74,0.0,7.1
2025-05-25T05:00,26.0,77,100,0.0,5.0
2025-05-25T06:00,26.9,81,100,21.0,5.1
2025-05-25T07:00,28.5,69,99,109.0,5.2
2025-05-25T08:00,30.3,60,95,278.0,12.8
2025-05-25T09:00,32.0,53,99,555.0,24.1
2025-05-25T10:00,34.1,46,98,727.0,23.0
2025-05-25T11:00,33.8,44,100,757.0,29.2
2025-05-25T12:00,33.6,47,99,331.0,16.7
2025-05-25T13:00,29.8,64,100,760.0,21.3
2025-05-25T14:00,32.1,53,100,303.0,15.2
2025-05-25T15:00,30.4,63,100,582.0,30.9
2025-05-25T16:00,29.8,65,100,183.0,12.6
2025-05-25T17:00,30.2,61,100,132.0,4.2
2025-05-25T18:00,29.5,63,100,29.0,12.7
2025-05-25T19:00,24.9,91,100,0.0,19.7
2025-05-25T20:00,25.5,90,100,0.0,14.6
2025-05-25T21:00,25.9,89,100,0.0,13.5
2025-05-25T22:00,26.6,79,100,0.0,16.9
2025-05-25T23:00,27.1,73,100,0.0,19.2
2025-05-26T00:00,26.7,74,100,0.0,18.2
2025-05-26T01:00,26.6,74,100,0.0,17.3
2025-05-26T02:00,26.6,74,100,0.0,19.2
2025-05-26T03:00,26.3,76,100,0.0,19.8
2025-05-26T04:00,26.2,75,96,0.0,18.9
2025-05-26T05:00,26.1,73,100,0.0,18.5
2025-05-26T06:00,26.8,71,100,20.0,13.9
2025-05-26T07:00,28.0,67,100,140.0,17.3
2025-05-26T08:00,29.1,63,100,308.0,26.8
2025-05-26T09:00,29.8,60,100,410.0,29.0
2025-05-26T10:00,32.0,50,100,572.0,28.5
2025-05-26T11:00,33.7,45,99,712.0,28.5
2025-05-26T12:00,34.3,43,100,702.0,29.5
2025-05-26T13:00,35.0,41,100,686.0,29.9
2025-05-26T14:00,30.8,57,100,425.0,26.0
2025-05-26T15:00,33.3,45,96,253.0,28.5
2025-05-26T16:00,30.8,57,100,302.0,25.0
2025-05-26T17:00,29.5,62,100,166.0,22.9
2025-05-26T18:00,25.5,87,100,25.0,15.7
2025-05-26T19:00,25.3,88,100,0.0,20.4
2025-05-26T20:00,25.5,85,100,0.0,19.3
2025-05-26T21:00,26.0,81,100,0.0,16.8
2025-05-26T22:00,25.2,84,100,0.0,21.6
2025-05-26T23:00,25.1,84,100,0.0,22.4
2025-05-27T00:00,25.2,84,100,0.0,19.7
2025-05-27T01:00,25.1,83,100,0.0,21.6
2025-05-27T02:00,25.1,82,100,0.0,21.7
2025-05-27T03:00,25.1,82,100,0.0,23.1
2025-05-27T04:00,25.0,81,100,0.0,22.4
2025-05-27T05:00,25.0,81,100,0.0,19.7
2025-05-27T06:00,25.8,77,100,18.0,19.4
2025-05-27T07:00,26.9,73,100,123.0,19.1
2025-05-27T08:00,28.4,66,100,275.0,27.2
2025-05-27T09:00,30.0,59,100,440.0,28.8
2025-05-27T10:00,30.6,57,100,472.0,31.1
2025-05-27T11:00,30.5,58,100,591.0,32.5
2025-05-27T12:00,31.5,56,100,678.0,27.3
2025-05-27T13:00,33.0,50,100,699.0,26.1
2025-05-27T14:00,33.2,46,100,527.0,29.9
2025-05-27T15:00,33.0,46,100,358.0,27.8
2025-05-27T16:00,33.5,43,80,355.0,26.8
2025-05-27T17:00,33.4,42,73,241.0,27.4
2025-05-27T18:00,29.9,55,100,17.0,20.9
2025-05-27T19:00,29.4,55,100,0.0,22.9
2025-05-27T20:00,29.0,57,100,0.0,16.5
2025-05-27T21:00,28.7,58,100,0.0,16.1
2025-05-27T22:00,27.9,64,100,0.0,17.7
2025-05-27T23:00,27.3,68,100,0.0,20.9
2025-05-28T00:00,26.9,69,100,0.0,21.7
2025-05-28T01:00,26.5,71,100,0.0,23.4
2025-05-28T02:00,26.2,73,100,0.0,23.3
2025-05-28T03:00,26.0,73,100,0.0,23.0
2025-05-28T04:00,26.0,72,100,0.0,23.1
2025-05-28T05:00,26.0,71,100,0.0,22.7
2025-05-28T06:00,26.6,66,100,17.0,23.5
2025-05-28T07:00,27.5,65,100,137.0,25.3
2025-05-28T08:00,29.0,61,100,316.0,27.6
2025-05-28T09:00,31.0,53,100,498.0,31.8
2025-05-28T10:00,32.0,51,100,613.0,29.2
2025-05-28T11:00,32.6,50,100,636.0,25.1
2025-05-28T12:00,33.1,49,100,564.0,22.7
2025-05-28T13:00,33.6,47,100,466.0,23.9
2025-05-28T14:00,32.4,52,100,408.0,22.0
2025-05-28T15:00,33.0,48,100,275.0,22.8
2025-05-28T16:00,32.0,50,100,214.0,19.1
2025-05-28T17:00,31.6,53,100,125.0,19.3
2025-05-28T18:00,29.1,60,100,55.0,21.0
2025-05-28T19:00,28.8,62,100,1.0,21.1
2025-05-28T20:00,28.6,64,100,0.0,20.7
2025-05-28T21:00,28.2,65,100,0.0,21.1
2025-05-28T22:00,27.8,66,100,0.0,20.5
2025-05-28T23:00,26.7,73,100,0.0,17.7
2025-05-29T00:00,27.0,69,100,0.0,19.6
2025-05-29T01:00,26.5,70,100,0.0,20.8
2025-05-29T02:00,26.4,70,100,0.0,22.0
2025-05-29T03:00,26.1,73,100,0.0,22.6
2025-05-29T04:00,25.9,75,100,0.0,22.5
2025-05-29T05:00,25.7,77,100,0.0,22.4
2025-05-29T06:00,26.8,73,100,13.0,19.2
2025-05-29T07:00,27.7,69,100,123.0,21.0
2025-05-29T08:00,29.1,62,100,284.0,22.6
2025-05-29T09:00,31.1,54,100,560.0,23.2
2025-05-29T10:00,32.6,49,100,691.0,21.2
2025-05-29T11:00,32.4,49,100,416.0,21.1
2025-05-29T12:00,32.1,51,98,356.0,20.1
2025-05-29T13:00,33.0,48,100,566.0,20.6
2025-05-29T14:00,32.3,50,100,462.0,20.0
2025-05-29T15:00,32.6,53,100,534.0,17.1
2025-05-29T16:00,30.5,62,100,213.0,20.3
2025-05-29T17:00,30.4,60,100,177.0,19.4
2025-05-29T18:00,28.7,71,100,61.0,19.0
2025-05-29T19:00,25.7,90,100,1.0,16.5
2025-05-29T20:00,25.9,90,100,0.0,17.2
2025-05-29T21:00,25.6,89,100,0.0,18.1
2025-05-29T22:00,25.7,86,100,0.0,20.4
2025-05-29T23:00,25.6,84,100,0.0,20.5
2025-05-30T00:00,25.7,83,100,0.0,21.4
2025-05-30T01:00,26.0,81,100,0.0,21.1
2025-05-30T02:00,25.9,80,100,0.0,20.1
2025-05-30T03:00,25.9,80,98,0.0,18.0
2025-05-30T04:00,25.8,80,100,0.0,16.9
2025-05-30T05:00,25.9,80,100,0.0,17.3
2025-05-30T06:00,27.3,77,100,21.0,16.3
2025-05-30T07:00,28.7,72,100,128.0,18.5
2025-05-30T08:00,30.0,67,100,322.0,20.8
2025-05-30T09:00,29.7,67,100,239.0,20.5
2025-05-30T10:00,30.2,60,100,263.0,23.1
2025-05-30T11:00,31.9,56,100,586.0,19.6
2025-05-30T12:00,34.1,49,100,733.0,21.2
2025-05-30T13:00,34.2,47,100,566.0,22.5
2025-05-30T14:00,33.5,48,100,668.0,21.4
2025-05-30T15:00,33.9,47,100,315.0,24.5
2025-05-30T16:00,34.7,43,100,377.0,28.1
2025-05-30T17:00,33.5,44,100,116.0,16.6
2025-05-30T18:00,26.5,89,100,21.0,4.3
2025-05-30T19:00,25.1,86,100,1.0,12.6
2025-05-30T20:00,26.2,78,100,0.0,10.7
2025-05-30T21:00,27.7,71,100,0.0,12.8
2025-05-30T22:00,29.9,59,100,0.0,29.2
2025-05-30T23:00,28.1,66,100,0.0,23.9
2025-05-31T00:00,27.6,71,100,0.0,21.2
2025-05-31T01:00,27.9,71,100,0.0,20.2
2025-05-31T02:00,27.9,68,100,0.0,21.4
2025-05-31T03:00,27.6,69,100,0.0,23.1
2025-05-31T04:00,27.0,71,100,0.0,23.5
2025-05-31T05:00,26.6,73,100,0.0,24.6
2025-05-31T06:00,27.4,69,100,16.0,20.5
2025-05-31T07:00,28.1,68,100,105.0,18.9
2025-05-31T08:00,29.5,63,100,275.0,22.4
2025-05-31T09:00,31.5,55,100,490.0,25.5
2025-05-31T10:00,33.0,49,100,621.0,21.9
2025-05-31T11:00,34.8,43,100,857.0,23.1
2025-05-31T12:00,36.0,37,100,878.0,23.4
2025-05-31T13:00,36.8,32,100,811.0,23.3
2025-05-31T14:00,36.9,30,100,697.0,23.6
2025-05-31T15:00,36.9,30,100,625.0,24.1
2025-05-31T16:00,36.3,30,99,393.0,22.2
2025-05-31T17:00,35.8,31,76,272.0,18.9
2025-05-31T18:00,33.7,34,100,54.0,11.5
2025-05-31T19:00,31.8,41,100,1.0,11.5
2025-05-31T20:00,31.0,42,100,0.0,11.6
2025-05-31T21:00,30.7,43,100,0.0,14.2
2025-05-31T22:00,30.0,45,100,0.0,15.3
2025-05-31T23:00,29.8,49,100,0.0,19.7
2025-06-01T00:00,29.4,57,100,0.0,22.3
2025-06-01T01:00,28.6,62,100,0.0,21.3
2025-06-01T02:00,28.1,65,100,0.0,21.7
2025-06-01T03:00,27.3,70,100,0.0,21.5
2025-06-01T04:00,26.6,74,100,0.0,20.7
2025-06-01T05:00,26.1,77,100,0.0,20.0
2025-06-01T06:00,27.6,73,100,22.0,18.8
2025-06-01T07:00,28.7,70,100,163.0,19.7
2025-06-01T08:00,30.2,64,96,363.0,19.6
2025-06-01T09:00,31.9,57,90,588.0,21.6
2025-06-01T10:00,33.7,49,93,770.0,21.8
2025-06-01T11:00,35.1,42,100,844.0,21.4
2025-06-01T12:00,36.4,37,100,912.0,21.1
2025-06-01T13:00,37.2,34,100,887.0,21.4
2025-06-01T14:00,37.4,33,100,795.0,22.5
2025-06-01T15:00,37.3,32,100,628.0,21.4
2025-06-01T16:00,36.8,32,100,473.0,20.4
2025-06-01T17:00,36.0,33,100,256.0,19.8
2025-06-01T18:00,33.5,37,100,56.0,19.6
2025-06-01T19:00,32.5,43,97,1.0,14.7
2025-06-01T20:00,32.0,44,100,0.0,18.8
2025-06-01T21:00,30.9,49,100,0.0,15.0
2025-06-01T22:00,30.3,52,100,0.0,18.0
2025-06-01T23:00,29.4,56,100,0.0,20.0
2025-06-02T00:00,28.4,59,97,0.0,19.9
2025-06-02T01:00,27.5,64,100,0.0,19.1
2025-06-02T02:00,27.0,68,99,0.0,19.6
2025-06-02T03:00,26.5,71,100,0.0,19.1
2025-06-02T04:00,26.2,74,100,0.0,19.3
2025-06-02T05:00,25.9,75,34,0.0,18.8
2025-06-02T06:00,27.3,70,90,22.0,15.7
2025-06-02T07:00,28.3,67,94,167.0,18.7
2025-06-02T08:00,29.7,60,5,380.0,19.6
2025-06-02T09:00,31.5,53,10,592.0,19.2
2025-06-02T10:00,33.0,48,60,759.0,20.5
2025-06-02T11:00,34.6,42,96,880.0,20.7
2025-06-02T12:00,35.6,40,100,899.0,21.6
2025-06-02T13:00,36.1,38,100,776.0,20.5
2025-06-02T14:00,36.8,35,100,736.0,20.2
2025-06-02T15:00,36.7,35,88,619.0,19.9
2025-06-02T16:00,36.7,35,100,456.0,19.0
2025-06-02T17:00,34.6,39,100,231.0,19.2
2025-06-02T18:00,32.1,45,100,77.0,10.0
2025-06-02T19:00,31.1,49,100,1.0,9.6
2025-06-02T20:00,30.1,51,100,0.0,11.0
2025-06-02T21:00,30.5,50,100,0.0,16.9
2025-06-02T22:00,30.5,51,100,0.0,16.6
2025-06-02T23:00,29.9,53,100,0.0,16.9
2025-06-03T00:00,28.5,59,100,0.0,18.3
2025-06-03T01:00,27.8,63,100,0.0,17.7
2025-06-03T02:00,27.2,66,100,0.0,19.0
2025-06-03T03:00,26.6,68,100,0.0,18.3
2025-06-03T04:00,26.1,70,100,0.0,16.5
2025-06-03T05:00,25.8,71,100,0.0,15.9
2025-06-03T06:00,27.1,68,99,22.0,13.5
2025-06-03T07:00,28.3,64,100,170.0,17.2
2025-06-03T08:00,29.8,59,84,383.0,18.2
2025-06-03T09:00,31.6,52,62,590.0,17.9
2025-06-03T10:00,32.9,48,30,732.0,21.2
2025-06-03T11:00,34.5,43,15,835.0,19.6
2025-06-03T12:00,35.8,39,18,916.0,19.9
2025-06-03T13:00,36.1,38,19,850.0,19.6
2025-06-03T14:00,36.6,36,94,764.0,19.3
2025-06-03T15:00,36.6,35,100,577.0,19.9
2025-06-03T16:00,35.8,36,100,336.0,17.3
2025-06-03T17:00,34.5,39,100,224.0,19.8
2025-06-03T18:00,29.8,56,99,31.0,10.3
2025-06-03T19:00,29.7,56,100,1.0,11.6
2025-06-03T20:00,30.1,54,100,0.0,14.3
2025-06-03T21:00,29.4,57,100,0.0,14.2
2025-06-03T22:00,28.9,61,100,0.0,11.8
2025-06-03T23:00,28.6,62,100,0.0,15.2
2025-06-04T00:00,28.4,62,100,0.0,17.7
2025-06-04T01:00,28.2,62,100,0.0,17.9
2025-06-04T02:00,27.8,64,100,0.0,18.7
2025-06-04T03:00,27.3,66,100,0.0,19.1
2025-06-04T04:00,26.8,68,100,0.0,18.6
2025-06-04T05:00,26.4,70,95,0.0,18.7
2025-06-04T06:00,27.3,70,100,22.0,16.8
2025-06-04T07:00,28.2,66,100,168.0,18.8
2025-06-04T08:00,29.8,60,95,378.0,17.9
2025-06-04T09:00,31.6,53,96,590.0,17.3
2025-06-04T10:00,33.4,44,25,742.0,16.0
2025-06-04T11:00,35.0,39,6,857.0,15.2
2025-06-04T12:00,36.1,34,30,915.0,14.8
2025-06-04T13:00,36.6,32,97,903.0,15.5
2025-06-04T14:00,37.1,32,99,808.0,15.7
2025-06-04T15:00,36.4,35,100,499.0,16.7
2025-06-04T16:00,36.1,34,99,348.0,15.0
2025-06-04T17:00,35.6,34,99,221.0,13.4
2025-06-04T18:00,34.0,34,99,37.0,9.1
2025-06-04T19:00,32.5,38,97,1.0,16.4
2025-06-04T20:00,31.8,41,95,0.0,19.0
2025-06-04T21:00,30.3,50,83,0.0,18.2
2025-06-04T22:00,29.7,55,19,0.0,17.8
2025-06-04T23:00,29.3,58,99,0.0,17.6
2025-06-05T00:00,28.7,60,99,0.0,17.7
2025-06-05T01:00,27.8,62,100,0.0,16.9
2025-06-05T02:00,27.1,65,99,0.0,16.7
2025-06-05T03:00,26.5,68,100,0.0,16.9
2025-06-05T04:00,25.9,71,99,0.0,16.3
2025-06-05T05:00,25.5,73,99,0.0,16.1
2025-06-05T06:00,26.6,67,99,22.0,13.1
2025-06-05T07:00,27.8,64,100,172.0,15.0
2025-06-05T08:00,29.2,58,100,377.0,14.9
2025-06-05T09:00,31.0,52,99,588.0,14.7
2025-06-05T10:00,32.8,45,100,756.0,14.9
2025-06-05T11:00,34.7,38,99,849.0,13.0
2025-06-05T12:00,35.6,36,100,908.0,11.1
2025-06-05T13:00,36.4,34,92,921.0,10.9
2025-06-05T14:00,36.8,33,99,833.0,12.3
2025-06-05T15:00,36.7,32,92,673.0,13.6
2025-06-05T16:00,35.9,34,99,442.0,12.6
2025-06-05T17:00,35.1,36,99,263.0,12.6
2025-06-05T18:00,33.5,36,99,87.0,8.0
2025-06-05T19:00,31.8,40,100,1.0,8.8
2025-06-05T20:00,30.8,43,96,0.0,5.8
2025-06-05T21:00,29.8,48,92,0.0,3.9
2025-06-05T22:00,29.0,50,77,0.0,4.7
2025-06-05T23:00,28.3,53,65,0.0,4.9
2025-06-06T00:00,28.2,54,35,0.0,6.5
2025-06-06T01:00,28.6,51,26,0.0,12.8
2025-06-06T02:00,27.9,55,0,0.0,17.9
2025-06-06T03:00,27.2,59,0,0.0,16.8
2025-06-06T04:00,26.8,63,0,0.0,16.2
2025-06-06T05:00,26.4,67,1,0.0,14.4
2025-06-06T06:00,28.7,60,35,20.0,13.7
2025-06-06T07:00,29.6,58,13,160.0,13.6
2025-06-06T08:00,31.0,54,3,366.0,13.8
2025-06-06T09:00,32.7,49,6,592.0,12.7
2025-06-06T10:00,34.3,43,19,742.0,11.6
2025-06-06T11:00,35.2,40,25,803.0,11.6
2025-06-06T12:00,36.2,36,35,851.0,11.4
2025-06-06T13:00,37.2,33,17,887.0,12.6
2025-06-06T14:00,37.4,32,89,795.0,12.7
2025-06-06T15:00,37.2,32,44,627.0,11.9
2025-06-06T16:00,36.9,32,46,473.0,10.6
2025-06-06T17:00,36.2,33,21,257.0,10.0
2025-06-06T18:00,34.2,35,3,84.0,11.4
2025-06-06T19:00,32.9,39,81,1.0,11.6
2025-06-06T20:00,32.2,41,79,0.0,9.3
2025-06-06T21:00,31.5,43,40,0.0,8.1
2025-06-06T22:00,30.7,46,8,0.0,6.7
2025-06-06T23:00,29.8,50,15,0.0,7.7
2025-06-07T00:00,29.3,52,17,0.0,8.7
2025-06-07T01:00,29.0,54,84,0.0,18.7
2025-06-07T02:00,28.6,58,82,0.0,19.4
2025-06-07T03:00,27.8,65,79,0.0,18.9
2025-06-07T04:00,27.5,68,83,0.0,17.1
2025-06-07T05:00,27.2,70,81,0.0,16.0
2025-06-07T06:00,28.6,66,33,22.0,14.5
2025-06-07T07:00,29.7,62,52,168.0,17.3
2025-06-07T08:00,31.2,56,68,380.0,17.8
2025-06-07T09:00,33.1,49,6,591.0,17.8
2025-06-07T10:00,34.8,43,50,755.0,17.2
2025-06-07T11:00,36.0,39,91,850.0,16.2
2025-06-07T12:00,36.5,37,100,814.0,14.9
2025-06-07T13:00,37.4,34,100,850.0,15.0
2025-06-07T14:00,37.3,34,100,716.0,15.6
2025-06-07T15:00,37.4,33,63,647.0,15.4
2025-06-07T16:00,34.7,40,59,464.0,16.1
2025-06-07T17:00,34.9,39,39,176.0,13.9
2025-06-07T18:00,33.3,42,68,84.0,14.1
2025-06-07T19:00,32.1,47,100,1.0,9.4
2025-06-07T20:00,32.2,48,100,0.0,8.0
2025-06-07T21:00,31.8,50,100,0.0,6.9
2025-06-07T22:00,31.5,51,100,0.0,7.2
2025-06-07T23:00,31.2,51,98,0.0,11.3
2025-06-08T00:00,30.3,54,100,0.0,16.5
2025-06-08T01:00,28.3,63,71,0.0,17.0
2025-06-08T02:00,28.0,65,99,0.0,17.1
2025-06-08T03:00,28.1,65,90,0.0,15.0
2025-06-08T04:00,28.0,64,68,0.0,15.8
2025-06-08T05:00,27.6,67,25,0.0,16.3
2025-06-08T06:00,28.5,66,61,22.0,13.5
2025-06-08T07:00,29.6,62,52,159.0,17.4
2025-06-08T08:00,30.9,58,2,340.0,17.9
2025-06-08T09:00,32.8,52,5,586.0,16.8
2025-06-08T10:00,34.5,46,13,740.0,15.1
2025-06-08T11:00,35.9,42,28,834.0,14.8
2025-06-08T12:00,36.9,38,91,856.0,14.6
2025-06-08T13:00,37.9,34,57,881.0,14.0
2025-06-08T14:00,38.7,30,100,734.0,13.0
2025-06-08T15:00,29.6,62,96,309.0,23.1
2025-06-08T16:00,29.5,64,100,382.0,21.8
2025-06-08T17:00,30.5,57,98,138.0,2.2
2025-06-08T18:00,25.4,81,100,45.0,12.9
2025-06-08T19:00,27.6,70,100,0.0,6.7
2025-06-08T20:00,28.1,70,100,0.0,11.8
2025-06-08T21:00,27.5,73,91,0.0,9.2
2025-06-08T22:00,27.0,73,94,0.0,24.8
2025-06-08T23:00,26.8,73,100,0.0,15.9
2025-06-09T00:00,26.6,75,39,0.0,15.4
2025-06-09T01:00,26.6,75,36,0.0,18.7
2025-06-09T02:00,26.7,73,31,0.0,18.2
2025-06-09T03:00,26.6,75,66,0.0,15.8
2025-06-09T04:00,27.0,75,21,0.0,15.9
2025-06-09T05:00,26.9,74,2,0.0,14.8
2025-06-09T06:00,27.7,70,6,22.0,16.6
2025-06-09T07:00,28.8,66,37,169.0,19.9
2025-06-09T08:00,29.9,61,26,335.0,21.0
2025-06-09T09:00,31.7,54,34,543.0,20.0
2025-06-09T10:00,33.7,48,12,709.0,18.3
2025-06-09T11:00,35.4,42,62,814.0,18.6
2025-06-09T12:00,35.9,40,96,814.0,13.7
2025-06-09T13:00,34.7,42,100,685.0,22.8
2025-06-09T14:00,30.2,55,100,346.0,10.1
2025-06-09T15:00,32.9,49,100,579.0,10.6
2025-06-09T16:00,34.1,45,100,330.0,14.5
2025-06-09T17:00,34.4,41,100,247.0,15.5
2025-06-09T18:00,33.8,39,97,66.0,14.1
2025-06-09T19:00,32.7,43,78,2.0,14.1
2025-06-09T20:00,31.6,47,100,0.0,10.4
2025-06-09T21:00,31.1,49,99,0.0,15.0
2025-06-09T22:00,30.2,57,85,0.0,21.2
2025-06-09T23:00,28.8,63,93,0.0,20.2
2025-06-10T00:00,28.5,64,70,0.0,18.5
2025-06-10T01:00,28.1,66,97,0.0,19.6
2025-06-10T02:00,28.1,67,100,0.0,18.2
2025-06-10T03:00,27.8,68,99,0.0,17.7
2025-06-10T04:00,27.5,69,6,0.0,17.1
2025-06-10T05:00,27.0,71,85,0.0,16.1
2025-06-10T06:00,28.0,68,72,21.0,16.4
2025-06-10T07:00,28.9,65,96,157.0,17.6
2025-06-10T08:00,30.6,59,100,375.0,19.1
2025-06-10T09:00,32.5,51,100,563.0,19.6
2025-06-10T10:00,34.6,44,98,744.0,19.0
2025-06-10T11:00,36.0,41,100,854.0,19.1
2025-06-10T12:00,37.3,37,100,901.0,19.3
2025-06-10T13:00,38.2,34,100,872.0,19.1
2025-06-10T14:00,38.6,32,100,772.0,19.8
2025-06-10T15:00,38.2,31,100,599.0,19.3
2025-06-10T16:00,38.0,30,100,439.0,16.9
2025-06-10T17:00,37.0,32,100,236.0,15.7
2025-06-10T18:00,34.8,37,100,75.0,13.0
2025-06-10T19:00,33.4,44,100,2.0,15.3
2025-06-10T20:00,32.1,50,100,0.0,6.2
2025-06-10T21:00,30.7,56,100,0.0,4.3
2025-06-10T22:00,29.8,59,100,0.0,5.4
2025-06-10T23:00,28.9,61,100,0.0,9.8
2025-06-11T00:00,28.7,59,100,0.0,19.3
2025-06-11T01:00,28.2,62,100,0.0,18.9
2025-06-11T02:00,28.0,63,100,0.0,18.6
2025-06-11T03:00,27.7,65,100,0.0,19.0
2025-06-11T04:00,27.4,68,100,0.0,16.9
2025-06-11T05:00,27.2,69,99,0.0,15.6
2025-06-11T06:00,27.0,74,100,14.0,17.1
2025-06-11T07:00,28.1,68,100,80.0,17.5
2025-06-11T08:00,29.4,63,100,167.0,17.4
2025-06-11T09:00,32.0,53,100,378.0,18.5
2025-06-11T10:00,33.3,47,100,469.0,17.4
2025-06-11T11:00,34.9,41,100,702.0,18.2
2025-06-11T12:00,34.1,40,100,522.0,22.2
2025-06-11T13:00,28.5,67,100,576.0,2.5
2025-06-11T14:00,31.5,56,100,358.0,4.5
2025-06-11T15:00,33.7,42,99,476.0,20.2
2025-06-11T16:00,33.8,41,100,423.0,15.4
2025-06-11T17:00,33.4,42,100,247.0,13.3
2025-06-11T18:00,30.8,49,100,42.0,9.9
2025-06-11T19:00,29.9,53,100,1.0,3.8
2025-06-11T20:00,29.4,56,100,0.0,2.2
2025-06-11T21:00,29.1,55,100,0.0,4.1
2025-06-11T22:00,27.8,65,98,0.0,20.3
2025-06-11T23:00,26.9,71,100,0.0,16.3
2025-06-12T00:00,26.5,75,100,0.0,13.4
2025-06-12T01:00,26.2,78,100,0.0,10.4
2025-06-12T02:00,25.8,81,100,0.0,11.7
2025-06-12T03:00,25.6,83,92,0.0,11.8
2025-06-12T04:00,25.4,83,99,0.0,9.5
2025-06-12T05:00,25.3,83,96,0.0,8.5
2025-06-12T06:00,24.3,92,100,4.0,9.2
2025-06-12T07:00,24.7,92,100,33.0,13.7
2025-06-12T08:00,26.0,81,100,139.0,13.2
2025-06-12T09:00,29.4,66,100,530.0,12.3
2025-06-12T10:00,30.4,61,99,560.0,10.6
2025-06-12T11:00,31.7,56,95,667.0,8.1
2025-06-12T12:00,33.1,51,69,788.0,6.5
2025-06-12T13:00,34.5,46,74,851.0,6.3
2025-06-12T14:00,34.7,44,13,616.0,6.5
2025-06-12T15:00,35.4,42,49,591.0,6.5
2025-06-12T16:00,35.3,41,100,461.0,7.5
2025-06-12T17:00,33.0,51,77,237.0,11.3
2025-06-12T18:00,32.1,46,100,83.0,5.4
2025-06-12T19:00,31.1,51,92,2.0,3.1
2025-06-12T20:00,30.8,53,99,0.0,5.2
2025-06-12T21:00,30.5,55,100,0.0,7.3
2025-06-12T22:00,30.0,56,3,0.0,13.5
2025-06-12T23:00,28.9,60,16,0.0,14.8
2025-06-13T00:00,28.2,64,26,0.0,15.0
2025-06-13T01:00,27.7,66,22,0.0,15.9
2025-06-13T02:00,27.1,68,58,0.0,16.3
2025-06-13T03:00,26.7,69,59,0.0,15.8
2025-06-13T04:00,26.2,72,29,0.0,14.4
2025-06-13T05:00,26.0,75,23,0.0,13.1
2025-06-13T06:00,26.8,72,80,21.0,15.4
2025-06-13T07:00,27.9,66,88,155.0,17.7
2025-06-13T08:00,29.7,60,97,374.0,16.5
2025-06-13T09:00,31.4,53,97,539.0,13.2
2025-06-13T10:00,32.5,49,100,590.0,14.3
2025-06-13T11:00,32.3,50,97,374.0,14.0
2025-06-13T12:00,33.8,45,95,516.0,11.7
2025-06-13T13:00,35.6,41,37,821.0,9.9
2025-06-13T14:00,36.4,39,35,791.0,11.5
2025-06-13T15:00,36.3,39,45,627.0,12.5
2025-06-13T16:00,35.7,40,94,425.0,11.8
2025-06-13T17:00,33.9,46,94,195.0,15.0
2025-06-13T18:00,31.8,52,99,34.0,15.5
2025-06-13T19:00,30.2,60,68,1.0,12.4
2025-06-13T20:00,27.3,75,96,0.0,13.4
2025-06-13T21:00,27.8,74,92,0.0,14.9
2025-06-13T22:00,27.4,78,48,0.0,10.1
2025-06-13T23:00,27.5,75,64,0.0,9.0
2025-06-14T00:00,27.7,72,99,0.0,12.3
2025-06-14T01:00,27.7,67,100,0.0,13.9
2025-06-14T02:00,27.4,67,98,0.0,12.3
2025-06-14T03:00,27.2,69,100,0.0,12.3
2025-06-14T04:00,26.9,70,100,0.0,12.4
2025-06-14T05:00,26.7,71,100,0.0,13.8
2025-06-14T06:00,27.5,70,92,20.0,12.6
2025-06-14T07:00,28.5,65,76,161.0,17.7
2025-06-14T08:00,30.1,58,100,357.0,22.2
2025-06-14T09:00,31.8,51,100,503.0,23.3
2025-06-14T10:00,32.9,48,100,535.0,23.2
2025-06-14T11:00,33.5,46,100,537.0,21.8
2025-06-14T12:00,35.3,41,100,753.0,20.8
2025-06-14T13:00,36.1,39,100,807.0,24.0
2025-06-14T14:00,36.1,39,100,729.0,22.4
2025-06-14T15:00,36.3,39,100,568.0,22.0
2025-06-14T16:00,35.2,40,100,429.0,26.3
2025-06-14T17:00,35.0,40,100,190.0,17.3
2025-06-14T18:00,33.6,42,100,81.0,22.4
2025-06-14T19:00,29.9,61,100,1.0,23.3
2025-06-14T20:00,28.9,70,100,0.0,12.3
2025-06-14T21:00,29.7,61,99,0.0,16.3
2025-06-14T22:00,29.5,59,100,0.0,20.9
2025-06-14T23:00,28.1,64,100,0.0,20.6
2025-06-15T00:00,27.6,67,100,0.0,19.7
2025-06-15T01:00,27.1,70,100,0.0,18.2
2025-06-15T02:00,26.9,72,99,0.0,17.8
2025-06-15T03:00,26.9,71,100,0.0,18.4
2025-06-15T04:00,26.8,71,100,0.0,18.6
2025-06-15T05:00,26.7,71,100,0.0,17.0
2025-06-15T06:00,27.1,68,100,20.0,15.3
2025-06-15T07:00,28.4,65,100,140.0,13.6
2025-06-15T08:00,29.7,61,100,275.0,14.0
2025-06-15T09:00,31.7,53,100,483.0,23.7
2025-06-15T10:00,31.9,52,100,294.0,22.7
2025-06-15T11:00,33.5,47,100,599.0,22.5
2025-06-15T12:00,34.7,44,100,739.0,22.8
2025-06-15T13:00,34.7,43,100,752.0,25.9
2025-06-15T14:00,31.0,60,100,427.0,18.6
2025-06-15T15:00,27.7,79,100,244.0,21.1
2025-06-15T16:00,29.9,63,100,150.0,21.5
2025-06-15T17:00,30.6,55,100,137.0,25.7
2025-06-15T18:00,26.1,86,100,52.0,25.4
2025-06-15T19:00,25.2,91,100,1.0,17.8
2025-06-15T20:00,25.9,83,100,0.0,23.3
2025-06-15T21:00,25.5,82,100,0.0,19.3
2025-06-15T22:00,26.2,77,100,0.0,11.6
2025-06-15T23:00,26.5,74,100,0.0,11.8
2025-06-16T00:00,26.9,69,100,0.0,16.1
2025-06-16T01:00,26.9,67,100,0.0,20.3
2025-06-16T02:00,26.5,69,100,0.0,24.0
2025-06-16T03:00,26.0,73,100,0.0,23.5
2025-06-16T04:00,25.9,74,100,0.0,22.3
2025-06-16T05:00,26.0,73,100,0.0,22.6
2025-06-16T06:00,26.8,71,99,18.0,16.6
2025-06-16T07:00,27.7,68,100,130.0,18.2
2025-06-16T08:00,29.0,64,98,270.0,19.2
2025-06-16T09:00,31.0,55,100,484.0,32.7
2025-06-16T10:00,29.5,63,100,403.0,28.5
2025-06-16T11:00,31.9,52,89,362.0,29.0
2025-06-16T12:00,34.8,41,96,694.0,31.5
2025-06-16T13:00,34.1,41,100,524.0,33.2
2025-06-16T14:00,33.6,42,100,425.0,31.6
2025-06-16T15:00,33.0,45,100,383.0,31.4
2025-06-16T16:00,32.6,46,98,297.0,30.0
2025-06-16T17:00,32.1,47,100,223.0,27.9
2025-06-16T18:00,30.5,55,99,52.0,23.3
2025-06-16T19:00,29.6,59,100,1.0,19.9
2025-06-16T20:00,29.3,59,100,0.0,21.9
2025-06-16T21:00,28.8,60,100,0.0,20.6
2025-06-16T22:00,27.9,63,100,0.0,21.0
2025-06-16T23:00,27.0,70,100,0.0,19.4
2025-06-17T00:00,26.7,73,100,0.0,21.0
2025-06-17T01:00,26.5,74,100,0.0,21.1
2025-06-17T02:00,26.2,74,99,0.0,19.7
2025-06-17T03:00,26.0,75,100,0.0,18.3
2025-06-17T04:00,25.9,75,100,0.0,18.8
2025-06-17T05:00,25.9,74,100,0.0,17.5
2025-06-17T06:00,26.8,71,100,14.0,14.9
2025-06-17T07:00,27.8,67,100,135.0,18.6
2025-06-17T08:00,28.9,64,100,271.0,22.6
2025-06-17T09:00,30.5,57,100,416.0,26.1
2025-06-17T10:00,32.1,51,100,527.0,26.2
2025-06-17T11:00,32.3,48,100,380.0,25.8
2025-06-17T12:00,33.5,44,100,431.0,25.3
2025-06-17T13:00,35.2,39,100,658.0,23.1
2025-06-17T14:00,35.8,39,100,695.0,22.4
2025-06-17T15:00,35.4,39,100,447.0,22.6
2025-06-17T16:00,30.5,56,100,139.0,29.1
2025-06-17T17:00,31.6,52,100,185.0,16.6
2025-06-17T18:00,32.2,48,98,72.0,19.1
2025-06-17T19:00,31.2,53,100,2.0,15.8
2025-06-17T20:00,30.8,52,89,0.0,18.0
2025-06-17T21:00,29.8,56,100,0.0,19.8
2025-06-17T22:00,29.0,61,100,0.0,19.5
2025-06-17T23:00,28.2,65,97,0.0,21.0
2025-06-18T00:00,27.3,69,96,0.0,22.2
2025-06-18T01:00,26.8,71,100,0.0,24.1
2025-06-18T02:00,26.2,73,100,0.0,22.8
2025-06-18T03:00,25.8,75,99,0.0,21.3
2025-06-18T04:00,25.6,76,100,0.0,20.7
2025-06-18T05:00,25.4,76,100,0.0,19.6
2025-06-18T06:00,26.6,73,99,19.0,18.0
2025-06-18T07:00,27.9,67,100,159.0,21.9
2025-06-18T08:00,29.7,60,100,369.0,23.0
2025-06-18T09:00,31.7,51,100,550.0,25.9
2025-06-18T10:00,33.7,44,100,696.0,29.7
2025-06-18T11:00,34.5,41,100,676.0,27.8
2025-06-18T12:00,35.9,38,100,868.0,26.3
2025-06-18T13:00,36.4,37,100,836.0,25.6
2025-06-18T14:00,36.5,36,100,691.0,26.0
2025-06-18T15:00,36.5,36,100,590.0,25.7
2025-06-18T16:00,36.1,37,100,438.0,24.4
2025-06-18T17:00,35.4,38,100,278.0,23.2
2025-06-18T18:00,33.9,40,100,80.0,19.1
2025-06-18T19:00,32.8,43,100,2.0,18.7
2025-06-18T20:00,31.8,47,100,0.0,18.8
2025-06-18T21:00,31.0,51,100,0.0,20.3
2025-06-18T22:00,30.0,54,100,0.0,20.6
2025-06-18T23:00,29.0,60,100,0.0,21.7
2025-06-19T00:00,28.1,63,100,0.0,21.9
2025-06-19T01:00,27.4,67,100,0.0,21.5
2025-06-19T02:00,26.9,70,100,0.0,22.3
2025-06-19T03:00,26.4,72,100,0.0,21.8
2025-06-19T04:00,26.2,73,100,0.0,21.4
2025-06-19T05:00,26.1,74,100,0.0,21.1
2025-06-19T06:00,27.3,71,100,19.0,16.7
2025-06-19T07:00,28.5,66,100,153.0,18.5
2025-06-19T08:00,29.9,60,100,322.0,23.5
2025-06-19T09:00,31.6,53,100,565.0,22.9
2025-06-19T10:00,32.9,47,100,564.0,24.3
2025-06-19T11:00,33.8,44,100,583.0,25.4
2025-06-19T12:00,34.2,41,100,461.0,25.3
2025-06-19T13:00,35.6,37,100,691.0,26.9
2025-06-19T14:00,36.1,35,100,707.0,27.8
2025-06-19T15:00,36.4,34,100,591.0,26.3
2025-06-19T16:00,35.6,36,100,435.0,28.1
2025-06-19T17:00,34.9,37,100,235.0,27.3
2025-06-19T18:00,34.2,37,100,76.0,21.8
2025-06-19T19:00,32.6,44,100,2.0,22.7
2025-06-19T20:00,32.0,47,100,0.0,20.7
2025-06-19T21:00,31.2,50,100,0.0,21.4
2025-06-19T22:00,30.0,54,100,0.0,22.3
2025-06-19T23:00,29.1,59,100,0.0,19.0
2025-06-20T00:00,28.3,64,100,0.0,18.9
2025-06-20T01:00,27.6,66,100,0.0,19.8
2025-06-20T02:00,27.1,69,100,0.0,19.3
2025-06-20T03:00,26.6,71,100,0.0,19.2
2025-06-20T04:00,26.3,72,100,0.0,18.0
2025-06-20T05:00,26.1,74,100,0.0,17.7
2025-06-20T06:00,27.6,68,100,19.0,15.6
2025-06-20T07:00,28.6,64,100,150.0,19.6
2025-06-20T08:00,30.2,58,99,371.0,24.1
2025-06-20T09:00,31.7,53,100,570.0,25.5
2025-06-20T10:00,33.4,47,100,735.0,26.3
2025-06-20T11:00,34.7,43,100,818.0,25.2
2025-06-20T12:00,35.9,39,100,865.0,26.3
2025-06-20T13:00,36.6,37,100,890.0,25.6
2025-06-20T14:00,36.6,36,100,696.0,23.6
2025-06-20T15:00,36.7,35,100,453.0,23.2
2025-06-20T16:00,30.4,57,99,383.0,30.1
2025-06-20T17:00,31.2,53,96,179.0,13.1
2025-06-20T18:00,34.1,39,96,91.0,17.4
2025-06-20T19:00,33.0,42,28,2.0,15.2
2025-06-20T20:00,31.2,47,58,0.0,13.0
2025-06-20T21:00,28.2,68,47,0.0,4.3
2025-06-20T22:00,29.0,62,87,0.0,9.2
2025-06-20T23:00,29.4,58,18,0.0,20.7
2025-06-21T00:00,28.2,63,78,0.0,22.6
2025-06-21T01:00,27.3,67,95,0.0,22.6
2025-06-21T02:00,26.8,71,100,0.0,21.9
2025-06-21T03:00,26.4,72,100,0.0,20.8
2025-06-21T04:00,26.2,73,100,0.0,20.5
2025-06-21T05:00,26.0,74,100,0.0,19.3
2025-06-21T06:00,27.2,70,100,19.0,19.1
2025-06-21T07:00,28.3,66,100,140.0,21.0
2025-06-21T08:00,29.8,60,100,306.0,23.3
2025-06-21T09:00,31.6,52,100,470.0,26.4
2025-06-21T10:00,33.3,46,98,661.0,24.9
2025-06-21T11:00,34.8,42,100,811.0,24.2
2025-06-21T12:00,35.8,38,100,820.0,26.0
2025-06-21T13:00,36.6,36,100,749.0,24.1
2025-06-21T14:00,37.5,33,100,779.0,24.7
2025-06-21T15:00,37.1,34,100,624.0,24.3
2025-06-21T16:00,35.4,37,100,393.0,29.4
2025-06-21T17:00,29.9,60,100,205.0,8.5
2025-06-21T18:00,33.9,38,100,89.0,14.0
2025-06-21T19:00,32.5,43,100,2.0,19.0
2025-06-21T20:00,32.0,46,100,0.0,17.7
2025-06-21T21:00,31.8,47,100,0.0,22.8
2025-06-21T22:00,31.0,51,100,0.0,26.9
2025-06-21T23:00,29.7,57,100,0.0,23.4
2025-06-22T00:00,28.6,62,99,0.0,21.4
2025-06-22T01:00,27.8,65,72,0.0,21.9
2025-06-22T02:00,27.1,69,98,0.0,22.2
2025-06-22T03:00,26.5,72,49,0.0,22.3
2025-06-22T04:00,26.0,74,69,0.0,21.7
2025-06-22T05:00,25.8,74,36,0.0,20.5
2025-06-22T06:00,27.2,70,100,16.0,20.9
2025-06-22T07:00,28.1,67,99,124.0,21.7
2025-06-22T08:00,30.1,57,100,326.0,27.2
2025-06-22T09:00,30.6,55,100,293.0,27.4
2025-06-22T10:00,31.4,51,100,355.0,25.1
2025-06-22T11:00,33.4,43,100,569.0,24.6
2025-06-22T12:00,35.2,38,100,742.0,24.9
2025-06-22T13:00,35.8,36,100,746.0,22.8
2025-06-22T14:00,35.4,36,100,479.0,22.2
2025-06-22T15:00,35.7,35,100,527.0,21.1
2025-06-22T16:00,33.4,42,100,215.0,23.1
2025-06-22T17:00,32.5,45,100,77.0,25.3
2025-06-22T18:00,29.7,60,100,58.0,24.4
2025-06-22T19:00,28.3,66,100,1.0,22.9
2025-06-22T20:00,28.2,67,100,0.0,24.6
2025-06-22T21:00,27.9,67,84,0.0,19.7
2025-06-22T22:00,27.8,69,100,0.0,18.9
2025-06-22T23:00,27.8,68,100,0.0,23.1
2025-06-23T00:00,27.4,68,100,0.0,23.7
2025-06-23T01:00,26.9,70,100,0.0,22.1
2025-06-23T02:00,26.7,71,100,0.0,22.7
2025-06-23T03:00,26.3,72,100,0.0,22.3
2025-06-23T04:00,26.1,73,100,0.0,22.3
2025-06-23T05:00,26.0,72,100,0.0,23.2
2025-06-23T06:00,26.8,70,100,7.0,20.7
2025-06-23T07:00,27.2,67,100,50.0,21.1
2025-06-23T08:00,28.1,63,100,127.0,30.5
2025-06-23T09:00,29.9,55,100,329.0,30.5
2025-06-23T10:00,30.8,52,100,388.0,31.6
2025-06-23T11:00,32.4,47,100,578.0,30.2
2025-06-23T12:00,33.6,43,100,609.0,28.8
2025-06-23T13:00,33.0,43,100,466.0,28.7
2025-06-23T14:00,32.8,44,100,286.0,29.7
2025-06-23T15:00,33.1,43,100,301.0,28.0
2025-06-23T16:00,32.5,43,100,257.0,32.5
2025-06-23T17:00,31.6,45,100,145.0,30.1
2025-06-23T18:00,30.2,49,100,51.0,27.9
2025-06-23T19:00,29.6,54,100,1.0,26.9
2025-06-23T20:00,29.0,58,100,0.0,26.4
2025-06-23T21:00,28.0,64,100,0.0,23.9
2025-06-23T22:00,27.6,66,100,0.0,23.1
2025-06-23T23:00,27.2,67,100,0.0,23.3
2025-06-24T00:00,26.8,69,100,0.0,23.9
2025-06-24T01:00,26.5,70,100,0.0,22.6
2025-06-24T02:00,26.5,70,100,0.0,21.4
2025-06-24T03:00,26.5,70,100,0.0,21.3
2025-06-24T04:00,26.4,69,100,0.0,21.6
2025-06-24T05:00,26.4,70,100,0.0,21.7
2025-06-24T06:00,27.2,68,100,4.0,22.3
2025-06-24T07:00,27.7,67,100,59.0,18.8
2025-06-24T08:00,28.7,63,100,158.0,22.0
2025-06-24T09:00,31.3,51,100,417.0,34.4
2025-06-24T10:00,31.8,48,100,298.0,34.9
2025-06-24T11:00,32.8,46,100,416.0,31.7
2025-06-24T12:00,34.6,41,98,756.0,32.0
2025-06-24T13:00,35.3,39,94,789.0,33.5
2025-06-24T14:00,35.0,39,100,459.0,33.9
2025-06-24T15:00,34.9,38,94,378.0,30.3
2025-06-24T16:00,34.0,42,89,343.0,31.3
2025-06-24T17:00,33.2,42,80,222.0,29.0
2025-06-24T18:00,32.0,47,100,62.0,25.1
2025-06-24T19:00,30.5,52,100,2.0,28.3
2025-06-24T20:00,29.8,54,100,0.0,26.2
2025-06-24T21:00,28.8,60,100,0.0,24.3
2025-06-24T22:00,28.4,62,100,0.0,24.4
2025-06-24T23:00,27.9,65,94,0.0,23.0
2025-06-25T00:00,27.4,67,100,0.0,23.2
2025-06-25T01:00,27.1,68,100,0.0,24.0
2025-06-25T02:00,26.8,69,100,0.0,24.8
2025-06-25T03:00,26.4,69,100,0.0,25.0
2025-06-25T04:00,26.1,71,100,0.0,22.1
2025-06-25T05:00,25.9,73,100,0.0,19.3
2025-06-25T06:00,27.1,70,99,18.0,17.7
2025-06-25T07:00,28.4,66,100,123.0,20.2
2025-06-25T08:00,29.5,61,100,215.0,25.3
2025-06-25T09:00,31.1,54,100,426.0,24.9
2025-06-25T10:00,31.1,52,100,296.0,25.6
2025-06-25T11:00,32.9,45,100,560.0,27.4
2025-06-25T12:00,33.2,45,100,566.0,26.0
2025-06-25T13:00,34.5,42,88,698.0,26.2
2025-06-25T14:00,28.4,65,99,741.0,34.7
2025-06-25T15:00,29.4,63,99,208.0,7.8
2025-06-25T16:00,30.0,56,96,245.0,22.9
2025-06-25T17:00,31.0,54,100,155.0,15.7
2025-06-25T18:00,30.1,59,95,81.0,12.8
2025-06-25T19:00,29.7,58,100,2.0,24.1
2025-06-25T20:00,29.1,61,99,0.0,20.6
2025-06-25T21:00,28.7,64,100,0.0,21.8
2025-06-25T22:00,28.4,63,100,0.0,22.1
2025-06-25T23:00,27.8,64,100,0.0,22.0
2025-06-26T00:00,27.3,66,100,0.0,22.7
2025-06-26T01:00,27.0,67,100,0.0,21.6
2025-06-26T02:00,26.8,68,100,0.0,21.2
2025-06-26T03:00,26.7,69,100,0.0,20.6
2025-06-26T04:00,26.5,70,100,0.0,19.4
2025-06-26T05:00,26.5,71,100,0.0,17.4
2025-06-26T06:00,27.4,70,100,15.0,18.2
2025-06-26T07:00,28.1,67,100,67.0,15.9
2025-06-26T08:00,28.8,64,100,143.0,21.4
2025-06-26T09:00,30.8,55,100,380.0,24.1
2025-06-26T10:00,31.5,53,100,510.0,27.0
2025-06-26T11:00,33.1,47,99,603.0,26.6
2025-06-26T12:00,34.4,43,100,758.0,27.5
2025-06-26T13:00,33.1,46,100,381.0,26.3
2025-06-26T14:00,33.7,45,91,531.0,26.3
2025-06-26T15:00,34.1,44,98,679.0,28.5
2025-06-26T16:00,33.7,43,100,459.0,30.7
2025-06-26T17:00,32.0,49,100,205.0,26.8
2025-06-26T18:00,31.6,50,100,72.0,23.4
2025-06-26T19:00,30.7,53,89,1.0,22.2
2025-06-26T20:00,30.2,57,80,0.0,18.1
2025-06-26T21:00,29.7,57,89,0.0,18.9
2025-06-26T22:00,28.9,61,100,0.0,19.3
2025-06-26T23:00,27.8,65,99,0.0,22.5
2025-06-27T00:00,27.0,68,99,0.0,22.8
2025-06-27T01:00,26.4,70,99,0.0,20.8
2025-06-27T02:00,26.0,71,99,0.0,20.0
2025-06-27T03:00,25.6,73,95,0.0,19.2
2025-06-27T04:00,25.4,74,100,0.0,17.8
2025-06-27T05:00,25.2,75,100,0.0,17.1
2025-06-27T06:00,26.1,72,100,18.0,16.1
2025-06-27T07:00,27.3,67,100,122.0,17.9
2025-06-27T08:00,28.3,63,100,203.0,22.5
2025-06-27T09:00,30.5,54,100,438.0,23.7
2025-06-27T10:00,32.2,47,99,531.0,25.0
2025-06-27T11:00,33.4,42,80,512.0,24.4
2025-06-27T12:00,34.9,38,37,641.0,25.2
2025-06-27T13:00,36.0,35,47,742.0,24.7
2025-06-27T14:00,34.3,41,83,817.0,26.4
2025-06-27T15:00,35.9,36,86,476.0,19.9
2025-06-27T16:00,35.0,38,87,453.0,21.2
2025-06-27T17:00,34.4,38,100,264.0,23.6
2025-06-27T18:00,34.1,35,100,89.0,17.4
2025-06-27T19:00,32.6,39,100,3.0,13.7
2025-06-27T20:00,31.7,42,100,0.0,14.5
2025-06-27T21:00,31.0,45,100,0.0,17.9
2025-06-27T22:00,30.0,53,99,0.0,19.1
2025-06-27T23:00,29.0,58,100,0.0,21.1
2025-06-28T00:00,28.1,63,100,0.0,20.7
2025-06-28T01:00,27.3,67,100,0.0,21.3
2025-06-28T02:00,26.7,69,97,0.0,21.1
2025-06-28T03:00,26.2,72,95,0.0,19.3
2025-06-28T04:00,26.0,73,25,0.0,19.4
2025-06-28T05:00,25.6,74,18,0.0,19.7
2025-06-28T06:00,27.1,70,98,17.0,17.5
2025-06-28T07:00,28.4,64,96,156.0,25.5
2025-06-28T08:00,29.9,57,100,285.0,27.1
2025-06-28T09:00,31.5,52,94,426.0,26.5
2025-06-28T10:00,33.4,45,98,627.0,25.8
2025-06-28T11:00,34.8,40,96,730.0,26.4
2025-06-28T12:00,34.9,38,99,688.0,25.6
2025-06-28T13:00,35.7,36,100,606.0,24.1
2025-06-28T14:00,35.5,35,98,417.0,22.9
2025-06-28T15:00,37.0,32,99,623.0,22.0
2025-06-28T16:00,35.5,37,100,494.0,22.2
2025-06-28T17:00,35.8,36,99,231.0,20.9
2025-06-28T18:00,33.9,37,100,95.0,22.1
2025-06-28T19:00,32.4,43,99,3.0,14.1
2025-06-28T20:00,32.2,45,100,0.0,17.7
2025-06-28T21:00,31.3,50,100,0.0,18.9
2025-06-28T22:00,30.6,52,100,0.0,22.3
2025-06-28T23:00,29.6,55,100,0.0,21.7
2025-06-29T00:00,28.8,60,100,0.0,22.0
2025-06-29T01:00,28.0,63,100,0.0,23.5
2025-06-29T02:00,27.4,67,100,0.0,24.9
2025-06-29T03:00,26.9,70,100,0.0,24.4
2025-06-29T04:00,26.4,72,100,0.0,22.4
2025-06-29T05:00,26.2,73,100,0.0,22.3
2025-06-29T06:00,27.4,67,100,13.0,20.7
2025-06-29T07:00,28.1,64,100,103.0,23.0
2025-06-29T08:00,29.5,58,100,313.0,24.6
2025-06-29T09:00,31.6,49,100,551.0,28.4
2025-06-29T10:00,33.5,42,100,714.0,31.1
2025-06-29T11:00,34.9,38,100,839.0,29.1
2025-06-29T12:00,36.0,34,100,880.0,29.2
2025-06-29T13:00,37.3,31,100,839.0,28.5
2025-06-29T14:00,37.2,31,100,740.0,30.1
2025-06-29T15:00,37.2,30,100,559.0,29.0
2025-06-29T16:00,35.5,34,100,412.0,27.0
2025-06-29T17:00,35.2,34,100,214.0,28.5
2025-06-29T18:00,34.1,36,100,82.0,24.7
2025-06-29T19:00,33.3,38,100,2.0,20.5
2025-06-29T20:00,32.2,42,100,0.0,21.4
2025-06-29T21:00,31.2,47,100,0.0,25.6
2025-06-29T22:00,30.0,53,100,0.0,23.9
2025-06-29T23:00,29.1,54,99,0.0,24.2
2025-06-30T00:00,28.1,58,100,0.0,21.8
2025-06-30T01:00,27.5,62,100,0.0,21.4
2025-06-30T02:00,26.9,65,100,0.0,22.1
2025-06-30T03:00,26.4,67,100,0.0,20.9
2025-06-30T04:00,26.1,69,100,0.0,19.7
2025-06-30T05:00,25.8,71,100,0.0,18.9
2025-06-30T06:00,27.1,67,100,10.0,17.1
2025-06-30T07:00,27.6,66,100,52.0,19.7
2025-06-30T08:00,28.3,64,100,127.0,22.3
2025-06-30T09:00,30.2,56,100,396.0,24.0
2025-06-30T10:00,31.9,49,100,522.0,29.1
2025-06-30T11:00,33.2,43,100,522.0,28.3
2025-06-30T12:00,34.1,38,100,480.0,28.6
2025-06-30T13:00,33.3,42,100,290.0,28.3
2025-06-30T14:00,33.0,44,100,298.0,24.7
2025-06-30T15:00,34.2,42,100,429.0,26.8
2025-06-30T16:00,33.1,43,100,271.0,23.6
2025-06-30T17:00,32.7,45,100,144.0,25.3
2025-06-30T18:00,30.5,53,100,64.0,7.4
2025-06-30T19:00,31.2,49,100,1.0,18.0
2025-06-30T20:00,29.8,56,100,0.0,15.9
2025-06-30T21:00,29.3,57,100,0.0,20.7
2025-06-30T22:00,29.2,57,100,0.0,15.5
2025-06-30T23:00,28.7,60,100,0.0,22.3
2025-07-01T00:00,28.3,62,100,0.0,22.1
2025-07-01T01:00,27.7,64,100,0.0,22.2
2025-07-01T02:00,27.0,68,100,0.0,21.1
2025-07-01T03:00,26.3,72,100,0.0,20.2
2025-07-01T04:00,26.0,73,100,0.0,19.8
2025-07-01T05:00,26.2,71,100,0.0,19.6
2025-07-01T06:00,27.0,68,100,7.0,17.6
2025-07-01T07:00,27.5,66,100,72.0,18.1
2025-07-01T08:00,28.3,63,100,161.0,20.7
2025-07-01T09:00,29.6,58,100,321.0,23.9
2025-07-01T10:00,30.0,55,100,292.0,25.4
2025-07-01T11:00,30.9,52,100,355.0,25.6
2025-07-01T12:00,32.1,46,100,290.0,25.5
2025-07-01T13:00,32.1,46,100,231.0,27.1
2025-07-01T14:00,32.2,45,100,170.0,24.5
2025-07-01T15:00,33.6,41,99,340.0,24.9
2025-07-01T16:00,32.2,46,100,278.0,25.9
2025-07-01T17:00,32.8,43,100,132.0,22.9
2025-07-01T18:00,27.3,66,100,52.0,14.6
2025-07-01T19:00,24.9,87,100,1.0,3.2
2025-07-01T20:00,25.3,90,100,0.0,7.4
2025-07-01T21:00,25.2,88,100,0.0,11.2
2025-07-01T22:00,25.1,88,100,0.0,14.2
2025-07-01T23:00,25.3,85,100,0.0,14.5
2025-07-02T00:00,25.4,84,100,0.0,14.8
2025-07-02T01:00,25.1,86,100,0.0,17.9
2025-07-02T02:00,24.8,85,100,0.0,20.0
2025-07-02T03:00,24.9,83,100,0.0,18.9
2025-07-02T04:00,25.1,81,100,0.0,17.5
2025-07-02T05:00,24.8,83,100,0.0,16.3
2025-07-02T06:00,26.8,73,100,7.0,19.4
2025-07-02T07:00,27.5,70,100,57.0,18.2
2025-07-02T08:00,29.1,64,100,210.0,19.6
2025-07-02T09:00,31.0,57,100,466.0,24.3
2025-07-02T10:00,32.7,50,100,639.0,25.7
2025-07-02T11:00,34.5,42,97,782.0,25.8
2025-07-02T12:00,36.0,38,100,877.0,23.1
2025-07-02T13:00,36.3,36,100,670.0,23.1
2025-07-02T14:00,26.8,74,100,259.0,27.8
2025-07-02T15:00,26.4,87,100,220.0,14.7
2025-07-02T16:00,28.6,68,100,242.0,11.1
2025-07-02T17:00,27.0,84,100,122.0,12.6
2025-07-02T18:00,28.0,68,100,79.0,13.6
2025-07-02T19:00,26.1,85,100,1.0,11.1
2025-07-02T20:00,25.7,88,100,0.0,13.5
2025-07-02T21:00,25.7,85,100,0.0,17.1
2025-07-02T22:00,26.3,77,100,0.0,17.6
2025-07-02T23:00,25.8,77,100,0.0,21.7
2025-07-03T00:00,25.2,82,100,0.0,21.4
2025-07-03T01:00,25.0,84,100,0.0,19.6
2025-07-03T02:00,24.9,84,100,0.0,19.6
2025-07-03T03:00,24.8,84,100,0.0,18.3
2025-07-03T04:00,24.7,84,100,0.0,19.0
2025-07-03T05:00,24.9,81,100,0.0,19.3
2025-07-03T06:00,25.9,75,100,5.0,16.2
2025-07-03T07:00,26.8,73,100,81.0,19.0
2025-07-03T08:00,28.5,67,99,330.0,22.9
2025-07-03T09:00,30.9,56,99,536.0,28.1
2025-07-03T10:00,31.5,52,100,469.0,29.3
2025-07-03T11:00,31.1,51,100,316.0,27.8
2025-07-03T12:00,31.4,49,100,375.0,29.3
2025-07-03T13:00,33.5,44,100,780.0,28.6
2025-07-03T14:00,34.4,42,79,808.0,26.3
2025-07-03T15:00,34.4,42,88,659.0,25.3
2025-07-03T16:00,28.7,66,100,425.0,28.4
2025-07-03T17:00,28.9,65,100,142.0,17.9
2025-07-03T18:00,29.7,61,100,55.0,16.3
2025-07-03T19:00,28.3,67,100,2.0,26.1
2025-07-03T20:00,27.8,71,100,0.0,21.3
2025-07-03T21:00,27.6,71,100,0.0,21.3
2025-07-03T22:00,27.3,70,100,0.0,21.3
2025-07-03T23:00,26.9,69,100,0.0,19.9
2025-07-04T00:00,26.7,70,100,0.0,20.5
2025-07-04T01:00,26.4,71,100,0.0,20.3
2025-07-04T02:00,25.9,72,100,0.0,21.8
2025-07-04T03:00,25.6,73,100,0.0,21.4
2025-07-04T04:00,25.3,75,100,0.0,19.7
2025-07-04T05:00,25.2,75,100,0.0,17.9
2025-07-04T06:00,26.0,73,100,15.0,19.7
2025-07-04T07:00,27.6,67,100,138.0,17.8
2025-07-04T08:00,29.6,59,97,342.0,29.3
2025-07-04T09:00,31.3,52,100,507.0,29.4
2025-07-04T10:00,32.5,48,100,626.0,30.6
2025-07-04T11:00,33.7,44,98,655.0,26.2
2025-07-04T12:00,35.4,40,100,848.0,26.9
2025-07-04T13:00,35.8,38,100,876.0,26.7
2025-07-04T14:00,36.3,37,100,795.0,25.2
2025-07-04T15:00,36.4,35,100,593.0,26.6
2025-07-04T16:00,33.3,44,100,344.0,26.3
2025-07-04T17:00,33.5,43,100,222.0,28.1
2025-07-04T18:00,31.2,51,100,36.0,14.8
2025-07-04T19:00,30.6,54,100,3.0,18.0
2025-07-04T20:00,30.1,55,100,0.0,16.4
2025-07-04T21:00,29.6,58,100,0.0,17.6
2025-07-04T22:00,28.6,62,100,0.0,20.1
2025-07-04T23:00,27.8,66,100,0.0,19.9
2025-07-05T00:00,27.1,69,100,0.0,19.9
2025-07-05T01:00,26.6,71,100,0.0,20.5
2025-07-05T02:00,26.3,72,100,0.0,19.6
2025-07-05T03:00,26.1,72,100,0.0,19.6
2025-07-05T04:00,26.1,72,100,0.0,18.7
2025-07-05T05:00,26.1,72,100,0.0,18.7
2025-07-05T06:00,27.1,72,100,12.0,17.1
2025-07-05T07:00,27.4,71,100,53.0,18.5
2025-07-05T08:00,28.2,66,100,121.0,22.6
2025-07-05T09:00,30.9,55,100,509.0,27.0
2025-07-05T10:00,31.5,52,100,377.0,26.9
2025-07-05T11:00,33.8,43,100,711.0,28.5
2025-07-05T12:00,35.2,39,100,783.0,29.0
2025-07-05T13:00,36.2,37,100,818.0,28.1
2025-07-05T14:00,33.3,44,100,708.0,31.7
2025-07-05T15:00,33.6,43,100,473.0,29.4
2025-07-05T16:00,34.1,41,100,366.0,28.6
2025-07-05T17:00,32.9,45,100,205.0,30.1
2025-07-05T18:00,32.6,45,100,78.0,23.6
2025-07-05T19:00,31.1,51,100,3.0,23.2
2025-07-05T20:00,30.5,53,100,0.0,23.5
2025-07-05T21:00,29.6,57,100,0.0,25.7
2025-07-05T22:00,28.8,61,100,0.0,24.9
2025-07-05T23:00,27.9,64,100,0.0,24.6
2025-07-06T00:00,27.3,67,100,0.0,22.9
2025-07-06T01:00,26.9,69,100,0.0,21.5
2025-07-06T02:00,26.4,72,100,0.0,20.9
2025-07-06T03:00,26.3,71,100,0.0,22.9
2025-07-06T04:00,26.2,71,100,0.0,21.5
2025-07-06T05:00,26.1,71,100,0.0,20.4
2025-07-06T06:00,27.1,71,100,11.0,16.7
2025-07-06T07:00,27.9,68,100,109.0,19.0
2025-07-06T08:00,29.3,62,100,289.0,24.1
2025-07-06T09:00,30.7,54,100,471.0,32.5
2025-07-06T10:00,32.7,46,100,567.0,29.5
2025-07-06T11:00,33.6,43,100,695.0,32.6
2025-07-06T12:00,34.5,42,100,792.0,30.8
2025-07-06T13:00,35.5,38,100,846.0,31.4
2025-07-06T14:00,35.0,38,100,451.0,29.9
2025-07-06T15:00,34.8,37,100,405.0,27.4
2025-07-06T16:00,33.6,41,100,277.0,27.4
2025-07-06T17:00,33.4,40,100,182.0,28.6
2025-07-06T18:00,31.4,49,100,49.0,23.3
2025-07-06T19:00,29.8,55,100,2.0,18.9
2025-07-06T20:00,30.1,54,100,0.0,21.6
2025-07-06T21:00,29.2,58,100,0.0,25.8
2025-07-06T22:00,28.4,62,100,0.0,24.9
2025-07-06T23:00,27.7,65,100,0.0,24.7
2025-07-07T00:00,27.1,69,100,0.0,23.4
2025-07-07T01:00,26.8,69,100,0.0,23.0
2025-07-07T02:00,26.4,71,100,0.0,22.1
2025-07-07T03:00,26.3,72,100,0.0,22.6
2025-07-07T04:00,26.1,72,100,0.0,24.0
2025-07-07T05:00,25.8,73,100,0.0,22.3
2025-07-07T06:00,27.0,68,100,12.0,21.3
2025-07-07T07:00,28.0,65,100,106.0,21.9
2025-07-07T08:00,29.4,60,100,256.0,27.0
2025-07-07T09:00,30.8,53,100,402.0,32.6
2025-07-07T10:00,31.3,51,100,354.0,31.7
2025-07-07T11:00,31.9,48,100,477.0,31.7
2025-07-07T12:00,32.8,45,100,321.0,29.7
2025-07-07T13:00,34.9,39,100,659.0,29.7
2025-07-07T14:00,34.9,39,100,539.0,29.9
2025-07-07T15:00,33.9,42,100,485.0,29.6
2025-07-07T16:00,33.7,42,100,301.0,28.4
2025-07-07T17:00,33.3,42,99,233.0,27.0
2025-07-07T18:00,32.8,43,100,50.0,22.4
2025-07-07T19:00,31.6,48,100,2.0,21.5
2025-07-07T20:00,30.6,51,100,0.0,25.1
2025-07-07T21:00,29.5,56,100,0.0,24.5
2025-07-07T22:00,28.8,59,100,0.0,24.3
2025-07-07T23:00,28.4,62,100,0.0,22.4
2025-07-08T00:00,27.6,66,100,0.0,22.9
2025-07-08T01:00,26.7,70,100,0.0,22.7
2025-07-08T02:00,26.3,72,100,0.0,21.6
2025-07-08T03:00,25.9,74,100,0.0,20.5
2025-07-08T04:00,25.6,75,100,0.0,19.4
2025-07-08T05:00,25.5,74,100,0.0,19.2
2025-07-08T06:00,27.1,71,90,14.0,18.0
2025-07-08T07:00,28.3,66,22,151.0,21.9
2025-07-08T08:00,30.0,58,26,361.0,27.4
2025-07-08T09:00,31.8,51,31,553.0,29.5
2025-07-08T10:00,33.3,47,99,694.0,28.8
2025-07-08T11:00,34.7,42,98,817.0,30.2
2025-07-08T12:00,36.1,37,100,882.0,31.4
2025-07-08T13:00,36.7,35,99,844.0,30.2
2025-07-08T14:00,36.4,34,88,651.0,30.0
2025-07-08T15:00,37.0,33,98,659.0,27.9
2025-07-08T16:00,35.2,36,100,494.0,30.1
2025-07-08T17:00,33.8,42,100,289.0,29.8
2025-07-08T18:00,32.6,44,100,88.0,25.8
2025-07-08T19:00,31.4,48,100,2.0,22.6
2025-07-08T20:00,30.6,52,100,0.0,19.8
2025-07-08T21:00,29.7,56,95,0.0,22.9
2025-07-08T22:00,28.4,64,100,0.0,22.9
2025-07-08T23:00,27.9,66,100,0.0,21.5
2025-07-09T00:00,27.4,69,100,0.0,21.8
2025-07-09T01:00,27.3,69,85,0.0,21.3
2025-07-09T02:00,27.1,68,100,0.0,21.9
2025-07-09T03:00,26.5,70,100,0.0,20.4
2025-07-09T04:00,26.4,71,92,0.0,19.6
2025-07-09T05:00,26.0,72,100,0.0,19.5
2025-07-09T06:00,27.1,70,97,12.0,19.3
2025-07-09T07:00,28.1,66,40,135.0,22.1
2025-07-09T08:00,29.7,59,17,356.0,25.3
2025-07-09T09:00,31.6,52,41,568.0,27.7
2025-07-09T10:00,33.6,45,47,723.0,25.4
2025-07-09T11:00,35.2,40,98,862.0,27.1
2025-07-09T12:00,35.7,38,98,815.0,27.3
2025-07-09T13:00,36.7,35,99,904.0,26.7
2025-07-09T14:00,36.6,34,98,714.0,27.6
2025-07-09T15:00,36.2,35,100,602.0,27.6
2025-07-09T16:00,35.8,35,97,472.0,29.7
2025-07-09T17:00,33.9,41,100,273.0,23.8
2025-07-09T18:00,33.3,41,94,92.0,21.1
2025-07-09T19:00,32.2,44,94,3.0,21.2
2025-07-09T20:00,31.2,49,97,0.0,24.3
2025-07-09T21:00,30.3,53,100,0.0,21.9
2025-07-09T22:00,29.7,56,91,0.0,21.9
2025-07-09T23:00,28.6,61,28,0.0,23.1
2025-07-10T00:00,27.7,66,7,0.0,22.6
2025-07-10T01:00,27.1,69,19,0.0,20.7
2025-07-10T02:00,26.6,71,9,0.0,20.3
2025-07-10T03:00,26.4,72,96,0.0,18.2
2025-07-10T04:00,26.1,73,100,0.0,17.7
2025-07-10T05:00,25.8,75,100,0.0,18.3
2025-07-10T06:00,27.0,71,100,14.0,17.7
2025-07-10T07:00,28.1,66,99,145.0,19.8
2025-07-10T08:00,29.9,58,96,339.0,24.3
2025-07-10T09:00,31.4,52,100,522.0,25.9
2025-07-10T10:00,32.9,46,100,657.0,25.7
2025-07-10T11:00,33.2,46,100,716.0,24.5
2025-07-10T12:00,34.4,44,100,693.0,20.4
2025-07-10T13:00,35.7,40,100,824.0,20.6
2025-07-10T14:00,36.4,38,100,782.0,19.5
2025-07-10T15:00,36.5,36,100,610.0,19.9
2025-07-10T16:00,36.0,37,100,370.0,20.2
2025-07-10T17:00,34.6,39,100,153.0,20.8
2025-07-10T18:00,33.7,40,100,89.0,12.5
2025-07-10T19:00,32.2,43,99,3.0,5.6
2025-07-10T20:00,31.6,44,100,0.0,12.2
2025-07-10T21:00,31.0,49,96,0.0,18.9
2025-07-10T22:00,29.9,55,32,0.0,15.8
2025-07-10T23:00,29.5,59,67,0.0,15.9
2025-07-11T00:00,29.2,61,47,0.0,19.0
2025-07-11T01:00,28.3,66,23,0.0,20.1
2025-07-11T02:00,27.6,69,67,0.0,20.4
2025-07-11T03:00,26.9,71,85,0.0,21.3
2025-07-11T04:00,26.4,73,89,0.0,21.1
2025-07-11T05:00,26.0,74,97,0.0,20.7
2025-07-11T06:00,27.0,70,98,13.0,16.4
2025-07-11T07:00,28.0,67,78,139.0,18.4
2025-07-11T08:00,29.6,60,45,337.0,18.4
2025-07-11T09:00,31.7,51,85,558.0,18.1
2025-07-11T10:00,33.4,44,93,700.0,16.9
2025-07-11T11:00,35.3,38,99,826.0,16.2
2025-07-11T12:00,36.7,34,94,893.0,16.2
2025-07-11T13:00,37.2,33,90,857.0,17.5
2025-07-11T14:00,37.3,32,91,723.0,16.1
2025-07-11T15:00,36.9,34,96,671.0,19.9
2025-07-11T16:00,33.7,44,80,473.0,15.9
2025-07-11T17:00,32.3,49,75,179.0,19.6
2025-07-11T18:00,29.2,62,62,92.0,16.2
2025-07-11T19:00,28.5,66,50,2.0,13.8
2025-07-11T20:00,28.3,68,45,0.0,18.0
2025-07-11T21:00,28.2,67,32,0.0,17.8
2025-07-11T22:00,27.5,71,34,0.0,16.4
2025-07-11T23:00,27.9,69,33,0.0,17.5
2025-07-12T00:00,27.6,68,69,0.0,18.1
2025-07-12T01:00,26.5,73,73,0.0,18.6
2025-07-12T02:00,26.5,73,86,0.0,18.2
2025-07-12T03:00,26.3,74,61,0.0,18.5
2025-07-12T04:00,26.0,75,76,0.0,18.7
2025-07-12T05:00,25.7,76,89,0.0,18.8
2025-07-12T06:00,26.9,70,37,14.0,16.2
2025-07-12T07:00,28.0,66,72,144.0,19.4
2025-07-12T08:00,29.5,61,91,358.0,20.0
2025-07-12T09:00,31.4,52,84,563.0,21.8
2025-07-12T10:00,33.1,46,99,722.0,21.3
2025-07-12T11:00,34.2,43,75,821.0,23.3
2025-07-12T12:00,32.7,50,79,828.0,23.1
2025-07-12T13:00,35.0,42,84,615.0,19.0
2025-07-12T14:00,30.8,59,89,750.0,22.0
2025-07-12T15:00,31.0,55,97,436.0,28.3
2025-07-12T16:00,31.0,55,100,332.0,18.9
2025-07-12T17:00,29.6,67,100,168.0,7.8
2025-07-12T18:00,31.1,52,8,90.0,17.0
2025-07-12T19:00,28.8,64,92,3.0,12.2
2025-07-12T20:00,29.2,62,100,0.0,11.7
2025-07-12T21:00,29.6,58,100,0.0,14.4
2025-07-12T22:00,29.2,59,100,0.0,14.2
2025-07-12T23:00,28.7,62,100,0.0,16.0
2025-07-13T00:00,28.3,63,100,0.0,19.3
2025-07-13T01:00,27.6,67,100,0.0,21.9
2025-07-13T02:00,27.0,70,100,0.0,21.8
2025-07-13T03:00,26.3,73,100,0.0,20.7
2025-07-13T04:00,25.9,75,100,0.0,19.4
2025-07-13T05:00,25.6,77,100,0.0,19.8
2025-07-13T06:00,26.6,72,100,13.0,17.5
2025-07-13T07:00,27.7,68,100,133.0,19.6
2025-07-13T08:00,29.4,61,100,330.0,22.2
2025-07-13T09:00,31.1,53,100,441.0,24.4
2025-07-13T10:00,32.6,49,100,629.0,23.4
2025-07-13T11:00,33.9,44,100,685.0,22.9
2025-07-13T12:00,35.1,41,100,784.0,22.5
2025-07-13T13:00,35.8,39,100,838.0,22.1
2025-07-13T14:00,36.4,37,100,757.0,21.9
2025-07-13T15:00,35.9,37,100,453.0,20.4
2025-07-13T16:00,32.0,49,100,339.0,24.2
2025-07-13T17:00,33.4,45,100,206.0,20.4
2025-07-13T18:00,32.1,50,100,79.0,17.0
2025-07-13T19:00,28.4,68,100,3.0,18.8
2025-07-13T20:00,28.2,64,100,0.0,19.3
2025-07-13T21:00,27.1,70,100,0.0,15.2
2025-07-13T22:00,27.1,73,100,0.0,11.5
2025-07-13T23:00,27.4,71,100,0.0,15.7
2025-07-14T00:00,27.5,68,100,0.0,19.8
2025-07-14T01:00,27.1,69,100,0.0,21.5
2025-07-14T02:00,26.5,71,100,0.0,21.3
2025-07-14T03:00,26.1,73,100,0.0,20.6
2025-07-14T04:00,25.7,75,100,0.0,19.9
2025-07-14T05:00,25.5,76,100,0.0,17.8
2025-07-14T06:00,26.6,73,100,13.0,16.4
2025-07-14T07:00,27.7,68,100,141.0,19.5
2025-07-14T08:00,29.5,60,100,342.0,24.5
2025-07-14T09:00,31.2,53,100,482.0,23.3
2025-07-14T10:00,32.8,49,100,669.0,23.8
2025-07-14T11:00,34.0,44,100,713.0,24.7
2025-07-14T12:00,35.4,40,100,855.0,26.0
2025-07-14T13:00,35.7,39,100,851.0,24.9
2025-07-14T14:00,35.9,39,100,643.0,22.2
2025-07-14T15:00,36.1,37,100,564.0,24.4
2025-07-14T16:00,32.8,48,100,343.0,28.0
2025-07-14T17:00,33.0,46,100,242.0,27.3
2025-07-14T18:00,31.6,52,100,88.0,23.6
2025-07-14T19:00,30.6,54,100,3.0,19.4
2025-07-14T20:00,30.1,55,100,0.0,23.9
2025-07-14T21:00,29.3,59,100,0.0,22.6
2025-07-14T22:00,28.6,62,100,0.0,25.2
2025-07-14T23:00,27.7,65,100,0.0,24.5
2025-07-15T00:00,27.1,67,100,0.0,23.5
2025-07-15T01:00,26.7,69,100,0.0,21.9
2025-07-15T02:00,26.3,70,100,0.0,20.9
2025-07-15T03:00,26.1,72,100,0.0,20.4
2025-07-15T04:00,25.9,73,100,0.0,20.3
2025-07-15T05:00,25.6,74,100,0.0,20.1
2025-07-15T06:00,26.7,70,100,13.0,19.9
2025-07-15T07:00,27.8,66,100,136.0,23.7
2025-07-15T08:00,29.5,59,100,347.0,24.0
2025-07-15T09:00,31.7,51,100,539.0,28.6
2025-07-15T10:00,32.8,48,100,577.0,26.9
2025-07-15T11:00,34.9,42,100,847.0,27.4
2025-07-15T12:00,32.7,48,100,683.0,32.7
2025-07-15T13:00,35.2,40,100,749.0,26.1
2025-07-15T14:00,36.2,38,100,728.0,27.4
2025-07-15T15:00,31.5,54,96,626.0,29.0
2025-07-15T16:00,33.7,45,98,446.0,22.2
2025-07-15T17:00,31.9,48,45,285.0,25.0
2025-07-15T18:00,31.6,50,51,81.0,18.7
2025-07-15T19:00,30.7,54,48,3.0,11.4
2025-07-15T20:00,29.9,58,27,0.0,8.8
2025-07-15T21:00,29.8,57,98,0.0,18.9
2025-07-15T22:00,29.2,60,73,0.0,20.7
2025-07-15T23:00,28.5,62,89,0.0,20.6
2025-07-16T00:00,27.6,66,91,0.0,21.1
2025-07-16T01:00,26.9,69,100,0.0,21.4
2025-07-16T02:00,26.4,71,97,0.0,20.4
2025-07-16T03:00,26.0,73,88,0.0,19.5
2025-07-16T04:00,25.8,74,100,0.0,19.4
2025-07-16T05:00,25.6,75,37,0.0,19.1
2025-07-16T06:00,27.1,71,91,12.0,14.7
2025-07-16T07:00,28.2,67,94,128.0,17.4
2025-07-16T08:00,30.3,58,97,336.0,21.3
2025-07-16T09:00,32.0,53,99,545.0,19.1
2025-07-16T10:00,33.7,47,100,683.0,19.5
2025-07-16T11:00,34.6,43,100,592.0,16.7
2025-07-16T12:00,35.0,42,100,586.0,14.6
2025-07-16T13:00,31.1,57,95,540.0,16.7
2025-07-16T14:00,35.0,43,99,611.0,10.7
2025-07-16T15:00,32.1,54,100,588.0,11.2
2025-07-16T16:00,30.4,61,100,338.0,13.0
2025-07-16T17:00,27.8,77,100,198.0,17.0
2025-07-16T18:00,32.4,48,100,99.0,14.7
2025-07-16T19:00,27.4,78,99,3.0,16.6
2025-07-16T20:00,27.0,82,100,0.0,6.3
2025-07-16T21:00,25.8,90,99,0.0,9.0
2025-07-16T22:00,24.9,94,100,0.0,4.1
2025-07-16T23:00,25.5,88,100,0.0,5.5
2025-07-17T00:00,24.7,93,100,0.0,9.7
2025-07-17T01:00,24.6,93,100,0.0,7.3
2025-07-17T02:00,24.3,92,100,0.0,14.6
2025-07-17T03:00,24.2,91,100,0.0,13.5
2025-07-17T04:00,24.3,90,100,0.0,13.6
2025-07-17T05:00,24.4,88,96,0.0,13.2
2025-07-17T06:00,25.6,83,100,10.0,16.3
2025-07-17T07:00,27.0,76,99,136.0,18.4
2025-07-17T08:00,28.7,67,100,295.0,21.0
2025-07-17T09:00,30.6,58,100,538.0,18.3
2025-07-17T10:00,31.7,54,100,613.0,15.9
2025-07-17T11:00,33.4,49,100,808.0,13.7
2025-07-17T12:00,34.5,45,100,846.0,12.9
2025-07-17T13:00,34.4,43,100,468.0,11.7
2025-07-17T14:00,35.2,41,100,438.0,10.1
2025-07-17T15:00,30.8,61,99,450.0,11.9
2025-07-17T16:00,32.4,53,100,398.0,6.3
2025-07-17T17:00,31.3,57,99,261.0,13.0
2025-07-17T18:00,33.0,45,97,81.0,12.6
2025-07-17T19:00,31.5,50,100,3.0,8.2
2025-07-17T20:00,30.6,53,100,0.0,14.4
2025-07-17T21:00,27.4,69,100,0.0,14.9
2025-07-17T22:00,26.6,78,100,0.0,11.6
2025-07-17T23:00,26.0,83,100,0.0,14.7
2025-07-18T00:00,24.7,86,100,0.0,18.1
2025-07-18T01:00,24.5,89,100,0.0,13.7
2025-07-18T02:00,24.5,88,100,0.0,15.0
2025-07-18T03:00,24.4,88,100,0.0,13.9
2025-07-18T04:00,24.4,88,100,0.0,12.5
2025-07-18T05:00,24.4,90,100,0.0,11.8
2025-07-18T06:00,25.3,84,100,10.0,11.1
2025-07-18T07:00,26.3,79,100,97.0,10.7
2025-07-18T08:00,27.6,73,100,232.0,11.2
2025-07-18T09:00,29.1,66,100,415.0,15.3
2025-07-18T10:00,30.8,57,100,614.0,14.1
2025-07-18T11:00,32.3,52,100,779.0,13.4
2025-07-18T12:00,32.5,50,100,689.0,10.6
2025-07-18T13:00,32.8,50,100,546.0,9.9
2025-07-18T14:00,32.8,50,100,530.0,10.0
2025-07-18T15:00,33.2,48,98,539.0,9.2
2025-07-18T16:00,32.7,51,85,432.0,10.0
2025-07-18T17:00,32.1,52,82,261.0,8.4
2025-07-18T18:00,30.4,59,59,92.0,4.5
2025-07-18T19:00,28.8,68,51,3.0,3.8
2025-07-18T20:00,25.8,84,97,0.0,27.4
2025-07-18T21:00,24.5,90,100,0.0,24.2
2025-07-18T22:00,24.7,87,100,0.0,20.0
2025-07-18T23:00,24.3,89,87,0.0,19.8
2025-07-19T00:00,24.0,91,100,0.0,16.0
2025-07-19T01:00,23.9,93,97,0.0,13.5
2025-07-19T02:00,24.0,91,97,0.0,14.9
2025-07-19T03:00,24.1,91,100,0.0,11.6
2025-07-19T04:00,24.3,89,81,0.0,12.5
2025-07-19T05:00,24.2,88,97,0.0,11.9
2025-07-19T06:00,25.9,81,98,5.0,11.0
2025-07-19T07:00,26.9,75,100,122.0,12.4
2025-07-19T08:00,28.4,69,99,310.0,13.0
2025-07-19T09:00,29.9,63,100,517.0,13.2
2025-07-19T10:00,30.9,59,70,609.0,11.8
2025-07-19T11:00,32.3,55,58,820.0,10.5
2025-07-19T12:00,33.4,50,60,871.0,9.3
2025-07-19T13:00,34.3,47,97,842.0,7.3
2025-07-19T14:00,34.8,44,100,716.0,7.7
2025-07-19T15:00,31.5,55,93,278.0,16.2
2025-07-19T16:00,28.9,69,98,255.0,11.5
2025-07-19T17:00,27.2,78,100,239.0,15.0
2025-07-19T18:00,29.7,63,100,65.0,3.4
2025-07-19T19:00,28.1,70,92,3.0,3.3
2025-07-19T20:00,26.8,77,80,0.0,16.3
2025-07-19T21:00,25.2,81,99,0.0,23.9
2025-07-19T22:00,25.0,85,100,0.0,18.8
2025-07-19T23:00,25.4,82,56,0.0,17.9
2025-07-20T00:00,25.2,82,51,0.0,18.1
2025-07-20T01:00,25.1,82,70,0.0,19.6
2025-07-20T02:00,25.1,81,93,0.0,18.6
2025-07-20T03:00,25.2,79,100,0.0,17.6
2025-07-20T04:00,25.2,79,100,0.0,17.3
2025-07-20T05:00,25.0,80,99,0.0,16.7
2025-07-20T06:00,25.6,79,99,12.0,16.8
2025-07-20T07:00,26.9,74,100,135.0,17.1
2025-07-20T08:00,28.3,68,98,323.0,18.4
2025-07-20T09:00,30.1,60,99,508.0,20.1
2025-07-20T10:00,31.2,57,100,708.0,17.4
2025-07-20T11:00,32.5,53,82,817.0,14.7
2025-07-20T12:00,33.9,46,100,894.0,12.9
2025-07-20T13:00,32.0,51,90,262.0,15.5
2025-07-20T14:00,30.6,59,48,329.0,13.4
2025-07-20T15:00,31.6,54,29,575.0,18.0
2025-07-20T16:00,32.0,53,21,462.0,15.7
2025-07-20T17:00,31.8,52,43,284.0,14.5
2025-07-20T18:00,31.7,49,100,67.0,5.1
2025-07-20T19:00,29.9,53,100,2.0,3.8
2025-07-20T20:00,26.7,70,100,0.0,3.2
2025-07-20T21:00,25.6,86,100,0.0,3.3
2025-07-20T22:00,25.5,89,100,0.0,11.8
2025-07-20T23:00,25.2,90,100,0.0,12.3
2025-07-21T00:00,24.8,90,100,0.0,15.8
2025-07-21T01:00,24.3,92,100,0.0,16.0
2025-07-21T02:00,24.1,92,100,0.0,17.6
2025-07-21T03:00,24.0,92,100,0.0,17.2
2025-07-21T04:00,24.0,93,100,0.0,16.1
2025-07-21T05:00,23.9,93,100,0.0,15.5
2025-07-21T06:00,24.2,94,100,4.0,12.9
2025-07-21T07:00,24.4,94,100,31.0,10.6
2025-07-21T08:00,25.7,85,100,172.0,15.1
2025-07-21T09:00,25.7,85,100,153.0,15.6
2025-07-21T10:00,27.1,76,100,272.0,17.8
2025-07-21T11:00,29.1,66,100,585.0,21.0
2025-07-21T12:00,30.0,62,100,719.0,20.4
2025-07-21T13:00,30.7,61,100,751.0,19.3
2025-07-21T14:00,31.0,59,100,578.0,17.8
2025-07-21T15:00,30.8,59,100,405.0,16.7
2025-07-21T16:00,31.0,57,100,271.0,20.7
2025-07-21T17:00,30.0,61,100,170.0,18.2
2025-07-21T18:00,29.7,60,100,86.0,13.4
2025-07-21T19:00,29.1,62,100,2.0,20.8
2025-07-21T20:00,25.8,78,100,0.0,22.6
2025-07-21T21:00,24.9,84,100,0.0,18.7
2025-07-21T22:00,24.5,92,100,0.0,17.5
2025-07-21T23:00,24.4,92,100,0.0,17.8
2025-07-22T00:00,24.1,93,100,0.0,19.6
2025-07-22T01:00,23.8,94,99,0.0,20.8
2025-07-22T02:00,24.0,91,100,0.0,20.9
2025-07-22T03:00,24.1,89,100,0.0,21.0
2025-07-22T04:00,24.1,89,100,0.0,20.8
2025-07-22T05:00,24.2,88,100,0.0,21.2
2025-07-22T06:00,24.3,88,82,11.0,17.9
2025-07-22T07:00,26.1,77,100,112.0,19.8
2025-07-22T08:00,27.6,70,100,275.0,21.5
2025-07-22T09:00,28.3,66,100,246.0,25.9
2025-07-22T10:00,29.8,61,100,486.0,24.9
2025-07-22T11:00,31.1,55,100,545.0,25.0
2025-07-22T12:00,31.3,54,100,459.0,23.1
2025-07-22T13:00,32.0,52,81,410.0,20.8
2025-07-22T14:00,33.6,46,100,753.0,21.3
2025-07-22T15:00,29.8,62,86,357.0,25.3
2025-07-22T16:00,30.4,60,88,345.0,14.8
2025-07-22T17:00,30.8,57,96,205.0,19.2
2025-07-22T18:00,26.6,77,31,84.0,24.9
2025-07-22T19:00,25.5,83,64,3.0,17.9
2025-07-22T20:00,25.8,83,75,0.0,21.3
2025-07-22T21:00,26.3,77,100,0.0,22.5
2025-07-22T22:00,26.3,76,96,0.0,23.5
2025-07-22T23:00,26.2,74,98,0.0,22.7
2025-07-23T00:00,26.1,74,100,0.0,23.3
2025-07-23T01:00,25.8,75,100,0.0,22.5
2025-07-23T02:00,25.6,76,100,0.0,23.9
2025-07-23T03:00,25.4,78,100,0.0,24.9
2025-07-23T04:00,25.3,79,100,0.0,24.2
2025-07-23T05:00,25.1,81,100,0.0,22.8
2025-07-23T06:00,25.5,79,100,9.0,21.7
2025-07-23T07:00,26.6,73,100,99.0,19.5
2025-07-23T08:00,26.8,72,100,117.0,22.3
2025-07-23T09:00,26.8,74,100,155.0,22.4
2025-07-23T10:00,27.2,73,100,212.0,23.0
2025-07-23T11:00,27.1,77,100,199.0,20.1
2025-07-23T12:00,29.5,60,100,269.0,23.4
2025-07-23T13:00,32.2,52,90,788.0,27.9
2025-07-23T14:00,31.8,52,95,765.0,26.2
2025-07-23T15:00,31.2,54,100,264.0,21.8
2025-07-23T16:00,30.4,56,100,303.0,22.7
2025-07-23T17:00,27.3,74,100,135.0,18.7
2025-07-23T18:00,26.4,78,100,44.0,19.0
2025-07-23T19:00,24.7,91,100,1.0,15.6
2025-07-23T20:00,24.9,89,100,0.0,19.6
2025-07-23T21:00,24.5,91,100,0.0,21.0
2025-07-23T22:00,24.2,92,100,0.0,18.9
2025-07-23T23:00,24.1,92,100,0.0,19.5
2025-07-24T00:00,24.0,92,100,0.0,21.0
2025-07-24T01:00,23.9,92,100,0.0,20.6
2025-07-24T02:00,23.7,92,100,0.0,21.3
2025-07-24T03:00,23.5,92,100,0.0,21.1
2025-07-24T04:00,23.4,92,100,0.0,20.8
2025-07-24T05:00,23.6,89,100,0.0,19.0
2025-07-24T06:00,23.8,89,100,7.0,18.4
2025-07-24T07:00,25.5,80,100,102.0,20.5
2025-07-24T08:00,26.2,77,100,134.0,18.5
2025-07-24T09:00,28.1,67,100,292.0,26.7
2025-07-24T10:00,29.4,62,100,439.0,26.5
2025-07-24T11:00,30.2,60,100,419.0,24.8
2025-07-24T12:00,28.1,71,100,669.0,26.7
2025-07-24T13:00,27.3,77,100,305.0,20.9
2025-07-24T14:00,28.2,68,100,292.0,24.8
2025-07-24T15:00,28.3,69,100,268.0,24.6
2025-07-24T16:00,27.4,74,100,167.0,18.7
2025-07-24T17:00,27.0,75,100,114.0,21.2
2025-07-24T18:00,26.9,75,100,18.0,19.2
2025-07-24T19:00,26.2,78,100,1.0,20.4
2025-07-24T20:00,26.1,78,100,0.0,20.5
2025-07-24T21:00,26.0,78,100,0.0,20.5
2025-07-24T22:00,25.8,80,100,0.0,19.9
2025-07-24T23:00,25.5,81,100,0.0,20.8
2025-07-25T00:00,25.2,82,100,0.0,22.5
2025-07-25T01:00,24.8,83,100,0.0,22.5
2025-07-25T02:00,24.3,85,100,0.0,21.9
2025-07-25T03:00,24.0,86,100,0.0,22.1
2025-07-25T04:00,24.2,85,100,0.0,22.4
2025-07-25T05:00,24.3,84,100,0.0,21.3
2025-07-25T06:00,25.3,80,100,9.0,17.3
2025-07-25T07:00,26.1,76,100,69.0,16.3
2025-07-25T08:00,27.3,70,100,208.0,18.7
2025-07-25T09:00,28.8,63,100,381.0,27.8
2025-07-25T10:00,29.8,60,100,445.0,28.5
2025-07-25T11:00,31.0,55,100,544.0,30.4
2025-07-25T12:00,31.5,54,100,584.0,30.1
2025-07-25T13:00,31.2,54,100,548.0,33.6
2025-07-25T14:00,31.5,54,100,499.0,30.3
2025-07-25T15:00,31.5,54,100,583.0,30.2
2025-07-25T16:00,30.2,58,100,401.0,33.1
2025-07-25T17:00,29.7,58,100,177.0,29.6
2025-07-25T18:00,28.7,64,100,46.0,26.8
2025-07-25T19:00,27.9,67,100,1.0,27.2
2025-07-25T20:00,26.8,73,100,0.0,25.7
2025-07-25T21:00,26.1,77,100,0.0,27.2
2025-07-25T22:00,24.6,89,100,0.0,24.5
2025-07-25T23:00,25.5,80,100,0.0,26.5
2025-07-26T00:00,25.8,75,100,0.0,26.2
2025-07-26T01:00,25.9,73,100,0.0,26.7
2025-07-26T02:00,25.7,74,100,0.0,27.6
2025-07-26T03:00,25.7,73,100,0.0,27.9
2025-07-26T04:00,25.6,73,100,0.0,26.7
2025-07-26T05:00,25.7,72,100,0.0,25.4
2025-07-26T06:00,26.4,72,100,6.0,24.4
2025-07-26T07:00,27.1,69,100,88.0,21.3
2025-07-26T08:00,28.0,66,100,229.0,27.1
2025-07-26T09:00,29.3,60,100,431.0,29.8
2025-07-26T10:00,30.8,56,100,650.0,30.9
2025-07-26T11:00,31.4,53,100,723.0,34.5
2025-07-26T12:00,32.1,50,100,714.0,35.2
2025-07-26T13:00,32.6,46,100,486.0,34.5
2025-07-26T14:00,31.7,49,100,370.0,30.4
2025-07-26T15:00,32.1,49,100,270.0,28.5
2025-07-26T16:00,31.0,54,100,412.0,25.9
2025-07-26T17:00,30.4,54,100,241.0,30.1
2025-07-26T18:00,29.9,55,100,55.0,23.7
2025-07-26T19:00,29.2,57,100,2.0,22.8
2025-07-26T20:00,28.4,60,100,0.0,24.4
2025-07-26T21:00,27.8,62,100,0.0,24.9
2025-07-26T22:00,27.2,66,100,0.0,25.8
2025-07-26T23:00,26.8,68,100,0.0,26.4
2025-07-27T00:00,26.4,70,100,0.0,24.6
2025-07-27T01:00,26.1,72,100,0.0,25.7
2025-07-27T02:00,25.9,71,100,0.0,26.5
2025-07-27T03:00,25.7,71,100,0.0,25.4
2025-07-27T04:00,25.6,71,100,0.0,24.9
2025-07-27T05:00,25.5,70,96,0.0,24.4
2025-07-27T06:00,26.1,70,100,6.0,23.9
2025-07-27T07:00,26.6,68,100,72.0,20.9
2025-07-27T08:00,27.8,63,100,243.0,24.3
2025-07-27T09:00,29.0,60,100,421.0,30.0
2025-07-27T10:00,30.5,54,96,595.0,32.3
2025-07-27T11:00,32.0,48,100,815.0,35.5
2025-07-27T12:00,31.5,48,97,516.0,30.6
2025-07-27T13:00,33.0,45,73,836.0,32.0
2025-07-27T14:00,33.3,44,72,745.0,31.7
2025-07-27T15:00,33.5,43,23,694.0,33.0
2025-07-27T16:00,32.7,45,9,474.0,33.2
2025-07-27T17:00,32.6,43,34,292.0,30.3
2025-07-27T18:00,30.5,50,71,94.0,24.0
2025-07-27T19:00,29.6,53,84,2.0,20.3
2025-07-27T20:00,28.9,55,100,0.0,21.7
2025-07-27T21:00,27.9,57,21,0.0,24.8
2025-07-27T22:00,27.2,61,2,0.0,25.3
2025-07-27T23:00,26.4,64,25,0.0,25.5
2025-07-28T00:00,25.8,67,39,0.0,25.5
2025-07-28T01:00,25.3,69,5,0.0,25.4
2025-07-28T02:00,24.9,72,1,0.0,24.2
2025-07-28T03:00,24.6,73,28,0.0,23.0
2025-07-28T04:00,24.5,73,16,0.0,22.4
2025-07-28T05:00,24.4,74,16,0.0,21.2
2025-07-28T06:00,25.4,73,13,10.0,18.2
2025-07-28T07:00,26.5,69,16,137.0,18.2
2025-07-28T08:00,28.0,63,97,345.0,29.6
2025-07-28T09:00,29.0,58,65,364.0,29.9
2025-07-28T10:00,30.3,54,88,457.0,29.8
2025-07-28T11:00,31.8,48,100,610.0,31.4
2025-07-28T12:00,31.4,50,100,393.0,28.5
2025-07-28T13:00,33.6,43,100,845.0,32.0
2025-07-28T14:00,34.0,42,99,715.0,30.4
2025-07-28T15:00,33.7,43,99,625.0,29.0
2025-07-28T16:00,33.4,43,100,480.0,28.2
2025-07-28T17:00,33.0,43,99,275.0,24.3
2025-07-28T18:00,31.3,48,94,94.0,20.0
2025-07-28T19:00,30.1,51,100,2.0,21.4
2025-07-28T20:00,29.3,54,100,0.0,18.9
2025-07-28T21:00,28.7,54,97,0.0,23.5
2025-07-28T22:00,27.8,58,93,0.0,24.4
2025-07-28T23:00,26.9,60,100,0.0,26.0
2025-07-29T00:00,26.1,63,100,0.0,25.9
2025-07-29T01:00,25.4,67,100,0.0,23.7
2025-07-29T02:00,25.0,70,100,0.0,23.2
2025-07-29T03:00,24.6,73,100,0.0,22.5
2025-07-29T04:00,24.5,73,100,0.0,21.3
2025-07-29T05:00,24.2,74,100,0.0,20.6
2025-07-29T06:00,25.4,73,100,10.0,19.2
2025-07-29T07:00,26.4,70,100,124.0,18.7
2025-07-29T08:00,28.0,64,100,323.0,30.1
2025-07-29T09:00,29.3,58,100,444.0,29.6
2025-07-29T10:00,31.0,51,100,673.0,32.7
2025-07-29T11:00,32.0,47,100,619.0,33.8
2025-07-29T12:00,32.3,47,100,554.0,30.6
2025-07-29T13:00,33.3,44,100,759.0,33.3
2025-07-29T14:00,33.8,42,100,781.0,33.7
2025-07-29T15:00,34.0,41,100,647.0,32.1
2025-07-29T16:00,33.2,42,100,470.0,31.6
2025-07-29T17:00,32.4,43,100,282.0,27.7
2025-07-29T18:00,31.1,47,100,89.0,18.5
2025-07-29T19:00,30.0,52,100,2.0,21.5
2025-07-29T20:00,29.3,55,100,0.0,21.4
2025-07-29T21:00,28.6,57,100,0.0,25.1
2025-07-29T22:00,28.0,58,100,0.0,25.5
2025-07-29T23:00,27.3,61,100,0.0,25.0
2025-07-30T00:00,26.5,66,100,0.0,25.5
2025-07-30T01:00,25.9,70,100,0.0,24.9
2025-07-30T02:00,25.5,71,100,0.0,24.3
2025-07-30T03:00,25.2,72,100,0.0,23.2
2025-07-30T04:00,25.0,73,100,0.0,22.2
2025-07-30T05:00,24.9,74,100,0.0,20.4
2025-07-30T06:00,25.7,73,100,10.0,18.4
2025-07-30T07:00,26.8,69,100,129.0,18.7
2025-07-30T08:00,28.0,64,100,311.0,25.6
2025-07-30T09:00,29.4,57,100,499.0,31.2
2025-07-30T10:00,30.5,52,100,456.0,29.8
2025-07-30T11:00,32.4,46,100,651.0,29.7
2025-07-30T12:00,32.5,46,91,567.0,27.5
2025-07-30T13:00,33.9,44,66,891.0,26.7
2025-07-30T14:00,34.8,41,99,856.0,24.5
2025-07-30T15:00,34.5,41,94,655.0,26.1
2025-07-30T16:00,33.6,43,86,445.0,24.6
2025-07-30T17:00,33.1,43,91,276.0,21.0
2025-07-30T18:00,31.4,49,100,88.0,24.5
2025-07-30T19:00,24.4,88,100,1.0,25.0
2025-07-30T20:00,25.2,84,100,0.0,8.1
2025-07-30T21:00,26.5,76,50,0.0,14.7
2025-07-30T22:00,26.1,75,30,0.0,7.2
2025-07-30T23:00,26.1,75,39,0.0,5.8
2025-07-31T00:00,26.8,69,97,0.0,14.9
2025-07-31T01:00,26.9,69,100,0.0,19.1
2025-07-31T02:00,26.2,71,100,0.0,20.0
2025-07-31T03:00,25.7,73,100,0.0,19.6
2025-07-31T04:00,25.3,75,100,0.0,16.8
2025-07-31T05:00,25.3,76,100,0.0,16.6
2025-07-31T06:00,26.5,73,100,6.0,17.7
2025-07-31T07:00,27.1,72,100,66.0,15.6
2025-07-31T08:00,28.3,67,100,196.0,20.5
2025-07-31T09:00,29.5,63,100,356.0,21.1
2025-07-31T10:00,31.0,57,100,639.0,21.9
2025-07-31T11:00,32.1,53,100,704.0,21.7
2025-07-31T12:00,32.6,51,100,669.0,21.9
2025-07-31T13:00,33.4,48,100,728.0,22.2
2025-07-31T14:00,33.8,46,100,643.0,21.4
2025-07-31T15:00,34.1,45,100,582.0,21.5
2025-07-31T16:00,33.8,46,100,446.0,21.7
2025-07-31T17:00,32.9,48,100,225.0,19.6
2025-07-31T18:00,31.5,51,17,90.0,13.8
2025-07-31T19:00,30.2,54,35,2.0,13.4
2025-07-31T20:00,29.9,55,53,0.0,14.3
2025-07-31T21:00,29.3,58,90,0.0,12.2
2025-07-31T22:00,28.7,60,97,0.0,14.1
2025-07-31T23:00,28.3,62,90,0.0,17.8
2025-08-01T00:00,27.8,65,100,0.0,19.4
2025-08-01T01:00,27.2,68,97,0.0,20.6
2025-08-01T02:00,26.4,71,91,0.0,19.4
2025-08-01T03:00,25.8,73,92,0.0,18.7
2025-08-01T04:00,25.3,75,96,0.0,18.0
2025-08-01T05:00,24.8,77,99,0.0,16.6
2025-08-01T06:00,25.9,73,100,9.0,15.0
2025-08-01T07:00,26.8,71,100,132.0,14.6
2025-08-01T08:00,28.4,65,100,344.0,20.3
2025-08-01T09:00,30.2,57,100,530.0,21.6
2025-08-01T10:00,30.5,56,100,396.0,19.7
2025-08-01T11:00,31.7,52,100,601.0,19.3
2025-08-01T12:00,33.1,47,99,866.0,19.4
2025-08-01T13:00,33.8,44,100,792.0,19.1
2025-08-01T14:00,34.3,42,100,659.0,18.8
2025-08-01T15:00,34.4,42,100,636.0,19.7
2025-08-01T16:00,33.7,43,99,389.0,18.4
2025-08-01T17:00,33.1,45,98,238.0,15.4
2025-08-01T18:00,31.5,49,48,93.0,10.2
2025-08-01T19:00,30.0,55,87,2.0,5.8
2025-08-01T20:00,29.1,59,81,0.0,5.2
2025-08-01T21:00,28.6,61,95,0.0,6.4
2025-08-01T22:00,28.2,62,96,0.0,7.8
2025-08-01T23:00,27.9,63,98,0.0,12.8
2025-08-02T00:00,27.6,65,100,0.0,16.0
2025-08-02T01:00,27.2,68,98,0.0,16.6
2025-08-02T02:00,26.8,71,99,0.0,16.8
2025-08-02T03:00,26.3,74,98,0.0,16.6
2025-08-02T04:00,26.0,76,100,0.0,17.4
2025-08-02T05:00,25.6,77,100,0.0,17.0
2025-08-02T06:00,26.3,75,100,9.0,14.8
2025-08-02T07:00,27.2,71,100,131.0,15.9
2025-08-02T08:00,28.5,66,100,334.0,16.0
2025-08-02T09:00,30.0,61,100,525.0,13.9
2025-08-02T10:00,31.6,52,100,677.0,13.1
2025-08-02T11:00,33.0,47,100,822.0,12.5
2025-08-02T12:00,34.0,43,100,861.0,11.4
2025-08-02T13:00,34.8,42,100,900.0,10.2
2025-08-02T14:00,35.1,41,100,803.0,9.7
2025-08-02T15:00,34.9,41,100,615.0,8.1
2025-08-02T16:00,34.3,43,100,483.0,10.4
2025-08-02T17:00,32.5,48,98,267.0,11.3
2025-08-02T18:00,32.0,49,100,94.0,5.0
2025-08-02T19:00,30.4,55,100,2.0,5.1
2025-08-02T20:00,29.9,56,99,0.0,10.8
2025-08-02T21:00,29.4,58,100,0.0,13.0
2025-08-02T22:00,28.5,65,100,0.0,18.9
2025-08-02T23:00,27.3,70,99,0.0,19.2
2025-08-03T00:00,26.0,77,89,0.0,21.8
2025-08-03T01:00,25.3,80,99,0.0,22.0
2025-08-03T02:00,24.8,83,84,0.0,20.6
2025-08-03T03:00,24.7,84,50,0.0,20.2
2025-08-03T04:00,24.6,84,94,0.0,17.8
2025-08-03T05:00,24.5,83,82,0.0,15.3
2025-08-03T06:00,25.5,76,100,8.0,18.3
2025-08-03T07:00,26.3,76,100,128.0,13.8
2025-08-03T08:00,28.2,72,86,341.0,13.3
2025-08-03T09:00,29.7,66,98,559.0,12.6
2025-08-03T10:00,30.9,62,100,667.0,9.3
2025-08-03T11:00,32.3,56,60,874.0,7.9
2025-08-03T12:00,33.1,53,97,881.0,6.8
2025-08-03T13:00,34.1,50,83,921.0,6.1
2025-08-03T14:00,34.5,48,56,809.0,6.3
2025-08-03T15:00,34.5,47,26,629.0,5.9
2025-08-03T16:00,34.3,46,96,497.0,5.6
2025-08-03T17:00,32.8,49,97,241.0,11.4
2025-08-03T18:00,31.3,54,97,82.0,2.1
2025-08-03T19:00,29.5,64,65,2.0,10.9
2025-08-03T20:00,28.6,68,85,0.0,4.9
2025-08-03T21:00,26.4,81,94,0.0,15.2
2025-08-03T22:00,25.8,86,100,0.0,7.2
2025-08-03T23:00,25.0,89,100,0.0,13.0
2025-08-04T00:00,24.2,92,98,0.0,9.8
2025-08-04T01:00,24.3,91,100,0.0,13.2
2025-08-04T02:00,24.5,90,100,0.0,11.3
2025-08-04T03:00,24.4,91,100,0.0,11.0
2025-08-04T04:00,24.3,91,99,0.0,9.8
2025-08-04T05:00,24.1,92,99,0.0,10.7
2025-08-04T06:00,26.2,83,100,7.0,13.2
2025-08-04T07:00,27.4,77,100,121.0,14.6
2025-08-04T08:00,28.7,71,100,283.0,14.7
2025-08-04T09:00,30.2,65,100,513.0,13.1
2025-08-04T10:00,31.7,60,100,722.0,11.3
2025-08-04T11:00,32.9,53,100,751.0,9.0
2025-08-04T12:00,34.5,46,100,860.0,7.3
2025-08-04T13:00,30.3,63,100,531.0,12.3
2025-08-04T14:00,32.0,54,100,631.0,2.5
2025-08-04T15:00,31.9,58,100,484.0,7.2
2025-08-04T16:00,32.1,55,100,405.0,6.1
2025-08-04T17:00,32.0,54,100,223.0,3.7
2025-08-04T18:00,32.0,52,100,88.0,5.1
2025-08-04T19:00,30.1,59,100,1.0,9.8
2025-08-04T20:00,28.8,65,13,0.0,4.4
2025-08-04T21:00,27.8,70,32,0.0,3.3
2025-08-04T22:00,27.4,71,90,0.0,3.2
2025-08-04T23:00,25.1,90,99,0.0,2.2
2025-08-05T00:00,25.0,91,96,0.0,11.5
2025-08-05T01:00,23.8,96,98,0.0,8.6
2025-08-05T02:00,23.6,96,100,0.0,13.4
2025-08-05T03:00,23.2,95,100,0.0,10.6
2025-08-05T04:00,23.3,94,100,0.0,6.7
2025-08-05T05:00,23.5,94,100,0.0,5.4
2025-08-05T06:00,24.9,94,100,7.0,7.2
2025-08-05T07:00,26.2,85,94,116.0,8.5
2025-08-05T08:00,28.2,73,100,341.0,8.1
2025-08-05T09:00,29.9,64,98,565.0,4.9
2025-08-05T10:00,31.2,60,94,735.0,3.3
2025-08-05T11:00,32.3,56,39,866.0,2.7
2025-08-05T12:00,33.1,53,99,906.0,2.9
2025-08-05T13:00,33.7,50,100,825.0,4.0
2025-08-05T14:00,34.1,48,100,638.0,5.1
2025-08-05T15:00,34.2,47,100,492.0,6.4
2025-08-05T16:00,31.9,54,98,252.0,11.7
2025-08-05T17:00,30.4,63,86,182.0,6.3
2025-08-05T18:00,31.4,56,94,86.0,8.1
2025-08-05T19:00,29.9,63,92,1.0,9.4
2025-08-05T20:00,29.3,68,86,0.0,11.3
2025-08-05T21:00,28.5,71,86,0.0,9.5
2025-08-05T22:00,25.7,84,93,0.0,19.9
2025-08-05T23:00,23.9,95,95,0.0,14.3
2025-08-06T00:00,24.3,95,83,0.0,8.6
2025-08-06T01:00,24.3,94,72,0.0,7.0
2025-08-06T02:00,24.1,94,91,0.0,5.7
2025-08-06T03:00,23.9,96,57,0.0,1.0
2025-08-06T04:00,23.7,97,22,0.0,2.4
2025-08-06T05:00,23.6,98,83,0.0,4.2
2025-08-06T06:00,24.9,92,92,8.0,6.0
2025-08-06T07:00,26.3,84,74,131.0,8.3
2025-08-06T08:00,27.9,74,91,346.0,8.5
2025-08-06T09:00,29.3,66,86,453.0,9.2
2025-08-06T10:00,30.8,59,81,703.0,7.0
2025-08-06T11:00,32.1,54,85,872.0,4.7
2025-08-06T12:00,33.0,50,88,916.0,4.4
2025-08-06T13:00,33.6,48,51,859.0,5.6
2025-08-06T14:00,34.1,46,44,835.0,5.3
2025-08-06T15:00,34.1,47,29,673.0,4.0
2025-08-06T16:00,34.1,47,34,500.0,4.7
2025-08-06T17:00,33.7,48,39,278.0,3.3
2025-08-06T18:00,31.6,55,39,78.0,3.0
2025-08-06T19:00,30.6,62,27,1.0,0.8
2025-08-06T20:00,29.7,64,80,0.0,2.2
2025-08-06T21:00,29.2,65,51,0.0,5.2
2025-08-06T22:00,28.5,69,59,0.0,5.3
2025-08-06T23:00,28.0,73,77,0.0,2.3
2025-08-07T00:00,27.8,74,70,0.0,2.9
2025-08-07T01:00,26.8,77,36,0.0,9.3
2025-08-07T02:00,26.5,78,81,0.0,4.5
2025-08-07T03:00,26.3,79,87,0.0,6.6
2025-08-07T04:00,26.0,81,52,0.0,11.2
2025-08-07T05:00,25.5,85,100,0.0,12.7
2025-08-07T06:00,26.2,84,100,7.0,9.0
2025-08-07T07:00,27.0,79,100,118.0,11.6
2025-08-07T08:00,28.2,72,100,269.0,10.6
2025-08-07T09:00,29.8,67,92,491.0,9.4
2025-08-07T10:00,31.8,58,100,752.0,7.9
2025-08-07T11:00,32.5,56,94,835.0,6.0
2025-08-07T12:00,32.9,53,37,849.0,4.5
2025-08-07T13:00,33.0,54,77,829.0,5.4
2025-08-07T14:00,33.3,54,46,712.0,5.8
2025-08-07T15:00,33.6,53,57,632.0,6.7
2025-08-07T16:00,30.3,65,75,369.0,7.8
2025-08-07T17:00,30.3,65,75,188.0,4.0
2025-08-07T18:00,30.6,59,100,31.0,3.3
2025-08-07T19:00,29.1,67,100,1.0,8.4
2025-08-07T20:00,28.3,72,100,0.0,7.1
2025-08-07T21:00,27.7,77,100,0.0,4.0
2025-08-07T22:00,27.3,81,95,0.0,3.2
2025-08-07T23:00,26.7,84,100,0.0,2.0
2025-08-08T00:00,26.3,85,99,0.0,5.2
2025-08-08T01:00,25.6,88,100,0.0,10.0
2025-08-08T02:00,25.1,91,100,0.0,5.0
2025-08-08T03:00,24.9,93,100,0.0,1.8
2025-08-08T04:00,25.0,91,100,0.0,4.7
2025-08-08T05:00,24.8,91,100,0.0,3.3
2025-08-08T06:00,25.2,85,100,1.0,6.8
2025-08-08T07:00,25.3,88,100,18.0,3.1
2025-08-08T08:00,25.6,87,100,92.0,4.4
2025-08-08T09:00,27.1,77,100,298.0,4.6
2025-08-08T10:00,28.5,69,100,430.0,1.3
2025-08-08T11:00,29.4,64,100,464.0,0.8
2025-08-08T12:00,30.0,61,100,470.0,1.3
2025-08-08T13:00,31.4,56,100,695.0,1.9
2025-08-08T14:00,31.8,54,100,529.0,3.8
2025-08-08T15:00,32.7,51,100,687.0,4.2
2025-08-08T16:00,32.2,52,100,479.0,3.3
2025-08-08T17:00,31.6,53,96,246.0,3.4
2025-08-08T18:00,30.8,55,100,75.0,4.8
2025-08-08T19:00,29.4,63,98,1.0,4.8
2025-08-08T20:00,28.5,71,98,0.0,2.8
2025-08-08T21:00,28.1,74,100,0.0,0.5
2025-08-08T22:00,23.4,92,100,0.0,18.0
2025-08-08T23:00,23.8,91,100,0.0,11.3
2025-08-09T00:00,23.8,93,100,0.0,7.0
2025-08-09T01:00,24.0,92,100,0.0,8.5
2025-08-09T02:00,24.0,92,100,0.0,8.5
2025-08-09T03:00,24.0,91,100,0.0,9.0
2025-08-09T04:00,23.9,91,100,0.0,7.5
2025-08-09T05:00,23.9,92,99,0.0,6.1
2025-08-09T06:00,24.9,91,88,4.0,3.4
2025-08-09T07:00,26.0,83,59,125.0,6.9
2025-08-09T08:00,27.7,73,96,308.0,13.6
2025-08-09T09:00,29.3,65,70,523.0,12.8
2025-08-09T10:00,30.6,61,92,681.0,11.8
2025-08-09T11:00,31.9,58,99,790.0,11.7
2025-08-09T12:00,32.9,53,97,865.0,11.3
2025-08-09T13:00,33.6,49,100,870.0,9.8
2025-08-09T14:00,34.0,46,97,812.0,9.3
2025-08-09T15:00,33.1,47,60,637.0,7.8
2025-08-09T16:00,30.9,58,86,451.0,6.7
2025-08-09T17:00,29.4,64,96,174.0,8.3
2025-08-09T18:00,29.2,64,100,75.0,2.7
2025-08-09T19:00,28.0,71,100,1.0,3.5
2025-08-09T20:00,27.5,74,100,0.0,3.1
2025-08-09T21:00,25.1,87,100,0.0,17.9
2025-08-09T22:00,23.9,90,100,0.0,13.3
2025-08-09T23:00,24.3,91,100,0.0,12.3
2025-08-10T00:00,24.1,92,100,0.0,9.4
2025-08-10T01:00,23.9,92,100,0.0,9.6
2025-08-10T02:00,23.7,92,100,0.0,10.3
2025-08-10T03:00,23.7,92,100,0.0,10.7
2025-08-10T04:00,23.6,92,100,0.0,10.0
2025-08-10T05:00,23.5,92,100,0.0,9.1
2025-08-10T06:00,24.2,92,100,6.0,8.5
2025-08-10T07:00,25.4,86,100,116.0,8.5
2025-08-10T08:00,26.4,79,100,187.0,10.9
2025-08-10T09:00,27.1,75,100,279.0,13.6
2025-08-10T10:00,28.4,68,100,398.0,12.4
2025-08-10T11:00,30.3,59,100,686.0,12.9
2025-08-10T12:00,30.9,57,100,672.0,10.3
2025-08-10T13:00,31.9,52,100,750.0,11.5
2025-08-10T14:00,32.2,49,100,539.0,12.6
2025-08-10T15:00,31.3,51,100,263.0,10.3
2025-08-10T16:00,31.7,49,100,315.0,11.7
2025-08-10T17:00,30.8,53,100,155.0,11.9
2025-08-10T18:00,27.4,69,100,51.0,12.2
2025-08-10T19:00,26.5,74,100,0.0,5.2
2025-08-10T20:00,26.4,78,99,0.0,12.8
2025-08-10T21:00,24.1,89,86,0.0,18.7
2025-08-10T22:00,23.4,92,100,0.0,12.1
2025-08-10T23:00,23.7,91,100,0.0,13.6
2025-08-11T00:00,23.5,92,100,0.0,14.6
2025-08-11T01:00,23.2,94,100,0.0,12.9
2025-08-11T02:00,23.4,93,100,0.0,13.4
2025-08-11T03:00,23.5,94,100,0.0,7.8
2025-08-11T04:00,23.6,95,99,0.0,6.3
2025-08-11T05:00,23.6,96,100,0.0,7.2
2025-08-11T06:00,24.9,84,100,4.0,11.3
2025-08-11T07:00,25.8,79,100,67.0,12.7
2025-08-11T08:00,27.7,69,100,313.0,17.3
2025-08-11T09:00,27.5,70,100,202.0,17.9
2025-08-11T10:00,28.4,65,100,240.0,17.2
2025-08-11T11:00,29.5,61,100,395.0,15.6
2025-08-11T12:00,30.1,59,100,378.0,15.2
2025-08-11T13:00,31.1,54,100,471.0,15.4
2025-08-11T14:00,31.6,51,97,516.0,18.9
2025-08-11T15:00,31.7,51,65,582.0,18.9
2025-08-11T16:00,31.7,50,31,506.0,19.0
2025-08-11T17:00,30.8,53,33,257.0,18.5
2025-08-11T18:00,29.7,56,65,77.0,12.5
2025-08-11T19:00,28.5,61,94,1.0,13.3
2025-08-11T20:00,27.8,65,73,0.0,15.5
2025-08-11T21:00,26.9,71,91,0.0,20.7
2025-08-11T22:00,25.7,78,98,0.0,19.9
2025-08-11T23:00,25.3,80,94,0.0,20.3
2025-08-12T00:00,24.9,82,100,0.0,20.8
2025-08-12T01:00,24.7,83,99,0.0,18.6
2025-08-12T02:00,24.6,83,100,0.0,18.4
2025-08-12T03:00,24.6,82,95,0.0,17.3
2025-08-12T04:00,24.5,81,100,0.0,17.2
2025-08-12T05:00,24.5,81,100,0.0,17.9
2025-08-12T06:00,24.0,87,100,4.0,19.3
2025-08-12T07:00,24.6,85,100,79.0,17.8
2025-08-12T08:00,25.5,81,100,169.0,18.5
2025-08-12T09:00,27.9,68,100,441.0,20.0
2025-08-12T10:00,29.6,59,100,540.0,20.9
2025-08-12T11:00,29.5,58,100,318.0,21.5
2025-08-12T12:00,30.9,53,97,569.0,19.6
2025-08-12T13:00,32.5,48,100,729.0,20.6
2025-08-12T14:00,29.5,59,100,447.0,18.7
2025-08-12T15:00,25.2,86,100,144.0,4.2
2025-08-12T16:00,27.1,78,100,192.0,8.0
2025-08-12T17:00,26.6,83,100,54.0,8.4
2025-08-12T18:00,27.2,70,100,42.0,11.5
2025-08-12T19:00,26.5,75,100,1.0,10.3
2025-08-12T20:00,26.4,74,100,0.0,12.5
2025-08-12T21:00,26.3,73,100,0.0,22.6
2025-08-12T22:00,25.2,77,100,0.0,22.4
2025-08-12T23:00,24.4,84,100,0.0,21.3
2025-08-13T00:00,24.4,83,100,0.0,20.4
2025-08-13T01:00,24.2,85,100,0.0,19.1
2025-08-13T02:00,24.3,85,100,0.0,18.9
2025-08-13T03:00,23.9,87,100,0.0,18.5
2025-08-13T04:00,23.4,92,100,0.0,18.6
2025-08-13T05:00,23.2,93,100,0.0,18.1
2025-08-13T06:00,24.5,82,100,3.0,17.1
2025-08-13T07:00,24.6,82,100,45.0,17.4
2025-08-13T08:00,25.1,82,100,122.0,18.2
2025-08-13T09:00,25.8,78,100,238.0,20.0
2025-08-13T10:00,26.9,73,100,356.0,19.6
2025-08-13T11:00,27.1,73,100,288.0,21.1
2025-08-13T12:00,27.0,75,100,320.0,20.2
2025-08-13T13:00,26.1,82,100,172.0,17.8
2025-08-13T14:00,27.6,71,100,392.0,18.4
2025-08-13T15:00,27.1,74,100,208.0,16.6
2025-08-13T16:00,26.7,77,100,123.0,14.4
2025-08-13T17:00,26.2,81,100,64.0,12.8
2025-08-13T18:00,25.2,88,100,20.0,9.7
2025-08-13T19:00,25.0,89,100,0.0,9.7
2025-08-13T20:00,24.6,89,100,0.0,13.8
2025-08-13T21:00,24.1,91,100,0.0,16.8
2025-08-13T22:00,23.9,92,100,0.0,17.3
2025-08-13T23:00,23.7,92,100,0.0,18.3
2025-08-14T00:00,23.5,92,100,0.0,18.1
2025-08-14T01:00,23.3,92,100,0.0,19.6
2025-08-14T02:00,23.1,92,100,0.0,18.7
2025-08-14T03:00,23.1,92,100,0.0,18.1
2025-08-14T04:00,23.1,93,100,0.0,17.1
2025-08-14T05:00,23.0,93,100,0.0,17.5
2025-08-14T06:00,23.3,93,100,3.0,14.3
2025-08-14T07:00,24.1,89,100,78.0,18.1
2025-08-14T08:00,25.4,82,100,193.0,17.9
2025-08-14T09:00,25.8,80,100,202.0,18.6
2025-08-14T10:00,27.2,74,100,360.0,22.3
2025-08-14T11:00,28.9,67,98,525.0,23.6
2025-08-14T12:00,28.5,66,98,751.0,26.1
2025-08-14T13:00,29.8,62,99,595.0,22.9
2025-08-14T14:00,29.8,58,100,567.0,23.4
2025-08-14T15:00,28.3,66,99,622.0,27.2
2025-08-14T16:00,27.1,77,98,270.0,14.2
2025-08-14T17:00,28.3,65,100,221.0,20.1
2025-08-14T18:00,28.0,65,91,68.0,13.8
2025-08-14T19:00,27.2,69,65,0.0,12.7
2025-08-14T20:00,26.2,74,42,0.0,13.6
2025-08-14T21:00,26.0,75,37,0.0,15.0
2025-08-14T22:00,25.9,75,33,0.0,16.3
2025-08-14T23:00,25.7,75,86,0.0,17.2
2025-08-15T00:00,25.4,75,70,0.0,18.8
2025-08-15T01:00,25.2,75,97,0.0,20.7
2025-08-15T02:00,24.8,77,92,0.0,21.4
2025-08-15T03:00,24.6,78,73,0.0,20.6
2025-08-15T04:00,24.7,77,95,0.0,19.6
2025-08-15T05:00,24.6,77,65,0.0,17.4
2025-08-15T06:00,25.1,78,98,6.0,16.4
2025-08-15T07:00,26.0,75,93,105.0,18.3
2025-08-15T08:00,27.7,68,97,310.0,23.9
2025-08-15T09:00,28.7,63,87,434.0,24.2
2025-08-15T10:00,30.1,56,100,617.0,26.1
2025-08-15T11:00,29.9,58,96,510.0,25.4
2025-08-15T12:00,31.4,53,56,814.0,26.0
2025-08-15T13:00,32.0,52,60,864.0,26.8
2025-08-15T14:00,31.1,57,78,804.0,26.1
2025-08-15T15:00,30.3,60,98,536.0,24.1
2025-08-15T16:00,31.2,54,100,493.0,24.4
2025-08-15T17:00,30.3,58,99,272.0,20.8
2025-08-15T18:00,28.1,69,99,77.0,17.8
2025-08-15T19:00,26.8,77,99,0.0,23.9
2025-08-15T20:00,25.6,83,99,0.0,20.7
2025-08-15T21:00,26.1,79,100,0.0,20.8
2025-08-15T22:00,25.9,78,100,0.0,20.8
2025-08-15T23:00,26.0,75,100,0.0,21.8
2025-08-16T00:00,25.6,76,100,0.0,21.1
2025-08-16T01:00,25.5,76,100,0.0,21.6
2025-08-16T02:00,25.2,77,100,0.0,22.4
2025-08-16T03:00,25.1,77,100,0.0,22.0
2025-08-16T04:00,25.1,77,100,0.0,20.4
2025-08-16T05:00,25.1,77,100,0.0,19.5
2025-08-16T06:00,25.3,78,100,6.0,22.2
2025-08-16T07:00,26.0,76,100,89.0,20.6
2025-08-16T08:00,27.2,72,100,241.0,23.2
2025-08-16T09:00,28.6,65,100,402.0,28.3
2025-08-16T10:00,29.7,60,100,518.0,27.0
2025-08-16T11:00,31.0,54,100,647.0,27.8
2025-08-16T12:00,32.2,49,100,760.0,28.0
2025-08-16T13:00,32.8,48,93,820.0,25.6
2025-08-16T14:00,30.1,59,100,604.0,22.3
2025-08-16T15:00,30.2,61,100,452.0,21.7
2025-08-16T16:00,29.2,64,100,336.0,17.8
2025-08-16T17:00,26.1,81,100,158.0,23.5
2025-08-16T18:00,29.0,62,100,53.0,19.8
2025-08-16T19:00,27.7,68,100,0.0,19.6
2025-08-16T20:00,26.5,77,100,0.0,17.2
2025-08-16T21:00,26.5,75,100,0.0,16.7
2025-08-16T22:00,25.5,82,100,0.0,18.9
2025-08-16T23:00,24.6,90,100,0.0,17.9
2025-08-17T00:00,24.5,88,100,0.0,21.1
2025-08-17T01:00,24.3,88,100,0.0,20.4
2025-08-17T02:00,24.1,88,100,0.0,20.1
2025-08-17T03:00,23.8,89,100,0.0,17.7
2025-08-17T04:00,23.7,89,100,0.0,17.5
2025-08-17T05:00,23.7,88,100,0.0,17.8
2025-08-17T06:00,24.6,86,100,6.0,16.8
2025-08-17T07:00,25.9,78,100,85.0,19.3
2025-08-17T08:00,26.8,73,100,167.0,20.4
2025-08-17T09:00,27.3,72,100,279.0,21.4
2025-08-17T10:00,26.9,76,100,210.0,21.2
2025-08-17T11:00,26.2,85,100,272.0,19.9
2025-08-17T12:00,27.1,77,100,287.0,18.6
2025-08-17T13:00,27.7,71,100,265.0,19.9
2025-08-17T14:00,28.4,68,100,326.0,20.9
2025-08-17T15:00,28.4,70,100,416.0,20.0
2025-08-17T16:00,26.9,81,100,124.0,13.0
2025-08-17T17:00,26.2,86,100,88.0,12.4
2025-08-17T18:00,25.4,82,100,23.0,18.8
2025-08-17T19:00,25.2,86,100,0.0,18.5
2025-08-17T20:00,24.5,89,100,0.0,20.3
2025-08-17T21:00,24.2,91,100,0.0,20.2
2025-08-17T22:00,23.9,91,100,0.0,18.7
2025-08-17T23:00,23.8,91,100,0.0,22.1
2025-08-18T00:00,23.7,91,100,0.0,25.2
2025-08-18T01:00,23.6,91,100,0.0,21.4
2025-08-18T02:00,23.4,92,100,0.0,19.8
2025-08-18T03:00,23.4,92,100,0.0,21.3
2025-08-18T04:00,23.3,91,100,0.0,23.5
2025-08-18T05:00,23.2,91,100,0.0,22.7
2025-08-18T06:00,23.7,90,100,2.0,20.0
2025-08-18T07:00,23.8,90,100,25.0,19.6
2025-08-18T08:00,24.0,91,100,70.0,19.9
2025-08-18T09:00,26.2,81,100,285.0,21.0
2025-08-18T10:00,26.0,82,100,131.0,21.0
2025-08-18T11:00,27.2,73,100,254.0,26.7
2025-08-18T12:00,27.2,73,100,239.0,26.4
2025-08-18T13:00,28.0,67,100,353.0,29.9
2025-08-18T14:00,28.9,63,100,403.0,32.4
2025-08-18T15:00,29.2,62,100,480.0,32.4
2025-08-18T16:00,28.6,63,99,324.0,31.6
2025-08-18T17:00,27.6,67,100,212.0,30.6
2025-08-18T18:00,26.6,75,100,23.0,23.6
2025-08-18T19:00,26.6,72,100,0.0,25.0
2025-08-18T20:00,25.9,73,100,0.0,26.9
2025-08-18T21:00,25.1,76,100,0.0,24.9
2025-08-18T22:00,24.6,77,100,0.0,27.1
2025-08-18T23:00,24.7,75,100,0.0,26.8
2025-08-19T00:00,24.2,78,100,0.0,23.8
2025-08-19T01:00,23.4,86,100,0.0,21.5
2025-08-19T02:00,23.0,90,100,0.0,21.1
2025-08-19T03:00,22.8,90,100,0.0,21.3
2025-08-19T04:00,22.9,89,100,0.0,19.5
2025-08-19T05:00,23.1,88,100,0.0,20.6
2025-08-19T06:00,24.6,78,100,4.0,22.1
2025-08-19T07:00,25.0,78,100,37.0,20.8
2025-08-19T08:00,25.5,78,100,111.0,19.7
2025-08-19T09:00,26.1,77,100,155.0,20.1
2025-08-19T10:00,27.9,67,100,376.0,30.0
2025-08-19T11:00,27.9,68,100,326.0,32.1
2025-08-19T12:00,27.4,70,100,236.0,26.9
2025-08-19T13:00,29.0,61,100,378.0,32.7
2025-08-19T14:00,28.9,61,100,351.0,34.2
2025-08-19T15:00,27.4,68,100,188.0,27.8
2025-08-19T16:00,26.6,74,100,78.0,25.8
2025-08-19T17:00,26.3,75,99,67.0,27.1
2025-08-19T18:00,25.7,80,100,22.0,25.2
2025-08-19T19:00,25.4,81,100,0.0,25.0
2025-08-19T20:00,25.2,81,100,0.0,24.5
2025-08-19T21:00,25.4,78,100,0.0,26.0
2025-08-19T22:00,25.2,77,100,0.0,25.2
2025-08-19T23:00,24.8,79,98,0.0,22.2
2025-08-20T00:00,24.3,83,97,0.0,21.2
2025-08-20T01:00,23.9,84,99,0.0,21.0
2025-08-20T02:00,24.0,83,100,0.0,19.9
2025-08-20T03:00,23.9,84,100,0.0,16.6
2025-08-20T04:00,24.2,81,99,0.0,18.3
2025-08-20T05:00,24.3,76,100,0.0,21.8
2025-08-20T06:00,25.1,76,100,7.0,17.4
2025-08-20T07:00,25.8,73,100,53.0,15.6
2025-08-20T08:00,26.7,69,100,166.0,19.3
2025-08-20T09:00,27.8,64,100,243.0,22.6
2025-08-20T10:00,29.3,57,100,289.0,27.6
2025-08-20T11:00,30.0,57,95,383.0,26.0
2025-08-20T12:00,31.5,52,98,625.0,23.9
2025-08-20T13:00,32.5,49,98,735.0,22.9
2025-08-20T14:00,30.8,56,99,713.0,26.3
2025-08-20T15:00,31.9,54,100,553.0,20.4
2025-08-20T16:00,28.9,67,100,406.0,23.6
2025-08-20T17:00,28.8,67,100,165.0,12.4
2025-08-20T18:00,28.9,64,85,59.0,12.3
2025-08-20T19:00,28.3,65,97,0.0,11.0
2025-08-20T20:00,27.8,65,99,0.0,11.7
2025-08-20T21:00,27.8,62,100,0.0,18.4
2025-08-20T22:00,27.1,66,100,0.0,19.9
2025-08-20T23:00,26.4,70,100,0.0,18.6
2025-08-21T00:00,26.0,71,93,0.0,17.8
2025-08-21T01:00,25.5,72,85,0.0,18.1
2025-08-21T02:00,25.1,73,88,0.0,17.9
2025-08-21T03:00,24.6,75,100,0.0,16.5
2025-08-21T04:00,24.3,77,42,0.0,15.7
2025-08-21T05:00,24.1,79,39,0.0,15.4
2025-08-21T06:00,25.1,76,13,7.0,13.5
2025-08-21T07:00,26.5,72,21,125.0,14.5
2025-08-21T08:00,28.0,66,88,329.0,22.9
2025-08-21T09:00,29.3,61,100,504.0,22.7
2025-08-21T10:00,30.0,58,99,452.0,20.4
2025-08-21T11:00,31.2,54,100,580.0,18.6
2025-08-21T12:00,31.9,52,100,679.0,16.6
2025-08-21T13:00,33.0,50,100,837.0,16.4
2025-08-21T14:00,33.4,49,100,779.0,15.5
2025-08-21T15:00,33.3,49,100,586.0,14.2
2025-08-21T16:00,33.0,48,100,443.0,14.9
2025-08-21T17:00,32.2,51,100,245.0,12.3
2025-08-21T18:00,29.9,62,100,72.0,3.5
2025-08-21T19:00,28.3,66,100,0.0,4.3
2025-08-21T20:00,27.8,68,100,0.0,6.0
2025-08-21T21:00,27.7,67,100,0.0,7.8
2025-08-21T22:00,27.2,70,100,0.0,9.3
2025-08-21T23:00,27.1,70,100,0.0,15.7
2025-08-22T00:00,26.8,72,99,0.0,16.8
2025-08-22T01:00,26.2,74,100,0.0,17.6
2025-08-22T02:00,25.8,76,100,0.0,18.9
2025-08-22T03:00,25.3,79,100,0.0,18.3
2025-08-22T04:00,24.8,81,100,0.0,16.5
2025-08-22T05:00,24.4,82,100,0.0,15.4
2025-08-22T06:00,25.3,80,100,7.0,14.6
2025-08-22T07:00,26.2,77,100,108.0,14.8
2025-08-22T08:00,27.5,72,100,290.0,15.0
2025-08-22T09:00,29.0,65,100,491.0,16.7
2025-08-22T10:00,30.8,57,100,687.0,17.8
2025-08-22T11:00,31.1,57,100,669.0,16.4
2025-08-22T12:00,32.4,54,100,861.0,15.3
2025-08-22T13:00,32.8,52,100,813.0,15.9
2025-08-22T14:00,32.6,52,100,579.0,12.1
2025-08-22T15:00,29.7,62,100,266.0,16.4
2025-08-22T16:00,29.8,63,100,246.0,11.4
2025-08-22T17:00,29.5,63,100,159.0,10.3
2025-08-22T18:00,28.6,63,100,65.0,5.2
2025-08-22T19:00,27.5,70,100,0.0,3.6
2025-08-22T20:00,26.9,71,100,0.0,4.3
2025-08-22T21:00,26.2,74,100,0.0,5.5
2025-08-22T22:00,25.9,76,100,0.0,5.9
2025-08-22T23:00,26.1,74,100,0.0,10.7
2025-08-23T00:00,26.3,71,100,0.0,14.5
2025-08-23T01:00,26.1,72,100,0.0,17.5
2025-08-23T02:00,25.8,75,100,0.0,18.6
2025-08-23T03:00,25.4,76,100,0.0,16.6
2025-08-23T04:00,24.9,78,100,0.0,15.6
2025-08-23T05:00,24.4,80,100,0.0,15.8
2025-08-23T06:00,24.6,79,100,7.0,15.5
2025-08-23T07:00,25.5,76,100,119.0,15.3
2025-08-23T08:00,26.7,71,100,301.0,16.2
2025-08-23T09:00,28.3,65,100,518.0,15.5
2025-08-23T10:00,29.9,60,100,737.0,13.7
2025-08-23T11:00,31.2,56,100,869.0,16.1
2025-08-23T12:00,32.4,51,100,919.0,16.5
2025-08-23T13:00,32.5,50,100,785.0,16.5
2025-08-23T14:00,33.0,48,100,757.0,15.6
2025-08-23T15:00,33.1,49,100,639.0,14.9
2025-08-23T16:00,32.7,49,100,408.0,14.0
2025-08-23T17:00,30.0,60,100,185.0,17.5
2025-08-23T18:00,29.6,57,100,47.0,10.2
2025-08-23T19:00,28.6,61,100,0.0,9.7
2025-08-23T20:00,28.1,63,100,0.0,12.8
2025-08-23T21:00,28.0,62,100,0.0,16.9
2025-08-23T22:00,27.5,65,100,0.0,15.7
2025-08-23T23:00,27.1,68,100,0.0,16.6
2025-08-24T00:00,26.6,70,100,0.0,18.0
2025-08-24T01:00,26.1,73,100,0.0,18.5
2025-08-24T02:00,25.5,75,100,0.0,18.3
2025-08-24T03:00,25.1,77,100,0.0,18.0
2025-08-24T04:00,24.7,78,100,0.0,17.2
2025-08-24T05:00,24.3,80,100,0.0,15.7
2025-08-24T06:00,25.1,78,100,7.0,16.3
2025-08-24T07:00,26.0,76,100,112.0,15.0
2025-08-24T08:00,27.3,70,96,316.0,17.9
2025-08-24T09:00,28.9,62,98,580.0,19.5
2025-08-24T10:00,30.4,56,100,756.0,18.9
2025-08-24T11:00,31.8,50,100,870.0,21.5
2025-08-24T12:00,32.8,47,100,912.0,21.3
2025-08-24T13:00,33.2,46,100,895.0,20.5
2025-08-24T14:00,33.8,44,100,826.0,20.3
2025-08-24T15:00,33.6,43,100,638.0,20.8
2025-08-24T16:00,33.0,44,100,486.0,21.4
2025-08-24T17:00,32.0,46,100,256.0,16.9
2025-08-24T18:00,29.9,52,52,66.0,9.6
2025-08-24T19:00,28.6,56,100,0.0,8.5
2025-08-24T20:00,28.1,58,100,0.0,9.8
2025-08-24T21:00,27.3,60,100,0.0,10.2
2025-08-24T22:00,27.0,61,100,0.0,12.0
2025-08-24T23:00,27.0,60,100,0.0,14.9
2025-08-25T00:00,26.5,63,98,0.0,17.9
2025-08-25T01:00,25.9,67,76,0.0,18.9
2025-08-25T02:00,25.2,71,99,0.0,18.7
2025-08-25T03:00,24.5,74,100,0.0,18.2
2025-08-25T04:00,24.1,75,99,0.0,17.3
2025-08-25T05:00,23.7,78,97,0.0,17.2
2025-08-25T06:00,24.4,77,8,7.0,16.7
2025-08-25T07:00,25.5,74,6,137.0,17.3
2025-08-25T08:00,26.9,68,73,364.0,19.3
2025-08-25T09:00,28.5,62,72,581.0,21.6
2025-08-25T10:00,30.3,54,74,754.0,21.6
2025-08-25T11:00,31.8,48,74,877.0,21.7
2025-08-25T12:00,32.9,44,97,931.0,20.8
2025-08-25T13:00,33.8,41,100,934.0,20.5
2025-08-25T14:00,33.7,40,100,787.0,19.8
2025-08-25T15:00,33.1,41,100,543.0,19.8
2025-08-25T16:00,32.0,45,100,294.0,17.9
2025-08-25T17:00,31.5,48,100,177.0,11.9
2025-08-25T18:00,29.8,52,100,42.0,9.6
2025-08-25T19:00,28.8,57,100,0.0,7.3
2025-08-25T20:00,27.9,61,100,0.0,5.8
2025-08-25T21:00,27.3,63,100,0.0,6.9
2025-08-25T22:00,26.5,66,100,0.0,7.7
2025-08-25T23:00,26.1,68,100,0.0,10.0
2025-08-26T00:00,26.3,67,100,0.0,15.9
2025-08-26T01:00,26.2,67,100,0.0,17.1
2025-08-26T02:00,25.7,70,100,0.0,17.9
2025-08-26T03:00,25.1,73,100,0.0,17.7
2025-08-26T04:00,24.8,75,100,0.0,18.0
2025-08-26T05:00,24.3,78,100,0.0,17.5
2025-08-26T06:00,24.9,76,77,7.0,16.8
2025-08-26T07:00,25.8,73,77,136.0,17.7
2025-08-26T08:00,27.3,68,27,361.0,19.8
2025-08-26T09:00,29.0,61,43,587.0,20.1
2025-08-26T10:00,30.6,55,46,768.0,20.0
2025-08-26T11:00,31.7,53,39,882.0,19.6
2025-08-26T12:00,32.1,52,61,831.0,18.6
2025-08-26T13:00,32.4,52,78,815.0,15.6
2025-08-26T14:00,31.9,50,100,756.0,22.7
2025-08-26T15:00,31.9,51,100,585.0,20.4
2025-08-26T16:00,30.7,55,100,433.0,19.0
2025-08-26T17:00,29.5,59,100,110.0,20.4
2025-08-26T18:00,29.6,60,100,59.0,9.4
2025-08-26T19:00,28.8,65,100,0.0,6.7
2025-08-26T20:00,26.8,72,100,0.0,16.9
2025-08-26T21:00,24.9,82,100,0.0,15.5
2025-08-26T22:00,24.8,84,100,0.0,17.7
2025-08-26T23:00,24.4,90,100,0.0,13.7
2025-08-27T00:00,24.0,92,100,0.0,15.8
2025-08-27T01:00,23.7,93,100,0.0,18.1
2025-08-27T02:00,23.6,93,100,0.0,19.0
2025-08-27T03:00,23.5,93,100,0.0,19.1
2025-08-27T04:00,23.6,91,100,0.0,19.1
2025-08-27T05:00,23.7,90,100,0.0,18.4
2025-08-27T06:00,24.1,93,100,3.0,16.3
2025-08-27T07:00,24.6,90,100,53.0,16.0
2025-08-27T08:00,25.7,82,100,141.0,15.6
2025-08-27T09:00,27.6,72,100,398.0,21.3
2025-08-27T10:00,29.0,66,100,565.0,20.6
2025-08-27T11:00,30.0,62,100,533.0,20.1
2025-08-27T12:00,30.6,59,100,556.0,20.6
2025-08-27T13:00,31.5,53,100,669.0,21.0
2025-08-27T14:00,29.4,63,100,393.0,16.7
2025-08-27T15:00,28.6,69,100,483.0,19.4
2025-08-27T16:00,28.7,69,100,309.0,19.0
2025-08-27T17:00,27.0,77,100,175.0,21.1
2025-08-27T18:00,26.8,77,100,42.0,10.5
2025-08-27T19:00,26.3,78,100,0.0,13.2
2025-08-27T20:00,26.1,77,100,0.0,13.4
2025-08-27T21:00,26.2,78,89,0.0,16.0
2025-08-27T22:00,25.8,77,100,0.0,18.1
2025-08-27T23:00,25.7,77,100,0.0,16.9
2025-08-28T00:00,24.9,82,100,0.0,18.0
2025-08-28T01:00,24.5,83,100,0.0,18.3
2025-08-28T02:00,23.9,90,100,0.0,17.5
2025-08-28T03:00,23.9,90,100,0.0,19.2
2025-08-28T04:00,23.8,89,100,0.0,18.6
2025-08-28T05:00,23.9,88,100,0.0,17.9
2025-08-28T06:00,24.2,91,100,2.0,18.4
2025-08-28T07:00,24.8,89,100,71.0,17.6
2025-08-28T08:00,26.5,79,100,202.0,16.8
2025-08-28T09:00,28.3,69,100,398.0,22.0
2025-08-28T10:00,30.1,63,100,673.0,20.6
2025-08-28T11:00,31.1,59,100,814.0,20.3
2025-08-28T12:00,31.8,54,100,810.0,21.1
2025-08-28T13:00,28.8,71,100,351.0,18.9
2025-08-28T14:00,28.1,71,97,574.0,21.4
2025-08-28T15:00,25.8,84,100,398.0,20.4
2025-08-28T16:00,25.9,86,96,235.0,14.2
2025-08-28T17:00,27.3,77,100,226.0,14.4
2025-08-28T18:00,26.2,83,100,17.0,14.9
2025-08-28T19:00,24.8,93,100,0.0,12.5
2025-08-28T20:00,24.5,93,100,0.0,16.8
2025-08-28T21:00,24.2,92,100,0.0,17.5
2025-08-28T22:00,23.5,94,92,0.0,14.4
2025-08-28T23:00,23.6,94,100,0.0,9.1
2025-08-29T00:00,23.6,95,100,0.0,7.6
2025-08-29T01:00,24.1,91,100,0.0,16.0
2025-08-29T02:00,24.2,87,100,0.0,17.8
2025-08-29T03:00,24.1,86,100,0.0,16.9
2025-08-29T04:00,24.2,83,100,0.0,17.6
2025-08-29T05:00,24.2,83,100,0.0,17.8
2025-08-29T06:00,25.0,80,100,6.0,15.9
2025-08-29T07:00,26.0,77,100,88.0,18.2
2025-08-29T08:00,27.3,70,100,250.0,21.5
2025-08-29T09:00,28.9,62,100,494.0,27.4
2025-08-29T10:00,29.8,59,100,540.0,24.7
2025-08-29T11:00,31.5,55,100,843.0,24.9
2025-08-29T12:00,32.3,53,100,911.0,25.2
2025-08-29T13:00,32.9,51,97,911.0,25.4
2025-08-29T14:00,31.8,53,100,812.0,26.1
2025-08-29T15:00,31.5,55,100,570.0,22.7
2025-08-29T16:00,30.4,61,100,299.0,22.4
2025-08-29T17:00,30.5,57,100,124.0,18.0
2025-08-29T18:00,29.2,59,100,29.0,19.6
2025-08-29T19:00,28.4,61,100,0.0,11.4
2025-08-29T20:00,28.4,62,100,0.0,10.6
2025-08-29T21:00,28.4,63,97,0.0,18.4
2025-08-29T22:00,27.6,66,80,0.0,19.4
2025-08-29T23:00,26.5,71,98,0.0,17.7
2025-08-30T00:00,25.9,74,100,0.0,14.7
2025-08-30T01:00,25.6,75,100,0.0,14.4
2025-08-30T02:00,25.3,76,98,0.0,14.4
2025-08-30T03:00,24.9,78,99,0.0,13.1
2025-08-30T04:00,24.6,80,98,0.0,11.8
2025-08-30T05:00,24.4,81,98,0.0,11.9
2025-08-30T06:00,25.7,77,97,6.0,12.4
2025-08-30T07:00,26.9,72,100,120.0,14.3
2025-08-30T08:00,28.4,66,100,348.0,19.6
2025-08-30T09:00,29.8,61,100,500.0,23.1
2025-08-30T10:00,30.8,57,100,577.0,21.6
2025-08-30T11:00,31.7,53,100,623.0,22.1
2025-08-30T12:00,32.8,49,100,735.0,22.5
2025-08-30T13:00,33.3,47,100,767.0,23.3
2025-08-30T14:00,33.5,47,100,776.0,22.9
2025-08-30T15:00,33.5,46,99,653.0,21.2
2025-08-30T16:00,33.2,45,93,462.0,20.6
2025-08-30T17:00,31.7,52,100,216.0,17.5
2025-08-30T18:00,30.9,55,36,52.0,10.5
2025-08-30T19:00,28.3,69,88,0.0,8.2
2025-08-30T20:00,27.3,77,99,0.0,2.8
2025-08-30T21:00,26.5,81,99,0.0,4.5
2025-08-30T22:00,26.1,84,24,0.0,4.6
2025-08-30T23:00,27.1,69,90,0.0,12.3
2025-08-31T00:00,27.3,67,86,0.0,20.2
2025-08-31T01:00,26.4,71,100,0.0,18.9
2025-08-31T02:00,25.9,74,86,0.0,17.2
2025-08-31T03:00,25.5,76,100,0.0,17.5
2025-08-31T04:00,25.2,77,100,0.0,17.4
2025-08-31T05:00,24.9,78,99,0.0,17.1
2025-08-31T06:00,25.6,77,30,6.0,15.0
2025-08-31T07:00,26.9,73,96,131.0,17.7
2025-08-31T08:00,28.2,67,70,341.0,23.3
2025-08-31T09:00,29.8,60,94,553.0,26.2
2025-08-31T10:00,30.7,56,58,641.0,25.1
2025-08-31T11:00,32.0,52,47,811.0,23.8
2025-08-31T12:00,32.4,51,65,773.0,21.5
2025-08-31T13:00,33.0,50,99,778.0,21.0
2025-08-31T14:00,32.0,56,99,783.0,17.7
2025-08-31T15:00,30.9,59,100,649.0,22.4
2025-08-31T16:00,29.1,67,100,341.0,19.5
2025-08-31T17:00,29.3,66,100,223.0,17.9
2025-08-31T18:00,28.8,70,100,38.0,13.5
2025-08-31T19:00,26.4,79,99,0.0,27.0
2025-08-31T20:00,25.2,86,95,0.0,18.4
2025-08-31T21:00,25.5,83,98,0.0,16.5
2025-08-31T22:00,26.0,79,98,0.0,17.6
2025-08-31T23:00,26.3,76,94,0.0,19.3
2025-09-01T00:00,26.1,75,88,0.0,21.1
2025-09-01T01:00,25.9,74,85,0.0,21.7
2025-09-01T02:00,25.5,76,98,0.0,21.1
2025-09-01T03:00,25.3,77,90,0.0,20.8
2025-09-01T04:00,25.2,77,100,0.0,20.7
2025-09-01T05:00,25.0,77,99,0.0,18.7
2025-09-01T06:00,25.9,75,100,6.0,18.4
2025-09-01T07:00,26.8,72,100,104.0,16.9
2025-09-01T08:00,28.1,67,100,294.0,24.3
2025-09-01T09:00,28.9,63,100,408.0,27.5
2025-09-01T10:00,29.6,60,100,402.0,24.8
2025-09-01T11:00,31.1,55,100,578.0,24.8
2025-09-01T12:00,31.3,54,100,479.0,24.6
2025-09-01T13:00,32.1,51,100,630.0,24.6
2025-09-01T14:00,31.9,52,90,591.0,23.6
2025-09-01T15:00,32.3,51,72,516.0,23.0
2025-09-01T16:00,31.5,54,99,418.0,20.3
2025-09-01T17:00,27.8,71,100,195.0,13.3
2025-09-01T18:00,29.8,58,100,41.0,12.3
2025-09-01T19:00,28.3,63,100,0.0,16.6
2025-09-01T20:00,28.3,62,100,0.0,19.1
2025-09-01T21:00,28.2,62,100,0.0,19.7
2025-09-01T22:00,27.7,64,100,0.0,22.7
2025-09-01T23:00,27.3,65,100,0.0,22.9
2025-09-02T00:00,26.8,66,100,0.0,23.2
2025-09-02T01:00,26.1,69,99,0.0,22.8
2025-09-02T02:00,25.5,72,99,0.0,21.8
2025-09-02T03:00,25.1,74,81,0.0,20.2
2025-09-02T04:00,25.0,75,61,0.0,19.8
2025-09-02T05:00,24.7,77,93,0.0,19.1
2025-09-02T06:00,25.6,74,100,6.0,19.6
2025-09-02T07:00,26.4,72,100,77.0,17.6
2025-09-02T08:00,28.1,65,100,312.0,28.1
2025-09-02T09:00,28.8,63,100,334.0,25.9
2025-09-02T10:00,30.4,58,100,601.0,25.3
2025-09-02T11:00,31.0,56,100,568.0,25.5
2025-09-02T12:00,31.8,54,100,631.0,24.4
2025-09-02T13:00,33.0,50,100,863.0,25.9
2025-09-02T14:00,28.3,71,100,279.0,17.6
2025-09-02T15:00,26.4,81,100,178.0,15.9
2025-09-02T16:00,26.9,84,100,153.0,12.9
2025-09-02T17:00,27.3,79,100,48.0,14.8
2025-09-02T18:00,25.1,91,100,19.0,12.0
2025-09-02T19:00,25.2,90,100,0.0,15.2
2025-09-02T20:00,24.5,92,100,0.0,17.4
2025-09-02T21:00,24.6,93,100,0.0,18.0
2025-09-02T22:00,24.4,92,100,0.0,20.4
2025-09-02T23:00,24.2,92,100,0.0,21.0
2025-09-03T00:00,24.2,91,100,0.0,21.9
2025-09-03T01:00,24.1,90,99,0.0,21.5
2025-09-03T02:00,24.0,89,100,0.0,22.6
2025-09-03T03:00,24.0,87,100,0.0,20.5
2025-09-03T04:00,24.0,85,100,0.0,19.7
2025-09-03T05:00,24.0,84,100,0.0,19.8
2025-09-03T06:00,24.7,83,100,5.0,17.8
2025-09-03T07:00,25.4,80,100,95.0,18.9
2025-09-03T08:00,26.1,76,100,232.0,19.7
2025-09-03T09:00,28.3,69,100,526.0,21.8
2025-09-03T10:00,29.8,63,100,697.0,23.4
2025-09-03T11:00,30.9,59,100,788.0,24.9
2025-09-03T12:00,31.9,53,100,858.0,24.3
2025-09-03T13:00,32.4,50,99,849.0,24.0
2025-09-03T14:00,32.5,50,100,742.0,23.4
2025-09-03T15:00,32.3,50,100,598.0,21.2
2025-09-03T16:00,32.0,51,95,399.0,19.8
2025-09-03T17:00,31.3,51,92,251.0,17.2
2025-09-03T18:00,29.7,56,98,51.0,7.8
2025-09-03T19:00,28.5,61,98,0.0,8.4
2025-09-03T20:00,28.2,62,100,0.0,10.7
2025-09-03T21:00,27.5,65,97,0.0,12.8
2025-09-03T22:00,27.2,67,100,0.0,17.3
2025-09-03T23:00,27.3,68,83,0.0,20.1
2025-09-04T00:00,26.5,70,99,0.0,19.0
2025-09-04T01:00,25.7,74,100,0.0,19.3
2025-09-04T02:00,25.2,76,100,0.0,20.9
2025-09-04T03:00,24.8,78,100,0.0,21.3
2025-09-04T04:00,24.4,80,99,0.0,21.0
2025-09-04T05:00,24.0,82,100,0.0,19.7
2025-09-04T06:00,24.9,79,99,7.0,15.8
2025-09-04T07:00,26.1,75,100,128.0,17.0
2025-09-04T08:00,27.5,69,99,349.0,19.3
2025-09-04T09:00,29.2,61,96,589.0,22.2
2025-09-04T10:00,30.4,55,97,756.0,22.7
2025-09-04T11:00,31.5,50,99,834.0,22.3
2025-09-04T12:00,32.5,47,100,943.0,23.0
2025-09-04T13:00,32.9,47,100,786.0,21.3
2025-09-04T14:00,33.6,45,98,836.0,21.2
2025-09-04T15:00,33.3,46,59,667.0,22.3
2025-09-04T16:00,32.9,46,28,473.0,21.4
2025-09-04T17:00,31.8,50,77,234.0,19.8
2025-09-04T18:00,30.4,54,2,53.0,11.3
2025-09-04T19:00,29.3,58,1,0.0,9.7
2025-09-04T20:00,28.1,64,94,0.0,8.5
2025-09-04T21:00,27.9,65,100,0.0,13.5
2025-09-04T22:00,27.8,65,4,0.0,17.1
2025-09-04T23:00,27.1,68,78,0.0,18.4
2025-09-05T00:00,26.3,71,12,0.0,18.7
2025-09-05T01:00,25.8,74,16,0.0,18.1
2025-09-05T02:00,25.3,76,2,0.0,18.4
2025-09-05T03:00,24.8,79,1,0.0,17.5
2025-09-05T04:00,24.4,81,3,0.0,17.4
2025-09-05T05:00,24.1,81,1,0.0,17.7
2025-09-05T06:00,24.8,79,65,6.0,15.0
2025-09-05T07:00,26.0,74,43,138.0,13.8
2025-09-05T08:00,27.6,68,80,366.0,16.0
2025-09-05T09:00,29.5,59,95,587.0,17.7
2025-09-05T10:00,30.7,55,93,762.0,18.7
2025-09-05T11:00,31.4,52,93,854.0,20.0
2025-09-05T12:00,32.1,50,84,881.0,18.7
2025-09-05T13:00,33.1,46,91,945.0,18.5
2025-09-05T14:00,33.3,45,22,850.0,18.2
2025-09-05T15:00,33.4,45,39,687.0,17.8
2025-09-05T16:00,32.8,45,18,471.0,18.2
2025-09-05T17:00,32.1,47,7,244.0,12.7
2025-09-05T18:00,29.5,52,6,52.0,6.4
2025-09-05T19:00,28.3,56,4,0.0,6.3
2025-09-05T20:00,28.1,58,3,0.0,8.6
2025-09-05T21:00,27.7,60,1,0.0,7.9
2025-09-05T22:00,27.5,61,3,0.0,10.9
2025-09-05T23:00,27.2,64,3,0.0,16.2
2025-09-06T00:00,26.8,68,0,0.0,17.3
2025-09-06T01:00,26.1,72,0,0.0,18.5
2025-09-06T02:00,25.5,75,0,0.0,18.5
2025-09-06T03:00,24.8,79,59,0.0,17.8
2025-09-06T04:00,24.4,81,17,0.0,17.6
2025-09-06T05:00,24.0,83,69,0.0,17.4
2025-09-06T06:00,24.9,78,87,6.0,17.4
2025-09-06T07:00,25.9,75,23,139.0,17.4
2025-09-06T08:00,27.4,69,0,369.0,16.8
2025-09-06T09:00,29.0,63,0,596.0,15.6
2025-09-06T10:00,30.6,57,1,785.0,15.5
2025-09-06T11:00,31.8,51,86,907.0,15.8
2025-09-06T12:00,32.6,47,79,894.0,15.0
2025-09-06T13:00,33.0,46,33,825.0,14.6
2025-09-06T14:00,33.3,45,20,749.0,13.9
2025-09-06T15:00,33.1,46,13,631.0,13.6
2025-09-06T16:00,32.8,46,14,464.0,13.4
2025-09-06T17:00,32.0,48,8,236.0,12.6
2025-09-06T18:00,29.7,54,6,49.0,5.4
2025-09-06T19:00,28.5,60,7,0.0,5.0
2025-09-06T20:00,27.6,64,9,0.0,4.9
2025-09-06T21:00,27.1,67,2,0.0,4.5
2025-09-06T22:00,26.6,69,0,0.0,5.5
2025-09-06T23:00,26.5,68,7,0.0,9.9
2025-09-07T00:00,26.2,70,33,0.0,13.9
2025-09-07T01:00,26.2,70,27,0.0,17.8
2025-09-07T02:00,25.8,73,64,0.0,18.2
2025-09-07T03:00,25.4,75,86,0.0,17.3
2025-09-07T04:00,24.8,79,99,0.0,15.5
2025-09-07T05:00,24.3,81,91,0.0,14.1
2025-09-07T06:00,25.1,79,72,6.0,15.3
2025-09-07T07:00,26.0,75,1,138.0,15.5
2025-09-07T08:00,27.5,69,83,369.0,16.2
2025-09-07T09:00,29.1,62,56,596.0,15.8
2025-09-07T10:00,30.5,56,96,777.0,16.1
2025-09-07T11:00,31.7,50,95,858.0,15.7
2025-09-07T12:00,32.7,46,88,940.0,16.0
2025-09-07T13:00,32.9,45,60,875.0,15.5
2025-09-07T14:00,33.3,43,99,742.0,14.1
2025-09-07T15:00,33.2,43,73,563.0,15.5
2025-09-07T16:00,32.2,47,40,369.0,16.2
2025-09-07T17:00,31.4,51,24,201.0,14.1
2025-09-07T18:00,29.4,60,70,46.0,9.8
2025-09-07T19:00,28.7,63,53,0.0,8.8
2025-09-07T20:00,28.0,67,83,0.0,6.0
2025-09-07T21:00,27.2,72,99,0.0,6.2
2025-09-07T22:00,26.8,75,100,0.0,8.6
2025-09-07T23:00,26.6,76,100,0.0,10.1
2025-09-08T00:00,26.6,72,100,0.0,13.4
2025-09-08T01:00,26.1,72,100,0.0,15.2
2025-09-08T02:00,25.6,73,100,0.0,16.4
2025-09-08T03:00,25.0,75,100,0.0,15.7
2025-09-08T04:00,24.5,77,100,0.0,15.1
2025-09-08T05:00,24.0,79,100,0.0,14.4
2025-09-08T06:00,24.6,78,100,6.0,13.5
2025-09-08T07:00,25.6,74,100,130.0,13.9
2025-09-08T08:00,27.0,69,100,342.0,15.5
2025-09-08T09:00,28.5,62,100,533.0,15.0
2025-09-08T10:00,30.2,55,100,747.0,13.6
2025-09-08T11:00,31.6,49,100,883.0,11.4
2025-09-08T12:00,32.6,45,100,960.0,10.8
2025-09-08T13:00,33.2,43,99,927.0,11.7
2025-09-08T14:00,33.6,43,31,847.0,13.5
2025-09-08T15:00,33.4,43,43,669.0,13.4
2025-09-08T16:00,33.0,42,30,451.0,11.6
2025-09-08T17:00,32.5,44,35,232.0,8.0
2025-09-08T18:00,30.8,48,72,40.0,9.0
2025-09-08T19:00,29.1,53,59,0.0,6.5
2025-09-08T20:00,28.2,57,24,0.0,6.7
2025-09-08T21:00,27.5,61,9,0.0,6.5
2025-09-08T22:00,27.0,64,100,0.0,7.5
2025-09-08T23:00,26.7,65,98,0.0,8.2
2025-09-09T00:00,26.4,66,1,0.0,9.9
2025-09-09T01:00,26.0,69,1,0.0,17.1
2025-09-09T02:00,25.4,73,1,0.0,15.0
2025-09-09T03:00,25.0,76,38,0.0,13.9
2025-09-09T04:00,24.7,78,25,0.0,12.1
2025-09-09T05:00,24.3,81,16,0.0,9.9
2025-09-09T06:00,25.3,79,2,6.0,11.3
2025-09-09T07:00,26.6,75,75,139.0,11.3
2025-09-09T08:00,28.4,68,16,368.0,10.8
2025-09-09T09:00,30.1,60,100,596.0,8.2
2025-09-09T10:00,31.2,54,93,700.0,5.6
2025-09-09T11:00,32.4,49,84,895.0,5.1
2025-09-09T12:00,33.0,46,33,876.0,4.6
2025-09-09T13:00,33.8,43,31,897.0,5.5
2025-09-09T14:00,34.0,42,46,795.0,7.4
2025-09-09T15:00,34.1,41,41,664.0,8.5
2025-09-09T16:00,33.7,42,24,469.0,9.6
2025-09-09T17:00,32.9,44,18,240.0,9.0
2025-09-09T18:00,30.6,51,3,45.0,5.8
2025-09-09T19:00,29.3,56,5,0.0,6.1
2025-09-09T20:00,28.5,60,11,0.0,5.9
2025-09-09T21:00,27.8,63,3,0.0,5.4
2025-09-09T22:00,27.4,66,3,0.0,5.4
2025-09-09T23:00,27.1,67,3,0.0,5.6
2025-09-10T00:00,26.7,69,4,0.0,5.8
2025-09-10T01:00,26.3,71,3,0.0,5.4
2025-09-10T02:00,25.9,73,2,0.0,4.9
2025-09-10T03:00,25.7,74,11,0.0,12.1
2025-09-10T04:00,25.2,74,5,0.0,14.4
2025-09-10T05:00,24.9,76,7,0.0,14.3
2025-09-10T06:00,26.3,75,76,6.0,9.5
2025-09-10T07:00,27.5,71,93,129.0,9.3
2025-09-10T08:00,29.1,65,33,353.0,6.7
2025-09-10T09:00,30.6,60,50,589.0,6.7
2025-09-10T10:00,31.7,55,100,675.0,8.9
2025-09-10T11:00,32.8,52,100,788.0,9.8
2025-09-10T12:00,34.1,47,100,940.0,10.1
2025-09-10T13:00,34.3,46,100,851.0,11.3
2025-09-10T14:00,34.3,46,100,754.0,11.2
2025-09-10T15:00,34.4,45,100,635.0,10.4
2025-09-10T16:00,33.9,46,100,432.0,10.3
2025-09-10T17:00,32.7,48,100,186.0,13.1
2025-09-10T18:00,30.8,54,100,34.0,5.9
2025-09-10T19:00,30.0,57,100,0.0,5.3
2025-09-10T20:00,29.9,58,99,0.0,6.7
2025-09-10T21:00,29.6,60,100,0.0,10.7
2025-09-10T22:00,28.6,64,98,0.0,15.3
2025-09-10T23:00,27.5,71,89,0.0,11.0
2025-09-11T00:00,26.7,80,100,0.0,0.7
2025-09-11T01:00,24.7,86,100,0.0,18.2
2025-09-11T02:00,23.6,96,100,0.0,14.4
2025-09-11T03:00,23.7,96,100,0.0,15.8
2025-09-11T04:00,23.6,94,100,0.0,14.8
2025-09-11T05:00,23.4,95,100,0.0,14.8
2025-09-11T06:00,24.0,94,100,1.0,14.8
2025-09-11T07:00,24.2,94,100,20.0,16.1
2025-09-11T08:00,24.4,93,100,53.0,15.4
2025-09-11T09:00,24.8,92,100,97.0,15.3
2025-09-11T10:00,26.1,83,100,219.0,16.1
2025-09-11T11:00,28.1,72,100,507.0,19.8
2025-09-11T12:00,29.9,66,100,878.0,18.8
2025-09-11T13:00,30.3,63,100,757.0,17.8
2025-09-11T14:00,30.8,61,100,774.0,18.5
2025-09-11T15:00,30.8,60,99,607.0,18.8
2025-09-11T16:00,30.5,60,62,416.0,17.3
2025-09-11T17:00,29.5,63,47,198.0,15.6
2025-09-11T18:00,27.7,72,100,37.0,10.0
2025-09-11T19:00,27.0,76,100,0.0,7.8
2025-09-11T20:00,26.5,78,100,0.0,6.5
2025-09-11T21:00,25.9,81,100,0.0,6.1
2025-09-11T22:00,25.4,82,100,0.0,8.9
2025-09-11T23:00,25.4,82,100,0.0,10.1
2025-09-12T00:00,25.1,83,100,0.0,11.4
2025-09-12T01:00,25.0,83,100,0.0,11.6
2025-09-12T02:00,24.8,85,100,0.0,12.8
2025-09-12T03:00,24.9,86,100,0.0,13.2
2025-09-12T04:00,24.9,86,100,0.0,12.1
2025-09-12T05:00,24.8,86,100,0.0,12.1
2025-09-12T06:00,24.5,89,100,4.0,13.8
2025-09-12T07:00,25.4,87,100,75.0,12.3
2025-09-12T08:00,27.1,77,100,269.0,14.1
2025-09-12T09:00,28.4,68,100,440.0,16.1
2025-09-12T10:00,29.5,62,100,557.0,15.3
2025-09-12T11:00,30.4,57,100,611.0,15.5
2025-09-12T12:00,31.1,54,100,723.0,15.2
2025-09-12T13:00,31.5,53,100,866.0,15.8
2025-09-12T14:00,28.8,68,99,608.0,17.1
2025-09-12T15:00,30.3,60,73,447.0,12.9
2025-09-12T16:00,30.7,58,98,429.0,13.0
2025-09-12T17:00,24.9,87,100,194.0,10.1
2025-09-12T18:00,26.3,79,100,30.0,8.1
2025-09-12T19:00,25.6,84,100,0.0,8.9
2025-09-12T20:00,25.5,84,100,0.0,10.9
2025-09-12T21:00,25.4,86,100,0.0,10.3
2025-09-12T22:00,25.3,87,100,0.0,10.0
2025-09-12T23:00,25.0,87,100,0.0,8.4
2025-09-13T00:00,24.6,87,100,0.0,7.0
2025-09-13T01:00,24.3,87,100,0.0,7.2
2025-09-13T02:00,24.0,88,95,0.0,9.1
2025-09-13T03:00,23.7,89,85,0.0,9.2
2025-09-13T04:00,23.5,89,95,0.0,8.9
2025-09-13T05:00,23.6,89,100,0.0,9.7
2025-09-13T06:00,23.8,94,100,3.0,9.9
2025-09-13T07:00,23.8,94,100,52.0,7.3
2025-09-13T08:00,25.3,87,100,109.0,7.7
2025-09-13T09:00,27.5,76,81,311.0,12.1
2025-09-13T10:00,29.7,64,99,670.0,15.6
2025-09-13T11:00,29.2,67,100,506.0,9.5
2025-09-13T12:00,30.2,62,100,477.0,10.1
2025-09-13T13:00,31.3,57,100,715.0,13.2
2025-09-13T14:00,31.0,59,100,581.0,11.6
2025-09-13T15:00,30.9,60,99,511.0,12.8
2025-09-13T16:00,29.6,64,96,361.0,13.0
2025-09-13T17:00,29.1,65,100,172.0,17.0
2025-09-13T18:00,27.0,76,100,27.0,8.8
2025-09-13T19:00,26.1,81,100,0.0,9.3
2025-09-13T20:00,25.7,82,100,0.0,9.4
2025-09-13T21:00,25.7,82,95,0.0,10.8
2025-09-13T22:00,25.4,82,40,0.0,10.6
2025-09-13T23:00,25.0,82,100,0.0,9.0
2025-09-14T00:00,24.7,83,92,0.0,8.9
2025-09-14T01:00,24.6,84,88,0.0,9.2
2025-09-14T02:00,24.4,85,84,0.0,11.0
2025-09-14T03:00,24.2,84,100,0.0,12.1
2025-09-14T04:00,24.1,83,100,0.0,12.9
2025-09-14T05:00,24.0,83,100,0.0,13.2
2025-09-14T06:00,25.0,79,100,6.0,12.0
2025-09-14T07:00,25.9,76,88,111.0,12.9
2025-09-14T08:00,27.4,70,84,353.0,15.8
2025-09-14T09:00,29.2,63,62,572.0,17.1
2025-09-14T10:00,30.8,55,91,703.0,16.4
2025-09-14T11:00,31.8,51,100,748.0,15.9
2025-09-14T12:00,31.8,51,21,625.0,14.8
2025-09-14T13:00,32.7,49,27,889.0,13.9
2025-09-14T14:00,33.0,49,68,808.0,12.6
2025-09-14T15:00,32.9,50,73,632.0,12.6
2025-09-14T16:00,32.6,50,94,449.0,11.7
2025-09-14T17:00,31.6,53,15,222.0,9.6
2025-09-14T18:00,29.5,66,70,29.0,2.5
2025-09-14T19:00,29.0,67,82,0.0,1.9
2025-09-14T20:00,28.4,67,71,0.0,8.7
2025-09-14T21:00,27.7,67,82,0.0,6.5
2025-09-14T22:00,27.7,66,96,0.0,17.3
2025-09-14T23:00,25.8,79,45,0.0,16.0
2025-09-15T00:00,24.9,85,99,0.0,15.2
2025-09-15T01:00,24.8,85,100,0.0,13.8
2025-09-15T02:00,24.9,84,100,0.0,13.5
2025-09-15T03:00,24.9,83,99,0.0,15.2
2025-09-15T04:00,24.8,83,100,0.0,14.4
2025-09-15T05:00,24.7,82,100,0.0,13.3
2025-09-15T06:00,25.4,78,100,6.0,14.0
2025-09-15T07:00,26.3,73,100,115.0,15.6
2025-09-15T08:00,27.3,70,100,282.0,15.6
2025-09-15T09:00,28.6,65,100,461.0,15.7
2025-09-15T10:00,30.3,60,99,683.0,15.6
2025-09-15T11:00,31.5,55,100,863.0,18.2
2025-09-15T12:00,32.3,54,100,866.0,17.7
2025-09-15T13:00,33.0,51,99,899.0,16.0
2025-09-15T14:00,33.4,50,80,823.0,15.2
2025-09-15T15:00,33.3,49,18,664.0,14.1
2025-09-15T16:00,32.6,51,79,458.0,15.5
2025-09-15T17:00,31.8,53,100,219.0,12.1
2025-09-15T18:00,30.0,57,100,32.0,8.7
2025-09-15T19:00,29.1,60,98,0.0,7.4
2025-09-15T20:00,28.6,62,100,0.0,7.3
2025-09-15T21:00,28.3,64,100,0.0,13.0
2025-09-15T22:00,27.7,68,100,0.0,13.2
2025-09-15T23:00,26.9,72,100,0.0,11.8
2025-09-16T00:00,26.3,76,100,0.0,11.9
2025-09-16T01:00,26.1,77,100,0.0,13.3
2025-09-16T02:00,23.8,91,100,0.0,8.7
2025-09-16T03:00,24.1,92,100,0.0,7.1
2025-09-16T04:00,24.0,91,100,0.0,9.4
2025-09-16T05:00,24.1,88,100,0.0,11.0
2025-09-16T06:00,25.0,81,100,5.0,9.5
2025-09-16T07:00,26.3,76,100,120.0,12.6
2025-09-16T08:00,27.5,70,100,271.0,17.2
2025-09-16T09:00,29.2,63,100,546.0,15.8
2025-09-16T10:00,29.2,64,100,362.0,14.3
2025-09-16T11:00,30.5,60,100,663.0,13.5
2025-09-16T12:00,31.7,57,100,871.0,13.9
2025-09-16T13:00,32.3,54,100,752.0,13.1
2025-09-16T14:00,32.8,53,100,805.0,10.1
2025-09-16T15:00,32.7,53,33,584.0,8.9
2025-09-16T16:00,31.4,55,51,428.0,10.7
2025-09-16T17:00,31.1,57,35,155.0,6.5
2025-09-16T18:00,29.0,63,93,34.0,5.5
2025-09-16T19:00,28.2,67,97,0.0,6.0
2025-09-16T20:00,27.7,72,70,0.0,7.4
2025-09-16T21:00,27.4,75,94,0.0,7.8
2025-09-16T22:00,26.9,78,94,0.0,8.3
2025-09-16T23:00,25.1,86,100,0.0,12.1
2025-09-17T00:00,24.5,92,100,0.0,3.8
2025-09-17T01:00,23.8,96,100,0.0,6.3
2025-09-17T02:00,23.7,97,99,0.0,6.8
2025-09-17T03:00,23.9,97,99,0.0,3.8
2025-09-17T04:00,23.8,97,100,0.0,3.8
2025-09-17T05:00,23.9,93,100,0.0,4.7
2025-09-17T06:00,24.5,90,99,4.0,8.0
2025-09-17T07:00,25.3,87,99,87.0,7.3
2025-09-17T08:00,26.7,78,96,252.0,8.4
2025-09-17T09:00,28.1,71,61,466.0,8.0
2025-09-17T10:00,29.7,64,98,683.0,7.7
2025-09-17T11:00,31.0,58,100,826.0,8.5
2025-09-17T12:00,31.6,56,100,878.0,7.5
2025-09-17T13:00,31.8,57,100,753.0,4.3
2025-09-17T14:00,31.8,57,100,673.0,2.3
2025-09-17T15:00,31.0,58,100,257.0,1.5
2025-09-17T16:00,30.5,61,99,209.0,7.0
2025-09-17T17:00,29.0,69,98,134.0,4.4
2025-09-17T18:00,29.1,67,98,32.0,2.3
2025-09-17T19:00,28.2,71,60,0.0,0.9
2025-09-17T20:00,27.3,77,32,0.0,1.1
2025-09-17T21:00,26.7,78,45,0.0,5.8
2025-09-17T22:00,24.1,93,100,0.0,14.3
2025-09-17T23:00,24.1,93,99,0.0,15.0
2025-09-18T00:00,23.7,94,100,0.0,15.5
2025-09-18T01:00,23.6,94,100,0.0,10.2
2025-09-18T02:00,23.3,95,93,0.0,11.2
2025-09-18T03:00,23.0,96,100,0.0,8.5
2025-09-18T04:00,23.1,93,95,0.0,10.6
2025-09-18T05:00,22.7,96,94,0.0,6.1
2025-09-18T06:00,24.6,89,97,6.0,10.8
2025-09-18T07:00,25.7,82,81,129.0,13.3
2025-09-18T08:00,27.4,75,35,358.0,10.1
2025-09-18T09:00,29.0,69,30,587.0,10.3
2025-09-18T10:00,30.1,63,32,680.0,10.7
2025-09-18T11:00,31.1,61,32,759.0,8.6
2025-09-18T12:00,32.2,56,100,859.0,9.0
2025-09-18T13:00,31.3,57,37,457.0,8.0
2025-09-18T14:00,28.9,68,54,653.0,8.7
2025-09-18T15:00,29.8,64,58,550.0,5.2
2025-09-18T16:00,30.3,61,70,385.0,7.6
2025-09-18T17:00,28.5,70,93,175.0,14.0
2025-09-18T18:00,28.2,72,36,29.0,1.3
2025-09-18T19:00,27.5,76,21,0.0,2.0
2025-09-18T20:00,26.0,82,67,0.0,14.2
2025-09-18T21:00,25.1,90,48,0.0,7.8
2025-09-18T22:00,23.3,96,99,0.0,16.1
2025-09-18T23:00,23.3,95,98,0.0,12.6
2025-09-19T00:00,23.2,96,100,0.0,8.8
2025-09-19T01:00,23.3,95,100,0.0,11.8
2025-09-19T02:00,23.3,95,93,0.0,9.6
2025-09-19T03:00,23.1,96,83,0.0,3.5
2025-09-19T04:00,23.0,97,87,0.0,8.1
2025-09-19T05:00,22.9,96,98,0.0,6.2
2025-09-19T06:00,24.2,84,100,6.0,15.8
2025-09-19T07:00,25.7,77,96,123.0,16.7
2025-09-19T08:00,27.1,73,91,348.0,16.2
2025-09-19T09:00,29.2,63,92,577.0,16.4
2025-09-19T10:00,30.0,61,79,621.0,14.4
2025-09-19T11:00,30.6,59,65,602.0,13.4
2025-09-19T12:00,31.9,56,38,907.0,11.7
2025-09-19T13:00,32.3,56,16,874.0,11.2
2025-09-19T14:00,32.7,54,100,795.0,11.1
2025-09-19T15:00,32.5,54,100,478.0,9.4
2025-09-19T16:00,28.2,75,89,189.0,15.9
2025-09-19T17:00,28.2,78,81,132.0,10.4
2025-09-19T18:00,27.4,74,56,29.0,11.4
2025-09-19T19:00,25.3,88,100,0.0,11.3
2025-09-19T20:00,24.0,95,100,0.0,13.6
2025-09-19T21:00,24.2,95,40,0.0,7.2
2025-09-19T22:00,23.9,97,37,0.0,7.2
2025-09-19T23:00,23.8,94,24,0.0,11.5
2025-09-20T00:00,23.5,92,100,0.0,14.5
2025-09-20T01:00,23.3,92,98,0.0,15.1
2025-09-20T02:00,22.9,94,75,0.0,16.6
2025-09-20T03:00,22.8,93,65,0.0,15.3
2025-09-20T04:00,22.7,94,63,0.0,10.8
2025-09-20T05:00,22.6,94,55,0.0,10.6
2025-09-20T06:00,24.3,93,33,5.0,10.4
2025-09-20T07:00,25.5,85,67,133.0,14.8
2025-09-20T08:00,27.2,74,99,338.0,18.5
2025-09-20T09:00,28.3,69,99,404.0,16.5
2025-09-20T10:00,29.9,64,100,696.0,15.7
2025-09-20T11:00,31.3,60,98,852.0,14.5
2025-09-20T12:00,32.3,57,100,924.0,13.7
2025-09-20T13:00,32.9,52,100,730.0,13.6
2025-09-20T14:00,28.0,75,100,175.0,8.9
2025-09-20T15:00,27.3,77,97,245.0,10.5
2025-09-20T16:00,28.4,70,99,423.0,10.9
2025-09-20T17:00,28.5,71,93,149.0,7.2
2025-09-20T18:00,27.6,73,100,26.0,5.4
2025-09-20T19:00,27.1,74,100,0.0,8.2
2025-09-20T20:00,26.7,75,100,0.0,9.0
2025-09-20T21:00,26.3,77,100,0.0,7.2
2025-09-20T22:00,25.9,79,100,0.0,8.7
2025-09-20T23:00,25.9,78,100,0.0,12.8
2025-09-21T00:00,25.7,79,100,0.0,12.8
2025-09-21T01:00,25.5,79,100,0.0,15.0
2025-09-21T02:00,25.2,80,100,0.0,14.2
2025-09-21T03:00,25.0,81,100,0.0,14.9
2025-09-21T04:00,24.8,82,100,0.0,14.8
2025-09-21T05:00,24.6,82,100,0.0,13.9
2025-09-21T06:00,25.2,82,100,3.0,12.8
2025-09-21T07:00,25.8,79,100,60.0,12.6
2025-09-21T08:00,26.5,76,100,150.0,13.9
2025-09-21T09:00,27.7,71,100,285.0,16.6
2025-09-21T10:00,28.8,67,100,363.0,14.6
2025-09-21T11:00,30.6,60,100,777.0,15.3
2025-09-21T12:00,31.6,58,97,830.0,14.2
2025-09-21T13:00,32.5,56,100,908.0,14.4
2025-09-21T14:00,31.1,59,87,759.0,14.6
2025-09-21T15:00,31.0,60,45,449.0,10.8
2025-09-21T16:00,31.1,58,56,347.0,12.6
2025-09-21T17:00,30.6,60,100,195.0,9.9
2025-09-21T18:00,28.6,67,100,20.0,7.6
2025-09-21T19:00,28.1,72,100,0.0,8.1
2025-09-21T20:00,27.5,75,100,0.0,8.7
2025-09-21T21:00,27.1,75,100,0.0,10.8
2025-09-21T22:00,26.1,76,100,0.0,21.6
2025-09-21T23:00,25.4,78,100,0.0,16.8
2025-09-22T00:00,25.1,81,100,0.0,15.5
2025-09-22T01:00,24.8,82,100,0.0,14.6
2025-09-22T02:00,24.5,84,100,0.0,17.3
2025-09-22T03:00,24.1,85,100,0.0,16.0
2025-09-22T04:00,24.2,86,100,0.0,14.2
2025-09-22T05:00,24.2,87,100,0.0,12.2
2025-09-22T06:00,24.3,90,100,4.0,13.1
2025-09-22T07:00,25.4,84,100,56.0,14.4
2025-09-22T08:00,26.6,78,100,178.0,15.1
2025-09-22T09:00,28.3,68,100,418.0,20.0
2025-09-22T10:00,29.3,64,99,484.0,18.0
2025-09-22T11:00,30.8,59,100,756.0,18.6
2025-09-22T12:00,31.5,56,100,724.0,16.9
2025-09-22T13:00,31.8,54,100,703.0,15.5
2025-09-22T14:00,29.1,65,99,553.0,18.3
2025-09-22T15:00,30.0,61,60,315.0,14.7
2025-09-22T16:00,30.2,61,47,402.0,14.3
2025-09-22T17:00,29.7,64,100,169.0,13.0
2025-09-22T18:00,27.0,74,100,23.0,9.6
2025-09-22T19:00,26.7,75,100,0.0,8.5
2025-09-22T20:00,26.4,78,100,0.0,8.1
2025-09-22T21:00,26.0,81,100,0.0,9.1
2025-09-22T22:00,26.3,80,100,0.0,15.7
2025-09-22T23:00,25.5,78,100,0.0,19.8
2025-09-23T00:00,24.9,81,100,0.0,18.3
2025-09-23T01:00,24.8,83,100,0.0,18.2
2025-09-23T02:00,24.7,84,100,0.0,16.2
2025-09-23T03:00,24.6,85,100,0.0,16.9
2025-09-23T04:00,24.5,84,100,0.0,16.9
2025-09-23T05:00,24.4,84,100,0.0,17.9
2025-09-23T06:00,24.9,83,100,3.0,17.9
2025-09-23T07:00,25.5,78,100,59.0,17.7
2025-09-23T08:00,26.7,73,100,215.0,18.9
2025-09-23T09:00,28.4,65,100,363.0,23.9
2025-09-23T10:00,29.7,62,100,631.0,22.6
2025-09-23T11:00,30.3,59,100,553.0,21.6
2025-09-23T12:00,27.8,74,100,372.0,16.1
2025-09-23T13:00,29.4,67,100,405.0,16.5
2025-09-23T14:00,26.6,81,100,382.0,16.1
2025-09-23T15:00,26.0,85,100,97.0,16.4
2025-09-23T16:00,26.1,82,100,158.0,13.8
2025-09-23T17:00,25.5,86,100,56.0,13.5
2025-09-23T18:00,26.1,79,100,14.0,10.8
2025-09-23T19:00,25.9,80,100,0.0,9.5
2025-09-23T20:00,25.5,81,100,0.0,8.3
2025-09-23T21:00,25.3,82,100,0.0,9.9
2025-09-23T22:00,25.5,79,100,0.0,15.6
2025-09-23T23:00,25.1,77,100,0.0,17.0
2025-09-24T00:00,24.6,80,100,0.0,18.2
2025-09-24T01:00,24.4,81,100,0.0,18.0
2025-09-24T02:00,24.3,82,100,0.0,18.1
2025-09-24T03:00,24.1,83,100,0.0,18.1
2025-09-24T04:00,24.2,82,100,0.0,18.7
2025-09-24T05:00,24.4,80,98,0.0,18.5
2025-09-24T06:00,24.8,77,100,6.0,18.0
2025-09-24T07:00,25.6,72,100,110.0,16.2
2025-09-24T08:00,26.2,68,97,158.0,18.2
2025-09-24T09:00,27.6,61,100,416.0,20.4
2025-09-24T10:00,28.5,58,100,492.0,20.8
2025-09-24T11:00,28.5,59,100,380.0,21.2
2025-09-24T12:00,29.3,55,99,468.0,22.3
2025-09-24T13:00,30.6,52,98,729.0,21.4
2025-09-24T14:00,31.4,48,94,727.0,20.4
2025-09-24T15:00,31.3,47,99,605.0,20.5
2025-09-24T16:00,30.3,53,28,375.0,20.0
2025-09-24T17:00,29.5,58,40,187.0,19.8
2025-09-24T18:00,27.7,63,84,24.0,16.8
2025-09-24T19:00,26.6,71,97,0.0,17.0
2025-09-24T20:00,26.0,74,6,0.0,17.0
2025-09-24T21:00,25.7,76,42,0.0,15.9
2025-09-24T22:00,25.7,77,47,0.0,16.8
2025-09-24T23:00,25.5,77,17,0.0,17.1
2025-09-25T00:00,25.2,76,22,0.0,18.6
2025-09-25T01:00,25.0,77,16,0.0,20.7
2025-09-25T02:00,24.6,78,71,0.0,22.1
2025-09-25T03:00,24.2,80,31,0.0,22.0
2025-09-25T04:00,23.9,80,4,0.0,20.9
2025-09-25T05:00,23.6,82,5,0.0,20.5
2025-09-25T06:00,24.3,80,96,6.0,20.7
2025-09-25T07:00,25.4,77,100,127.0,18.7
2025-09-25T08:00,26.9,71,100,313.0,20.5
2025-09-25T09:00,28.5,66,43,551.0,21.0
2025-09-25T10:00,30.3,59,27,764.0,21.7
2025-09-25T11:00,31.4,54,95,883.0,20.8
2025-09-25T12:00,32.1,51,19,910.0,19.7
2025-09-25T13:00,32.3,50,78,867.0,19.0
2025-09-25T14:00,32.3,50,86,710.0,19.2
2025-09-25T15:00,31.9,51,90,548.0,18.8
2025-09-25T16:00,31.6,52,99,376.0,17.4
2025-09-25T17:00,30.6,55,91,195.0,15.3
2025-09-25T18:00,28.9,62,61,23.0,8.4
2025-09-25T19:00,27.9,67,4,0.0,8.0
2025-09-25T20:00,27.2,70,86,0.0,7.3
2025-09-25T21:00,26.0,76,40,0.0,19.0
2025-09-25T22:00,25.3,77,51,0.0,20.9
2025-09-25T23:00,24.4,82,98,0.0,15.0
2025-09-26T00:00,24.5,84,31,0.0,13.2
2025-09-26T01:00,24.5,83,53,0.0,17.2
2025-09-26T02:00,24.3,81,66,0.0,18.2
2025-09-26T03:00,23.7,83,97,0.0,17.1
2025-09-26T04:00,23.7,84,96,0.0,18.3
2025-09-26T05:00,23.9,85,95,0.0,18.1
2025-09-26T06:00,24.7,85,79,4.0,17.3
2025-09-26T07:00,25.4,80,100,78.0,18.8
2025-09-26T08:00,26.4,77,100,206.0,20.7
2025-09-26T09:00,27.1,73,100,250.0,23.0
2025-09-26T10:00,25.7,81,100,364.0,22.1
2025-09-26T11:00,25.3,87,100,288.0,19.5
2025-09-26T12:00,25.4,85,100,337.0,18.9
2025-09-26T13:00,24.5,90,100,110.0,19.7
2025-09-26T14:00,24.7,92,100,158.0,18.7
2025-09-26T15:00,26.1,82,100,362.0,20.5
2025-09-26T16:00,26.2,79,100,274.0,22.1
2025-09-26T17:00,25.9,78,100,144.0,18.5
2025-09-26T18:00,24.3,89,100,15.0,17.5
2025-09-26T19:00,24.4,88,100,0.0,18.4
2025-09-26T20:00,24.5,85,100,0.0,20.9
2025-09-26T21:00,24.7,83,100,0.0,20.5
2025-09-26T22:00,24.5,85,100,0.0,19.4
2025-09-26T23:00,24.3,86,100,0.0,19.4
2025-09-27T00:00,24.3,84,100,0.0,20.5
2025-09-27T01:00,23.6,84,100,0.0,22.6
2025-09-27T02:00,22.8,84,100,0.0,22.3
2025-09-27T03:00,22.7,90,100,0.0,18.0
2025-09-27T04:00,23.1,88,100,0.0,20.6
2025-09-27T05:00,23.1,88,100,0.0,21.3
2025-09-27T06:00,23.4,86,100,2.0,22.5
2025-09-27T07:00,24.1,80,100,93.0,21.1
2025-09-27T08:00,25.1,77,100,252.0,22.3
2025-09-27T09:00,26.2,73,100,458.0,25.0
2025-09-27T10:00,25.3,80,100,246.0,21.2
2025-09-27T11:00,25.9,76,100,314.0,23.4
2025-09-27T12:00,24.9,87,100,340.0,16.4
2025-09-27T13:00,25.6,84,100,230.0,19.7
2025-09-27T14:00,27.5,64,100,267.0,27.0
2025-09-27T15:00,28.3,59,100,311.0,23.8
2025-09-27T16:00,28.9,60,100,287.0,24.9
2025-09-27T17:00,27.7,66,100,106.0,24.1
2025-09-27T18:00,26.8,68,100,18.0,17.5
2025-09-27T19:00,26.4,69,100,0.0,18.5
2025-09-27T20:00,26.0,70,100,0.0,16.4
2025-09-27T21:00,26.0,67,100,0.0,17.9
2025-09-27T22:00,25.6,69,100,0.0,17.4
2025-09-27T23:00,25.6,71,100,0.0,19.4
2025-09-28T00:00,25.1,75,100,0.0,19.2
2025-09-28T01:00,24.6,77,99,0.0,19.2
2025-09-28T02:00,24.4,78,96,0.0,19.5
2025-09-28T03:00,24.2,78,99,0.0,19.4
2025-09-28T04:00,24.1,78,100,0.0,17.7
2025-09-28T05:00,24.0,79,100,0.0,16.2
2025-09-28T06:00,24.9,76,93,5.0,14.3
2025-09-28T07:00,26.2,72,96,119.0,17.4
2025-09-28T08:00,27.7,68,97,353.0,19.3
2025-09-28T09:00,29.3,62,99,573.0,23.9
2025-09-28T10:00,30.6,56,42,693.0,25.9
2025-09-28T11:00,31.2,55,75,837.0,25.2
2025-09-28T12:00,32.1,51,38,803.0,24.3
2025-09-28T13:00,32.7,51,19,808.0,22.8
2025-09-28T14:00,32.5,50,49,721.0,24.9
2025-09-28T15:00,29.6,63,48,503.0,22.6
2025-09-28T16:00,29.7,61,97,342.0,21.3
2025-09-28T17:00,29.3,61,90,172.0,18.6
2025-09-28T18:00,27.3,75,89,13.0,12.4
2025-09-28T19:00,27.0,77,99,0.0,9.4
2025-09-28T20:00,26.8,77,94,0.0,11.7
2025-09-28T21:00,26.3,78,87,0.0,14.3
2025-09-28T22:00,25.8,79,89,0.0,16.1
2025-09-28T23:00,25.3,80,100,0.0,15.9
2025-09-29T00:00,25.0,80,97,0.0,16.6
2025-09-29T01:00,24.8,81,86,0.0,17.8
2025-09-29T02:00,24.5,82,89,0.0,17.9
2025-09-29T03:00,24.4,82,78,0.0,17.4
2025-09-29T04:00,24.2,82,98,0.0,16.9
2025-09-29T05:00,24.2,82,72,0.0,17.1
2025-09-29T06:00,25.0,79,98,5.0,14.6
2025-09-29T07:00,26.2,76,99,106.0,15.9
2025-09-29T08:00,27.1,72,100,192.0,15.8
2025-09-29T09:00,29.2,62,100,468.0,24.0
2025-09-29T10:00,30.2,59,99,644.0,21.5
2025-09-29T11:00,31.1,57,98,769.0,21.6
2025-09-29T12:00,31.6,55,100,836.0,21.4
2025-09-29T13:00,31.8,55,99,649.0,20.5
2025-09-29T14:00,32.4,53,99,677.0,21.7
2025-09-29T15:00,28.0,75,100,438.0,14.7
2025-09-29T16:00,27.5,75,100,74.0,9.8
2025-09-29T17:00,27.9,73,99,108.0,10.4
2025-09-29T18:00,25.2,91,100,13.0,11.7
2025-09-29T19:00,24.6,93,100,0.0,7.9
2025-09-29T20:00,24.5,92,99,0.0,7.0
2025-09-29T21:00,24.4,94,99,0.0,4.8
2025-09-29T22:00,24.2,93,100,0.0,5.8
2025-09-29T23:00,24.3,92,100,0.0,8.4
2025-09-30T00:00,24.5,86,100,0.0,16.0
2025-09-30T01:00,24.1,84,100,0.0,17.0
2025-09-30T02:00,23.3,88,100,0.0,17.8
2025-09-30T03:00,23.2,87,100,0.0,17.9
2025-09-30T04:00,23.2,86,100,0.0,18.4
2025-09-30T05:00,23.2,85,94,0.0,15.3
2025-09-30T06:00,23.5,87,66,4.0,15.9
2025-09-30T07:00,24.7,81,100,106.0,14.4
2025-09-30T08:00,26.3,72,99,314.0,15.9
2025-09-30T09:00,27.4,67,100,447.0,17.5
2025-09-30T10:00,28.7,60,100,516.0,18.7
2025-09-30T11:00,30.1,54,100,625.0,20.3
2025-09-30T12:00,31.6,48,100,803.0,21.3
2025-09-30T13:00,32.2,46,100,785.0,22.1
2025-09-30T14:00,32.5,43,100,671.0,22.2
2025-09-30T15:00,32.0,44,100,496.0,22.1
2025-09-30T16:00,30.7,51,100,322.0,18.7
2025-09-30T17:00,29.8,56,100,154.0,10.5
2025-09-30T18:00,28.4,61,100,15.0,6.5
2025-09-30T19:00,27.9,63,100,0.0,9.3
2025-09-30T20:00,27.5,65,100,0.0,13.2
2025-09-30T21:00,27.1,66,100,0.0,18.4
2025-09-30T22:00,26.6,68,100,0.0,20.6
2025-09-30T23:00,26.4,70,100,0.0,20.5
2025-10-01T00:00,26.0,72,100,0.0,20.7
2025-10-01T01:00,25.5,74,100,0.0,19.8
2025-10-01T02:00,25.0,75,100,0.0,18.9
2025-10-01T03:00,24.7,77,100,0.0,18.4
2025-10-01T04:00,24.4,78,100,0.0,16.3
2025-10-01T05:00,24.5,80,100,0.0,15.7
2025-10-01T06:00,24.4,81,100,6.0,16.8
2025-10-01T07:00,25.4,79,100,120.0,13.9
2025-10-01T08:00,26.8,73,100,317.0,16.6
2025-10-01T09:00,27.5,69,100,354.0,18.0
2025-10-01T10:00,28.7,63,100,407.0,20.1
2025-10-01T11:00,30.0,56,100,518.0,19.4
2025-10-01T12:00,31.0,53,100,774.0,19.1
2025-10-01T13:00,31.2,52,100,588.0,15.0
2025-10-01T14:00,31.2,52,100,438.0,13.6
2025-10-01T15:00,31.2,52,100,301.0,12.4
2025-10-01T16:00,30.9,54,100,200.0,9.3
2025-10-01T17:00,29.2,64,100,79.0,5.0
2025-10-01T18:00,27.7,69,100,9.0,4.6
2025-10-01T19:00,27.1,73,100,0.0,4.1
2025-10-01T20:00,26.5,76,100,0.0,5.2
2025-10-01T21:00,26.4,77,100,0.0,8.3
2025-10-01T22:00,25.6,79,100,0.0,10.3
2025-10-01T23:00,26.1,72,100,0.0,13.1
2025-10-02T00:00,25.9,73,100,0.0,12.1
2025-10-02T01:00,25.4,78,100,0.0,11.8
2025-10-02T02:00,25.6,79,100,0.0,13.7
2025-10-02T03:00,25.6,78,100,0.0,17.3
2025-10-02T04:00,25.1,79,100,0.0,19.3
2025-10-02T05:00,25.0,77,100,0.0,18.3
2025-10-02T06:00,25.3,77,100,2.0,16.6
2025-10-02T07:00,25.7,76,100,67.0,13.0
2025-10-02T08:00,27.0,72,100,239.0,15.7
2025-10-02T09:00,28.3,67,100,448.0,15.5
2025-10-02T10:00,29.7,62,100,611.0,15.3
2025-10-02T11:00,30.3,57,100,710.0,17.6
2025-10-02T12:00,30.6,57,100,586.0,17.8
2025-10-02T13:00,31.4,56,100,664.0,15.7
2025-10-02T14:00,31.4,57,100,496.0,14.3
2025-10-02T15:00,31.5,56,100,514.0,12.8
2025-10-02T16:00,31.1,56,100,359.0,13.9
2025-10-02T17:00,30.1,60,100,154.0,15.6
2025-10-02T18:00,28.5,67,100,11.0,11.2
2025-10-02T19:00,27.8,69,100,0.0,10.7
2025-10-02T20:00,27.3,71,100,0.0,14.2
2025-10-02T21:00,26.5,75,100,0.0,10.9
2025-10-02T22:00,25.9,76,100,0.0,12.4
2025-10-02T23:00,25.9,76,99,0.0,13.5
2025-10-03T00:00,26.2,75,99,0.0,16.2
2025-10-03T01:00,25.9,77,100,0.0,16.3
2025-10-03T02:00,25.6,78,99,0.0,16.0
2025-10-03T03:00,25.3,80,100,0.0,14.7
2025-10-03T04:00,24.9,82,99,0.0,14.9
2025-10-03T05:00,24.3,84,100,0.0,14.4
2025-10-03T06:00,24.5,84,98,5.0,16.3
2025-10-03T07:00,25.6,80,97,123.0,16.2
2025-10-03T08:00,27.2,73,81,353.0,16.6
2025-10-03T09:00,28.7,67,100,572.0,15.5
2025-10-03T10:00,30.0,61,95,709.0,15.0
2025-10-03T11:00,30.6,56,85,867.0,14.9
2025-10-03T12:00,31.5,53,98,827.0,14.0
2025-10-03T13:00,32.1,51,98,874.0,14.4
2025-10-03T14:00,31.8,52,97,651.0,13.4
2025-10-03T15:00,32.1,51,93,593.0,13.2
2025-10-03T16:00,31.6,52,99,377.0,12.7
2025-10-03T17:00,30.9,58,64,171.0,6.1
2025-10-03T18:00,29.0,66,27,16.0,5.0
2025-10-03T19:00,28.0,69,89,0.0,6.3
2025-10-03T20:00,27.4,73,95,0.0,6.5
2025-10-03T21:00,27.0,74,63,0.0,5.4
2025-10-03T22:00,26.3,77,34,0.0,5.1
2025-10-03T23:00,26.7,73,77,0.0,8.3
2025-10-04T00:00,26.9,70,90,0.0,6.7
2025-10-04T01:00,26.3,74,82,0.0,9.2
2025-10-04T02:00,25.8,79,99,0.0,9.2
2025-10-04T03:00,25.6,79,100,0.0,10.1
2025-10-04T04:00,25.4,80,100,0.0,11.7
2025-10-04T05:00,25.3,79,100,0.0,13.3
2025-10-04T06:00,25.3,80,99,5.0,14.6
2025-10-04T07:00,26.4,75,100,126.0,14.8
2025-10-04T08:00,27.9,69,100,338.0,13.7
2025-10-04T09:00,29.0,64,100,433.0,11.4
2025-10-04T10:00,30.3,58,100,642.0,10.4
2025-10-04T11:00,30.7,55,100,770.0,12.3
2025-10-04T12:00,31.5,52,100,752.0,12.7
2025-10-04T13:00,31.9,50,100,739.0,13.8
2025-10-04T14:00,32.1,49,100,646.0,14.3
2025-10-04T15:00,31.9,49,100,511.0,14.2
2025-10-04T16:00,31.4,51,100,315.0,13.8
2025-10-04T17:00,30.5,55,69,140.0,6.1
2025-10-04T18:00,28.8,63,59,14.0,3.9
2025-10-04T19:00,27.7,67,55,0.0,4.7
2025-10-04T20:00,27.0,70,86,0.0,4.4
2025-10-04T21:00,26.8,71,39,0.0,3.8
2025-10-04T22:00,26.4,73,53,0.0,1.9
2025-10-04T23:00,25.8,76,82,0.0,1.4
2025-10-05T00:00,25.5,75,100,0.0,9.1
2025-10-05T01:00,25.1,77,96,0.0,9.2
2025-10-05T02:00,24.7,81,97,0.0,10.0
2025-10-05T03:00,24.2,84,88,0.0,8.4
2025-10-05T04:00,23.8,90,83,0.0,8.9
2025-10-05T05:00,24.8,85,90,0.0,8.9
2025-10-05T06:00,25.3,83,48,4.0,9.0
2025-10-05T07:00,26.1,77,16,100.0,11.2
2025-10-05T08:00,27.7,68,19,318.0,12.4
2025-10-05T09:00,29.2,62,55,523.0,12.8
2025-10-05T10:00,30.7,55,66,739.0,12.8
2025-10-05T11:00,30.8,59,29,779.0,10.7
2025-10-05T12:00,31.8,55,9,860.0,9.0
2025-10-05T13:00,32.3,53,16,856.0,9.0
2025-10-05T14:00,32.4,51,47,737.0,8.8
2025-10-05T15:00,32.3,50,90,569.0,9.0
2025-10-05T16:00,31.8,50,95,394.0,10.1
2025-10-05T17:00,29.5,62,70,163.0,10.3
2025-10-05T18:00,28.2,67,98,13.0,6.3
2025-10-05T19:00,27.8,70,56,0.0,6.3
2025-10-05T20:00,27.1,76,87,0.0,5.4
2025-10-05T21:00,26.4,81,66,0.0,4.7
2025-10-05T22:00,25.4,87,91,0.0,4.1
2025-10-05T23:00,24.2,87,100,0.0,20.7
2025-10-06T00:00,24.0,90,99,0.0,11.9
2025-10-06T01:00,23.6,90,100,0.0,6.5
2025-10-06T02:00,23.1,92,100,0.0,8.2
2025-10-06T03:00,22.9,95,100,0.0,3.8
2025-10-06T04:00,22.8,95,98,0.0,4.3
2025-10-06T05:00,22.5,94,68,0.0,8.0
2025-10-06T06:00,22.9,94,59,4.0,8.0
2025-10-06T07:00,24.2,88,53,128.0,8.1
2025-10-06T08:00,26.2,78,6,349.0,8.4
2025-10-06T09:00,28.1,68,38,566.0,13.9
2025-10-06T10:00,29.3,62,80,659.0,14.5
2025-10-06T11:00,28.4,62,100,811.0,12.4
2025-10-06T12:00,29.2,60,100,479.0,11.8
2025-10-06T13:00,30.3,55,100,754.0,10.2
2025-10-06T14:00,30.6,54,100,650.0,10.3
2025-10-06T15:00,30.3,54,100,456.0,9.4
2025-10-06T16:00,30.1,56,100,247.0,6.0
2025-10-06T17:00,28.4,63,89,112.0,11.0
2025-10-06T18:00,26.8,72,45,11.0,11.4
2025-10-06T19:00,25.7,77,55,0.0,8.3
2025-10-06T20:00,25.3,80,68,0.0,4.6
2025-10-06T21:00,25.0,82,46,0.0,4.3
2025-10-06T22:00,24.8,84,100,0.0,5.1
2025-10-06T23:00,24.7,89,95,0.0,5.2
2025-10-07T00:00,24.6,89,86,0.0,4.1
2025-10-07T01:00,23.8,93,68,0.0,4.0
2025-10-07T02:00,23.4,95,56,0.0,2.8
2025-10-07T03:00,23.1,96,98,0.0,1.6
2025-10-07T04:00,23.0,97,99,0.0,4.8
2025-10-07T05:00,23.0,97,100,0.0,5.0
2025-10-07T06:00,23.3,95,99,5.0,7.8
2025-10-07T07:00,25.3,82,82,120.0,10.2
2025-10-07T08:00,27.0,70,91,345.0,13.3
2025-10-07T09:00,28.7,65,45,567.0,12.6
2025-10-07T10:00,30.2,59,83,750.0,10.9
2025-10-07T11:00,31.3,53,95,803.0,11.6
2025-10-07T12:00,32.3,50,59,890.0,10.7
2025-10-07T13:00,32.4,49,42,798.0,9.9
2025-10-07T14:00,32.5,49,39,705.0,9.7
2025-10-07T15:00,31.9,50,65,511.0,11.0
2025-10-07T16:00,31.6,50,84,361.0,10.7
2025-10-07T17:00,29.8,58,97,150.0,6.7
2025-10-07T18:00,28.5,64,91,10.0,5.7
2025-10-07T19:00,27.4,72,55,0.0,6.3
2025-10-07T20:00,26.5,81,59,0.0,3.7
2025-10-07T21:00,26.0,86,36,0.0,2.9
2025-10-07T22:00,25.8,87,33,0.0,1.8
2025-10-07T23:00,26.2,81,99,0.0,5.9
2025-10-08T00:00,25.7,84,76,0.0,3.2
2025-10-08T01:00,25.3,87,69,0.0,2.3
2025-10-08T02:00,25.2,90,82,0.0,2.7
2025-10-08T03:00,25.0,91,27,0.0,0.6
2025-10-08T04:00,24.3,94,84,0.0,0.6
2025-10-08T05:00,24.7,91,100,0.0,3.8
2025-10-08T06:00,25.6,86,93,5.0,7.1
2025-10-08T07:00,27.0,79,86,114.0,7.0
2025-10-08T08:00,28.9,69,13,344.0,5.6
2025-10-08T09:00,30.2,63,73,556.0,3.2
2025-10-08T10:00,31.3,58,88,715.0,3.6
2025-10-08T11:00,32.0,55,62,822.0,4.5
2025-10-08T12:00,32.6,52,73,859.0,4.0
2025-10-08T13:00,32.9,51,95,724.0,4.4
2025-10-08T14:00,32.9,51,98,639.0,5.1
2025-10-08T15:00,31.9,54,99,520.0,9.6
2025-10-08T16:00,28.6,67,100,184.0,4.3
2025-10-08T17:00,29.2,65,100,77.0,8.8
2025-10-08T18:00,28.1,72,100,6.0,3.0
2025-10-08T19:00,27.7,75,99,0.0,8.0
2025-10-08T20:00,26.4,77,99,0.0,11.0
2025-10-08T21:00,25.7,77,85,0.0,8.7
2025-10-08T22:00,25.2,78,45,0.0,6.5
2025-10-08T23:00,24.8,90,93,0.0,9.0
2025-10-09T00:00,25.1,93,87,0.0,5.7
2025-10-09T01:00,24.9,93,91,0.0,4.9
2025-10-09T02:00,24.4,95,88,0.0,3.3
2025-10-09T03:00,24.1,96,89,0.0,4.0
2025-10-09T04:00,24.0,96,99,0.0,7.9
2025-10-09T05:00,24.4,97,96,0.0,4.7
2025-10-09T06:00,25.1,93,94,4.0,8.6
2025-10-09T07:00,25.9,84,40,118.0,9.4
2025-10-09T08:00,27.6,75,68,336.0,6.7
2025-10-09T09:00,29.1,68,66,551.0,5.3
2025-10-09T10:00,30.3,64,98,715.0,3.1
2025-10-09T11:00,30.3,60,100,797.0,1.8
2025-10-09T12:00,28.9,66,98,241.0,4.7
2025-10-09T13:00,30.4,59,96,606.0,7.4
2025-10-09T14:00,30.4,58,98,682.0,10.4
2025-10-09T15:00,29.2,64,99,354.0,6.8
2025-10-09T16:00,29.5,62,98,274.0,4.6
2025-10-09T17:00,28.8,73,98,112.0,10.0
2025-10-09T18:00,28.0,76,99,9.0,6.0
2025-10-09T19:00,27.4,78,47,0.0,4.3
2025-10-09T20:00,26.7,81,99,0.0,3.8
2025-10-09T21:00,26.2,81,99,0.0,7.6
2025-10-09T22:00,23.9,96,100,0.0,7.8
2025-10-09T23:00,23.8,90,99,0.0,8.3
2025-10-10T00:00,24.5,89,100,0.0,10.6
2025-10-10T01:00,24.5,90,100,0.0,8.5
2025-10-10T02:00,24.1,93,100,0.0,5.0
2025-10-10T03:00,23.9,95,100,0.0,6.7
2025-10-10T04:00,23.8,96,100,0.0,8.7
2025-10-10T05:00,24.4,93,100,0.0,6.3
2025-10-10T06:00,24.5,94,100,1.0,6.5
2025-10-10T07:00,24.6,96,100,23.0,7.0
2025-10-10T08:00,25.1,90,100,70.0,5.2
2025-10-10T09:00,27.0,80,100,323.0,7.1
2025-10-10T10:00,29.2,66,100,708.0,3.8
2025-10-10T11:00,29.6,62,99,720.0,7.4
2025-10-10T12:00,30.9,57,98,816.0,10.2
2025-10-10T13:00,31.5,53,98,792.0,10.3
2025-10-10T14:00,31.7,52,100,694.0,10.7
2025-10-10T15:00,31.6,52,93,561.0,9.6
2025-10-10T16:00,31.2,54,92,353.0,9.3
2025-10-10T17:00,30.4,57,45,147.0,8.5
2025-10-10T18:00,29.0,63,77,10.0,6.4
2025-10-10T19:00,28.1,68,98,0.0,5.8
2025-10-10T20:00,28.4,69,98,0.0,1.9
2025-10-10T21:00,26.2,77,99,0.0,11.8
2025-10-10T22:00,24.4,88,99,0.0,9.2
2025-10-10T23:00,24.7,89,99,0.0,7.4
2025-10-11T00:00,24.6,90,99,0.0,7.3
2025-10-11T01:00,24.2,91,98,0.0,6.4
2025-10-11T02:00,23.9,89,99,0.0,6.4
2025-10-11T03:00,23.6,91,95,0.0,5.0
2025-10-11T04:00,23.3,93,89,0.0,4.5
2025-10-11T05:00,24.0,89,13,0.0,6.1
2025-10-11T06:00,24.6,84,7,5.0,5.6
2025-10-11T07:00,26.4,77,16,125.0,4.0
2025-10-11T08:00,28.5,67,69,346.0,4.7
2025-10-11T09:00,30.2,57,30,559.0,4.8
2025-10-11T10:00,31.6,48,48,729.0,10.4
2025-10-11T11:00,32.0,43,37,788.0,13.5
2025-10-11T12:00,32.5,37,34,821.0,12.7
2025-10-11T13:00,32.9,36,92,845.0,12.8
2025-10-11T14:00,33.2,33,89,757.0,12.9
2025-10-11T15:00,32.9,32,99,562.0,12.7
2025-10-11T16:00,32.1,35,98,330.0,12.7
2025-10-11T17:00,30.5,44,100,151.0,9.9
2025-10-11T18:00,28.5,53,100,8.0,7.1
2025-10-11T19:00,27.5,58,100,0.0,5.7
2025-10-11T20:00,27.4,58,100,0.0,3.3
2025-10-11T21:00,26.8,58,96,0.0,5.1
2025-10-11T22:00,25.9,61,8,0.0,5.2
2025-10-11T23:00,25.2,67,7,0.0,6.0
2025-10-12T00:00,24.7,70,9,0.0,5.1
2025-10-12T01:00,24.1,75,4,0.0,3.3
2025-10-12T02:00,23.7,78,5,0.0,1.7
2025-10-12T03:00,23.3,79,0,0.0,1.9
2025-10-12T04:00,23.0,80,0,0.0,2.8
2025-10-12T05:00,23.0,87,18,0.0,2.7
2025-10-12T06:00,23.9,84,7,5.0,4.5
2025-10-12T07:00,26.0,76,11,129.0,4.7
2025-10-12T08:00,28.4,63,41,356.0,6.9
2025-10-12T09:00,29.9,55,46,578.0,10.7
2025-10-12T10:00,31.1,48,45,758.0,11.5
2025-10-12T11:00,32.3,40,48,875.0,14.8
2025-10-12T12:00,33.0,35,64,922.0,15.2
2025-10-12T13:00,33.3,33,29,892.0,14.2
2025-10-12T14:00,33.3,33,37,783.0,11.9
2025-10-12T15:00,33.0,33,31,589.0,9.2
2025-10-12T16:00,32.5,34,2,390.0,11.6
2025-10-12T17:00,30.7,39,7,155.0,5.0
2025-10-12T18:00,28.8,41,3,10.0,7.4
2025-10-12T19:00,27.4,50,7,0.0,6.0
2025-10-12T20:00,26.5,57,20,0.0,5.5
2025-10-12T21:00,26.7,62,40,0.0,5.7
2025-10-12T22:00,26.6,69,81,0.0,7.0
2025-10-12T23:00,26.0,78,21,0.0,6.2
2025-10-13T00:00,26.0,80,24,0.0,4.3
2025-10-13T01:00,25.7,82,58,0.0,3.5
2025-10-13T02:00,25.4,86,76,0.0,4.0
2025-10-13T03:00,24.7,91,25,0.0,1.3
2025-10-13T04:00,24.2,95,18,0.0,3.2
2025-10-13T05:00,24.8,92,99,0.0,3.2
2025-10-13T06:00,25.1,88,97,4.0,8.8
2025-10-13T07:00,26.2,80,91,122.0,7.0
2025-10-13T08:00,28.0,71,71,340.0,9.3
2025-10-13T09:00,29.8,61,40,554.0,10.6
2025-10-13T10:00,31.4,53,16,723.0,12.8
2025-10-13T11:00,31.6,49,60,791.0,13.8
2025-10-13T12:00,31.7,50,68,671.0,12.3
2025-10-13T13:00,32.6,48,99,750.0,12.4
2025-10-13T14:00,32.1,48,74,639.0,15.4
2025-10-13T15:00,28.0,71,100,431.0,22.0
2025-10-13T16:00,27.3,73,100,242.0,16.6
2025-10-13T17:00,29.2,61,100,91.0,13.4
2025-10-13T18:00,28.4,64,99,7.0,8.8
2025-10-13T19:00,27.7,69,100,0.0,7.8
2025-10-13T20:00,27.2,73,100,0.0,7.4
2025-10-13T21:00,26.6,77,100,0.0,5.9
2025-10-13T22:00,26.1,80,100,0.0,6.1
2025-10-13T23:00,25.7,82,11,0.0,7.3
2025-10-14T00:00,25.3,83,1,0.0,6.6
2025-10-14T01:00,24.8,85,5,0.0,5.5
2025-10-14T02:00,24.5,87,2,0.0,4.7
2025-10-14T03:00,24.0,90,1,0.0,3.1
2025-10-14T04:00,23.7,92,2,0.0,2.2
2025-10-14T05:00,23.9,93,4,0.0,2.3
2025-10-14T06:00,24.5,91,13,4.0,3.6
2025-10-14T07:00,25.7,83,22,119.0,3.8
2025-10-14T08:00,27.5,74,14,331.0,7.3
2025-10-14T09:00,29.1,63,32,530.0,11.7
2025-10-14T10:00,30.4,58,35,661.0,13.2
2025-10-14T11:00,31.1,57,70,715.0,11.8
2025-10-14T12:00,32.3,52,100,821.0,12.4
2025-10-14T13:00,31.9,51,100,403.0,12.5
2025-10-14T14:00,28.5,71,95,246.0,18.5
2025-10-14T15:00,29.7,62,94,358.0,11.3
2025-10-14T16:00,27.7,72,100,323.0,17.2
2025-10-14T17:00,28.2,71,81,80.0,10.2
2025-10-14T18:00,27.5,76,76,8.0,7.4
2025-10-14T19:00,26.7,81,55,0.0,8.9
2025-10-14T20:00,26.0,85,84,0.0,8.2
2025-10-14T21:00,24.9,92,97,0.0,6.8
2025-10-14T22:00,23.3,96,100,0.0,10.5
2025-10-14T23:00,23.6,92,84,0.0,4.6
2025-10-15T00:00,23.9,93,42,0.0,3.0
2025-10-15T01:00,23.9,95,55,0.0,5.2
2025-10-15T02:00,23.7,95,86,0.0,3.8
2025-10-15T03:00,23.5,97,95,0.0,3.6
2025-10-15T04:00,23.8,92,96,0.0,6.6
2025-10-15T05:00,23.7,96,97,0.0,5.9
2025-10-15T06:00,24.0,94,100,3.0,3.0
2025-10-15T07:00,24.3,92,100,106.0,1.7
2025-10-15T08:00,26.0,84,100,264.0,6.7
2025-10-15T09:00,28.0,74,100,467.0,11.2
2025-10-15T10:00,29.2,66,100,468.0,12.7
2025-10-15T11:00,30.4,59,100,462.0,12.1
2025-10-15T12:00,30.5,57,100,393.0,13.0
2025-10-15T13:00,30.9,55,100,347.0,12.1
2025-10-15T14:00,29.1,65,100,388.0,19.3
2025-10-15T15:00,29.6,61,100,440.0,13.6
2025-10-15T16:00,29.5,61,100,289.0,15.7
2025-10-15T17:00,28.0,72,99,131.0,13.0
2025-10-15T18:00,27.3,74,100,7.0,11.8
2025-10-15T19:00,26.9,75,100,0.0,11.7
2025-10-15T20:00,26.3,78,82,0.0,10.7
2025-10-15T21:00,25.8,81,50,0.0,9.6
2025-10-15T22:00,25.2,84,26,0.0,8.5
2025-10-15T23:00,25.5,84,29,0.0,10.1
2025-10-16T00:00,25.2,86,28,0.0,8.9
2025-10-16T01:00,24.7,88,99,0.0,8.6
2025-10-16T02:00,24.7,88,100,0.0,8.4
2025-10-16T03:00,24.6,89,100,0.0,8.8
2025-10-16T04:00,24.2,91,100,0.0,8.2
2025-10-16T05:00,23.9,96,98,0.0,2.1
2025-10-16T06:00,24.3,95,94,4.0,3.8
2025-10-16T07:00,25.0,91,100,108.0,10.0
2025-10-16T08:00,26.3,84,100,246.0,13.2
2025-10-16T09:00,27.7,75,100,432.0,18.0
2025-10-16T10:00,29.2,68,98,598.0,20.1
2025-10-16T11:00,30.3,63,100,689.0,18.1
2025-10-16T12:00,26.9,79,100,434.0,15.9
2025-10-16T13:00,29.2,68,100,461.0,13.8
2025-10-16T14:00,25.5,86,100,269.0,8.6
2025-10-16T15:00,26.5,79,100,234.0,14.1
2025-10-16T16:00,27.0,80,100,205.0,12.9
2025-10-16T17:00,25.8,88,100,66.0,7.5
2025-10-16T18:00,24.9,91,100,6.0,7.5
2025-10-16T19:00,23.7,94,100,0.0,8.6
2025-10-16T20:00,24.0,95,100,0.0,8.3
2025-10-16T21:00,24.1,95,100,0.0,5.8
2025-10-16T22:00,23.9,96,100,0.0,7.2
2025-10-16T23:00,23.8,94,100,0.0,3.3
2025-10-17T00:00,23.9,95,100,0.0,11.4
2025-10-17T01:00,23.4,96,100,0.0,11.3
2025-10-17T02:00,23.1,95,100,0.0,7.4
2025-10-17T03:00,22.9,94,100,0.0,5.6
2025-10-17T04:00,22.7,95,100,0.0,4.3
2025-10-17T05:00,23.6,96,100,0.0,4.8
2025-10-17T06:00,24.0,96,100,2.0,7.9
2025-10-17T07:00,24.9,90,100,72.0,11.2
2025-10-17T08:00,26.2,82,100,259.0,13.5
2025-10-17T09:00,27.4,74,100,461.0,18.4
2025-10-17T10:00,28.5,67,100,536.0,18.9
2025-10-17T11:00,29.7,61,100,737.0,16.5
2025-10-17T12:00,30.4,57,100,767.0,17.2
2025-10-17T13:00,30.6,55,100,682.0,17.5
2025-10-17T14:00,30.7,52,66,547.0,18.3
2025-10-17T15:00,30.3,56,79,461.0,16.7
2025-10-17T16:00,30.2,53,98,262.0,15.5
2025-10-17T17:00,28.4,60,81,109.0,12.3
2025-10-17T18:00,27.2,66,97,7.0,10.6
2025-10-17T19:00,26.4,72,98,0.0,14.3
2025-10-17T20:00,25.6,78,98,0.0,13.0
2025-10-17T21:00,25.1,81,100,0.0,9.3
2025-10-17T22:00,24.6,84,97,0.0,7.1
2025-10-17T23:00,24.7,83,98,0.0,10.5
2025-10-18T00:00,24.5,84,97,0.0,10.6
2025-10-18T01:00,24.2,88,96,0.0,9.8
2025-10-18T02:00,23.9,91,98,0.0,7.2
2025-10-18T03:00,23.6,92,100,0.0,5.9
2025-10-18T04:00,23.3,94,100,0.0,4.0
2025-10-18T05:00,22.8,97,100,0.0,2.1
2025-10-18T06:00,23.5,94,100,4.0,2.5
2025-10-18T07:00,24.9,86,99,110.0,2.4
2025-10-18T08:00,26.6,77,99,319.0,6.9
2025-10-18T09:00,28.0,70,99,491.0,10.0
2025-10-18T10:00,29.1,64,100,683.0,11.9
2025-10-18T11:00,29.8,59,99,749.0,14.3
2025-10-18T12:00,30.6,57,99,691.0,13.4
2025-10-18T13:00,31.0,55,100,673.0,13.5
2025-10-18T14:00,31.2,54,100,655.0,15.0
2025-10-18T15:00,30.8,55,100,437.0,15.2
2025-10-18T16:00,28.7,65,100,261.0,13.5
2025-10-18T17:00,27.6,75,100,83.0,7.6
2025-10-18T18:00,26.4,82,100,6.0,9.0
2025-10-18T19:00,25.8,84,100,0.0,10.2
2025-10-18T20:00,25.3,85,92,0.0,11.1
2025-10-18T21:00,24.8,88,84,0.0,10.8
2025-10-18T22:00,24.4,90,87,0.0,6.6
2025-10-18T23:00,24.9,90,86,0.0,7.6
2025-10-19T00:00,24.5,92,95,0.0,8.0
2025-10-19T01:00,24.4,93,100,0.0,6.6
2025-10-19T02:00,24.2,94,100,0.0,5.6
2025-10-19T03:00,23.9,95,100,0.0,2.6
2025-10-19T04:00,23.7,97,100,0.0,1.3
2025-10-19T05:00,23.9,97,100,0.0,1.7
2025-10-19T06:00,24.2,96,100,2.0,4.1
2025-10-19T07:00,25.0,91,100,77.0,5.9
2025-10-19T08:00,26.2,85,100,207.0,7.6
2025-10-19T09:00,26.7,82,100,243.0,9.5
2025-10-19T10:00,27.4,78,100,342.0,10.6
2025-10-19T11:00,27.7,75,93,455.0,10.1
2025-10-19T12:00,29.1,67,60,575.0,12.0
2025-10-19T13:00,29.9,65,42,683.0,13.7
2025-10-19T14:00,29.8,66,50,669.0,12.9
2025-10-19T15:00,29.7,65,95,496.0,12.1
2025-10-19T16:00,28.5,68,100,284.0,15.5
2025-10-19T17:00,28.5,68,75,88.0,11.5
2025-10-19T18:00,27.0,75,100,6.0,9.7
2025-10-19T19:00,26.3,80,100,0.0,13.0
2025-10-19T20:00,25.6,84,100,0.0,13.0
2025-10-19T21:00,25.4,86,99,0.0,12.2
2025-10-19T22:00,24.8,89,95,0.0,7.3
2025-10-19T23:00,24.3,94,96,0.0,11.6
2025-10-20T00:00,24.1,94,100,0.0,11.3
2025-10-20T01:00,23.7,96,100,0.0,8.3
2025-10-20T02:00,23.4,98,100,0.0,7.5
2025-10-20T03:00,23.3,98,100,0.0,7.1
2025-10-20T04:00,23.2,98,100,0.0,6.9
2025-10-20T05:00,23.4,98,96,0.0,2.9
2025-10-20T06:00,23.9,95,94,3.0,5.8
2025-10-20T07:00,24.8,90,99,107.0,7.6
2025-10-20T08:00,25.9,82,91,242.0,8.6
2025-10-20T09:00,27.6,71,95,491.0,11.4
2025-10-20T10:00,28.5,66,99,613.0,12.4
2025-10-20T11:00,29.5,62,100,762.0,11.6
2025-10-20T12:00,30.2,60,98,812.0,13.1
2025-10-20T13:00,30.8,61,100,779.0,13.2
2025-10-20T14:00,27.2,77,100,542.0,21.1
2025-10-20T15:00,28.0,73,100,273.0,14.6
2025-10-20T16:00,28.2,70,100,272.0,16.6
2025-10-20T17:00,26.8,79,98,74.0,10.3
2025-10-20T18:00,25.9,85,100,6.0,7.3
2025-10-20T19:00,25.6,85,100,0.0,9.8
2025-10-20T20:00,25.2,86,100,0.0,9.6
2025-10-20T21:00,24.6,89,100,0.0,7.1
2025-10-20T22:00,24.1,91,99,0.0,7.6
2025-10-20T23:00,25.0,89,99,0.0,10.4
2025-10-21T00:00,24.9,88,100,0.0,9.6
2025-10-21T01:00,24.3,91,99,0.0,6.7
2025-10-21T02:00,23.8,94,100,0.0,4.4
2025-10-21T03:00,23.5,96,97,0.0,3.8
2025-10-21T04:00,23.3,96,27,0.0,1.7
2025-10-21T05:00,23.8,94,100,0.0,3.2
2025-10-21T06:00,24.1,92,99,3.0,1.7
2025-10-21T07:00,24.8,89,100,88.0,4.2
2025-10-21T08:00,24.7,89,100,93.0,6.6
2025-10-21T09:00,26.2,83,99,320.0,10.6
2025-10-21T10:00,28.3,72,100,563.0,16.0
2025-10-21T11:00,26.2,81,100,337.0,14.5
2025-10-21T12:00,28.7,69,100,462.0,15.3
2025-10-21T13:00,26.1,82,100,237.0,17.5
2025-10-21T14:00,27.4,75,98,354.0,11.7
2025-10-21T15:00,29.6,66,100,518.0,15.5
2025-10-21T16:00,25.0,86,82,129.0,15.0
2025-10-21T17:00,24.9,91,100,75.0,9.3
2025-10-21T18:00,24.4,94,100,3.0,8.2
2025-10-21T19:00,24.0,96,100,0.0,8.8
2025-10-21T20:00,24.0,94,100,0.0,8.7
2025-10-21T21:00,23.7,96,100,0.0,7.4
2025-10-21T22:00,23.4,97,100,0.0,6.2
2025-10-21T23:00,23.7,95,100,0.0,7.8
2025-10-22T00:00,23.5,95,100,0.0,7.7
2025-10-22T01:00,23.4,96,100,0.0,7.1
2025-10-22T02:00,23.3,96,100,0.0,8.0
2025-10-22T03:00,23.6,95,100,0.0,10.1
2025-10-22T04:00,23.7,94,100,0.0,12.1
2025-10-22T05:00,23.8,96,100,0.0,8.8
2025-10-22T06:00,23.7,95,100,2.0,13.0
2025-10-22T07:00,24.4,94,100,35.0,11.0
2025-10-22T08:00,24.0,94,100,87.0,17.5
2025-10-22T09:00,24.1,94,100,51.0,13.0
2025-10-22T10:00,24.4,96,100,118.0,11.5
2025-10-22T11:00,24.6,93,100,94.0,10.5
2025-10-22T12:00,24.9,92,100,153.0,10.4
2025-10-22T13:00,25.1,89,100,237.0,12.3
2025-10-22T14:00,26.1,85,100,272.0,14.7
2025-10-22T15:00,24.8,91,100,177.0,14.9
2025-10-22T16:00,25.4,90,100,140.0,12.2
2025-10-22T17:00,25.1,91,100,45.0,10.2
2025-10-22T18:00,23.6,96,100,2.0,9.5
2025-10-22T19:00,23.9,95,100,0.0,11.4
2025-10-22T20:00,24.1,94,100,0.0,12.4
2025-10-22T21:00,24.1,92,100,0.0,12.6
2025-10-22T22:00,24.0,94,100,0.0,10.0
2025-10-22T23:00,23.8,96,100,0.0,8.2
2025-10-23T00:00,24.0,93,100,0.0,13.0
2025-10-23T01:00,23.5,95,100,0.0,12.0
2025-10-23T02:00,23.5,96,100,0.0,11.0
2025-10-23T03:00,23.3,94,100,0.0,9.8
2025-10-23T04:00,23.0,96,100,0.0,6.4
2025-10-23T05:00,23.5,97,100,0.0,9.3
2025-10-23T06:00,24.1,95,100,2.0,11.2
2025-10-23T07:00,24.7,91,100,52.0,13.1
2025-10-23T08:00,25.7,84,100,221.0,17.3
2025-10-23T09:00,27.3,76,100,350.0,17.6
2025-10-23T10:00,28.3,71,100,441.0,16.5
2025-10-23T11:00,29.1,68,100,653.0,14.8
2025-10-23T12:00,30.0,67,100,735.0,13.1
2025-10-23T13:00,29.8,66,100,578.0,11.9
2025-10-23T14:00,27.8,74,100,358.0,12.5
2025-10-23T15:00,25.6,88,100,219.0,9.1
2025-10-23T16:00,25.7,85,100,125.0,9.8
2025-10-23T17:00,26.5,83,100,66.0,8.2
2025-10-23T18:00,25.3,89,100,2.0,7.7
2025-10-23T19:00,24.7,92,100,0.0,9.6
2025-10-23T20:00,24.1,92,100,0.0,9.4
2025-10-23T21:00,23.4,95,100,0.0,5.7
2025-10-23T22:00,23.3,97,100,0.0,4.7
2025-10-23T23:00,23.4,98,100,0.0,5.3
2025-10-24T00:00,23.7,97,100,0.0,4.9
2025-10-24T01:00,23.6,97,100,0.0,4.7
2025-10-24T02:00,23.5,97,100,0.0,3.1
2025-10-24T03:00,23.3,99,100,0.0,5.9
2025-10-24T04:00,23.2,99,100,0.0,4.5
2025-10-24T05:00,23.1,99,100,0.0,3.9
2025-10-24T06:00,23.2,98,100,1.0,3.1
2025-10-24T07:00,23.2,99,100,24.0,4.5
2025-10-24T08:00,24.0,92,100,95.0,2.7
2025-10-24T09:00,25.0,86,100,189.0,1.4
2025-10-24T10:00,26.4,77,100,396.0,1.3
2025-10-24T11:00,26.7,72,100,425.0,5.3
2025-10-24T12:00,27.1,70,100,339.0,5.3
2025-10-24T13:00,27.5,69,100,429.0,4.7
2025-10-24T14:00,28.0,67,100,495.0,5.6
2025-10-24T15:00,27.6,68,100,291.0,2.4
2025-10-24T16:00,26.9,73,97,158.0,1.3
2025-10-24T17:00,27.1,71,100,87.0,6.2
2025-10-24T18:00,25.7,82,100,3.0,7.9
2025-10-24T19:00,24.8,90,100,0.0,5.5
2025-10-24T20:00,24.5,93,100,0.0,2.3
2025-10-24T21:00,24.3,95,100,0.0,4.3
2025-10-24T22:00,24.1,97,100,0.0,2.2
2025-10-24T23:00,23.9,98,100,0.0,3.2
2025-10-25T00:00,23.6,99,100,0.0,0.3
2025-10-25T01:00,23.3,98,100,0.0,3.1
2025-10-25T02:00,23.4,98,100,0.0,2.2
2025-10-25T03:00,22.9,99,83,0.0,1.0
2025-10-25T04:00,22.9,98,54,0.0,2.4
2025-10-25T05:00,23.0,98,99,0.0,7.7
2025-10-25T06:00,23.0,97,100,2.0,6.0
2025-10-25T07:00,23.6,92,100,78.0,6.3
2025-10-25T08:00,24.4,88,100,146.0,5.8
2025-10-25T09:00,25.9,80,95,255.0,4.7
2025-10-25T10:00,27.7,72,95,507.0,5.1
2025-10-25T11:00,28.8,67,26,638.0,5.5
2025-10-25T12:00,29.1,67,48,766.0,2.6
2025-10-25T13:00,29.5,63,72,683.0,1.7
2025-10-25T14:00,29.7,60,100,532.0,4.2
2025-10-25T15:00,29.0,64,100,310.0,10.7
2025-10-25T16:00,27.3,75,100,147.0,13.9
2025-10-25T17:00,26.9,81,100,83.0,11.7
2025-10-25T18:00,25.6,86,98,4.0,7.5
2025-10-25T19:00,25.0,89,99,0.0,6.0
2025-10-25T20:00,24.4,94,98,0.0,6.1
2025-10-25T21:00,24.3,92,84,0.0,10.6
2025-10-25T22:00,24.1,91,20,0.0,11.9
2025-10-25T23:00,24.3,96,44,0.0,12.1
2025-10-26T00:00,24.2,94,47,0.0,8.7
2025-10-26T01:00,23.8,95,100,0.0,6.1
2025-10-26T02:00,23.4,97,90,0.0,8.5
2025-10-26T03:00,23.1,99,91,0.0,5.9
2025-10-26T04:00,22.8,100,100,0.0,4.8
2025-10-26T05:00,22.7,100,99,0.0,2.4
2025-10-26T06:00,22.6,100,98,3.0,3.4
2025-10-26T07:00,24.4,91,42,106.0,9.5
2025-10-26T08:00,26.3,80,39,313.0,11.9
2025-10-26T09:00,27.7,73,21,469.0,12.2
2025-10-26T10:00,28.9,69,62,654.0,11.5
2025-10-26T11:00,29.7,65,91,799.0,11.3
2025-10-26T12:00,30.1,63,29,772.0,10.2
2025-10-26T13:00,30.2,63,98,775.0,6.6
2025-10-26T14:00,30.2,63,73,651.0,8.5
2025-10-26T15:00,30.1,62,90,533.0,9.6
2025-10-26T16:00,29.2,62,100,334.0,13.4
2025-10-26T17:00,27.9,72,100,95.0,11.1
2025-10-26T18:00,26.2,80,100,4.0,10.8
2025-10-26T19:00,25.6,83,100,0.0,10.3
2025-10-26T20:00,25.0,85,100,0.0,10.1
2025-10-26T21:00,24.3,89,100,0.0,7.2
2025-10-26T22:00,24.0,89,100,0.0,7.2
2025-10-26T23:00,23.8,89,100,0.0,8.2
2025-10-27T00:00,23.5,92,100,0.0,6.3
2025-10-27T01:00,23.2,94,100,0.0,4.1
2025-10-27T02:00,22.9,95,100,0.0,2.5
2025-10-27T03:00,22.9,95,100,0.0,2.7
2025-10-27T04:00,23.2,94,100,0.0,1.6
2025-10-27T05:00,23.0,94,100,0.0,1.2
2025-10-27T06:00,22.8,96,100,3.0,5.4
2025-10-27T07:00,24.0,92,100,87.0,2.0
2025-10-27T08:00,25.6,86,100,257.0,4.8
2025-10-27T09:00,27.3,77,100,465.0,5.0
2025-10-27T10:00,28.5,71,100,555.0,0.9
2025-10-27T11:00,29.0,70,100,317.0,7.8
2025-10-27T12:00,28.3,70,100,202.0,10.3
2025-10-27T13:00,28.9,66,100,289.0,8.1
2025-10-27T14:00,28.8,66,100,290.0,5.0
2025-10-27T15:00,28.3,68,100,121.0,5.0
2025-10-27T16:00,27.8,71,100,75.0,6.1
2025-10-27T17:00,26.2,79,100,57.0,8.2
2025-10-27T18:00,25.5,84,100,2.0,4.0
2025-10-27T19:00,25.1,87,100,0.0,4.3
2025-10-27T20:00,25.0,91,100,0.0,4.6
2025-10-27T21:00,24.9,92,100,0.0,3.1
2025-10-27T22:00,24.6,92,100,0.0,5.3
2025-10-27T23:00,23.2,90,100,0.0,10.6
2025-10-28T00:00,23.3,96,100,0.0,9.7
2025-10-28T01:00,23.3,96,100,0.0,9.9
2025-10-28T02:00,23.5,94,100,0.0,9.8
2025-10-28T03:00,23.6,95,100,0.0,12.6
2025-10-28T04:00,24.1,92,100,0.0,13.7
2025-10-28T05:00,24.2,86,100,0.0,16.3
2025-10-28T06:00,24.5,83,100,1.0,14.1
2025-10-28T07:00,24.6,83,100,11.0,10.2
2025-10-28T08:00,24.1,90,100,34.0,13.3
2025-10-28T09:00,24.3,91,100,69.0,16.0
2025-10-28T10:00,24.8,93,100,148.0,17.6
2025-10-28T11:00,24.7,91,100,114.0,19.8
2025-10-28T12:00,24.6,90,100,101.0,17.6
2025-10-28T13:00,24.6,89,100,96.0,19.5
2025-10-28T14:00,25.0,86,100,122.0,20.3
2025-10-28T15:00,24.3,88,100,81.0,21.4
2025-10-28T16:00,24.2,90,100,33.0,21.3
2025-10-28T17:00,24.1,90,100,9.0,15.8
2025-10-28T18:00,24.3,91,100,0.0,17.2
2025-10-28T19:00,24.5,90,100,0.0,19.1
2025-10-28T20:00,24.4,88,100,0.0,20.3
2025-10-28T21:00,23.9,90,100,0.0,16.4
2025-10-28T22:00,23.8,90,100,0.0,17.9
2025-10-28T23:00,24.1,88,100,0.0,23.7
2025-10-29T00:00,23.7,89,100,0.0,20.5
2025-10-29T01:00,23.3,89,100,0.0,18.7
2025-10-29T02:00,23.0,89,100,0.0,16.7
2025-10-29T03:00,22.8,90,100,0.0,14.8
2025-10-29T04:00,22.7,90,100,0.0,15.1
2025-10-29T05:00,22.6,91,100,0.0,12.0
2025-10-29T06:00,22.6,91,100,1.0,10.4
2025-10-29T07:00,22.9,91,100,32.0,13.9
2025-10-29T08:00,23.1,92,100,48.0,15.1
2025-10-29T09:00,23.8,92,100,136.0,16.4
2025-10-29T10:00,24.5,92,100,231.0,13.3
2025-10-29T11:00,26.6,78,100,443.0,17.7
2025-10-29T12:00,28.5,64,100,572.0,22.5
2025-10-29T13:00,29.2,59,100,496.0,20.5
2025-10-29T14:00,30.1,55,100,493.0,20.5
2025-10-29T15:00,30.4,53,100,464.0,18.7
2025-10-29T16:00,30.4,52,100,299.0,14.9
2025-10-29T17:00,28.6,60,100,108.0,7.9
2025-10-29T18:00,26.5,67,100,3.0,6.7
2025-10-29T19:00,26.1,68,100,0.0,8.6
2025-10-29T20:00,26.8,61,100,0.0,14.9
2025-10-29T21:00,26.8,60,100,0.0,15.7
2025-10-29T22:00,26.1,63,100,0.0,15.7
2025-10-29T23:00,25.6,66,100,0.0,14.8
2025-10-30T00:00,24.6,72,100,0.0,10.9
2025-10-30T01:00,23.7,76,100,0.0,10.6
2025-10-30T02:00,23.2,78,100,0.0,9.8
2025-10-30T03:00,22.8,79,100,0.0,10.1
2025-10-30T04:00,22.4,81,100,0.0,8.1
2025-10-30T05:00,21.9,83,97,0.0,6.4
2025-10-30T06:00,21.9,85,96,3.0,4.2
2025-10-30T07:00,23.7,79,72,111.0,3.7
2025-10-30T08:00,25.8,71,66,334.0,7.5
2025-10-30T09:00,27.5,64,60,550.0,12.3
2025-10-30T10:00,28.7,59,100,725.0,12.3
2025-10-30T11:00,30.3,52,95,838.0,17.8
2025-10-30T12:00,31.6,46,100,848.0,24.0
2025-10-30T13:00,32.0,43,98,639.0,23.3
2025-10-30T14:00,32.0,42,57,492.0,19.7
2025-10-30T15:00,32.5,41,100,553.0,17.5
2025-10-30T16:00,31.5,46,95,326.0,12.5
2025-10-30T17:00,29.4,48,94,115.0,9.6
2025-10-30T18:00,28.8,46,88,3.0,11.0
2025-10-30T19:00,27.0,51,99,0.0,7.7
2025-10-30T20:00,25.3,59,100,0.0,6.7
2025-10-30T21:00,24.7,62,100,0.0,6.1
2025-10-30T22:00,24.2,65,50,0.0,9.1
2025-10-30T23:00,23.8,69,62,0.0,8.7
2025-10-31T00:00,23.8,70,0,0.0,10.2
2025-10-31T01:00,23.3,72,0,0.0,11.7
2025-10-31T02:00,23.0,71,0,0.0,11.7
2025-10-31T03:00,22.6,72,0,0.0,10.9
2025-10-31T04:00,21.9,75,0,0.0,8.1
2025-10-31T05:00,21.1,81,0,0.0,5.3
2025-10-31T06:00,21.9,79,0,3.0,4.5
2025-10-31T07:00,23.6,75,0,117.0,4.5
2025-10-31T08:00,25.5,68,0,339.0,4.8
2025-10-31T09:00,27.3,63,0,554.0,7.0
2025-10-31T10:00,29.1,57,1,726.0,8.3
2025-10-31T11:00,30.0,51,0,835.0,8.4
2025-10-31T12:00,31.0,49,0,877.0,8.8
2025-10-31T13:00,31.8,46,15,829.0,11.0
2025-10-31T14:00,31.9,44,17,682.0,10.5
2025-10-31T15:00,31.9,42,56,527.0,10.0
2025-10-31T16:00,31.2,45,55,299.0,9.1
2025-10-31T17:00,29.1,62,9,97.0,3.8
2025-10-31T18:00,28.1,59,5,3.0,2.1
2025-10-31T19:00,27.7,60,3,0.0,1.3
2025-10-31T20:00,26.9,62,6,0.0,2.3
2025-10-31T21:00,25.9,67,9,0.0,1.4
2025-10-31T22:00,25.0,72,2,0.0,1.7
2025-10-31T23:00,24.8,77,1,0.0,0.5
2025-11-01T00:00,24.7,77,0,0.0,0.9
2025-11-01T01:00,24.1,80,1,0.0,2.9
2025-11-01T02:00,23.7,83,5,0.0,4.7
2025-11-01T03:00,23.4,84,9,0.0,8.6
2025-11-01T04:00,23.2,85,30,0.0,8.0
2025-11-01T05:00,23.5,84,18,0.0,7.7
2025-11-01T06:00,24.2,83,45,2.0,9.6
2025-11-01T07:00,25.5,79,21,110.0,9.6
2025-11-01T08:00,27.1,73,66,317.0,12.1
2025-11-01T09:00,28.8,66,84,539.0,11.7
2025-11-01T10:00,30.1,60,88,710.0,8.9
2025-11-01T11:00,30.5,56,84,754.0,6.3
2025-11-01T12:00,31.3,52,95,794.0,6.0
2025-11-01T13:00,31.7,51,99,744.0,6.2
2025-11-01T14:00,31.7,51,70,601.0,6.5
2025-11-01T15:00,31.6,51,64,470.0,6.0
2025-11-01T16:00,31.3,52,9,311.0,5.2
2025-11-01T17:00,29.5,65,9,112.0,4.2
2025-11-01T18:00,28.1,68,7,3.0,4.2
2025-11-01T19:00,27.5,71,39,0.0,1.7
2025-11-01T20:00,27.0,73,46,0.0,2.1
2025-11-01T21:00,26.0,77,80,0.0,4.7
2025-11-01T22:00,25.9,79,97,0.0,1.9
2025-11-01T23:00,26.1,82,97,0.0,1.1
2025-11-02T00:00,25.9,84,100,0.0,1.3
2025-11-02T01:00,25.1,88,99,0.0,2.0
2025-11-02T02:00,24.9,89,100,0.0,1.1
2025-11-02T03:00,24.8,90,100,0.0,0.8
2025-11-02T04:00,24.1,93,100,0.0,3.0
2025-11-02T05:00,23.8,92,100,0.0,9.4
2025-11-02T06:00,24.8,82,100,2.0,11.8
2025-11-02T07:00,26.2,77,72,97.0,8.7
2025-11-02T08:00,27.6,73,23,280.0,8.0
2025-11-02T09:00,28.8,71,47,504.0,11.7
2025-11-02T10:00,30.3,62,100,564.0,10.9
2025-11-02T11:00,29.7,62,78,493.0,11.4
2025-11-02T12:00,30.8,59,49,650.0,9.8
2025-11-02T13:00,31.5,57,93,756.0,8.5
2025-11-02T14:00,31.9,55,97,669.0,9.6
2025-11-02T15:00,31.7,54,97,494.0,12.1
2025-11-02T16:00,30.9,55,99,314.0,11.8
2025-11-02T17:00,28.4,73,95,108.0,2.8
2025-11-02T18:00,27.9,71,100,3.0,1.7
2025-11-02T19:00,27.3,72,100,0.0,5.6
2025-11-02T20:00,27.2,71,100,0.0,7.7
2025-11-02T21:00,26.5,74,100,0.0,7.5
2025-11-02T22:00,25.8,77,95,0.0,5.5
2025-11-02T23:00,25.4,83,91,0.0,3.9
2025-11-03T00:00,25.7,83,91,0.0,6.0
2025-11-03T01:00,25.5,83,100,0.0,6.2
2025-11-03T02:00,25.4,82,100,0.0,7.7
2025-11-03T03:00,25.1,84,99,0.0,10.2
2025-11-03T04:00,24.8,85,84,0.0,16.5
2025-11-03T05:00,24.3,85,45,0.0,9.7
2025-11-03T06:00,24.8,85,100,2.0,11.2
2025-11-03T07:00,25.8,80,99,82.0,12.1
2025-11-03T08:00,27.1,73,100,250.0,14.7
2025-11-03T09:00,28.9,67,97,490.0,15.7
2025-11-03T10:00,30.4,59,77,680.0,14.7
2025-11-03T11:00,31.1,58,30,778.0,13.0
2025-11-03T12:00,31.9,54,50,749.0,10.7
2025-11-03T13:00,32.3,52,100,723.0,10.2
2025-11-03T14:00,32.7,50,100,568.0,9.8
2025-11-03T15:00,26.6,84,100,209.0,12.3
2025-11-03T16:00,27.6,75,100,236.0,1.1
2025-11-03T17:00,28.2,69,52,89.0,5.5
2025-11-03T18:00,27.3,73,98,2.0,5.2
2025-11-03T19:00,26.6,76,93,0.0,3.9
2025-11-03T20:00,26.3,77,31,0.0,6.1
2025-11-03T21:00,26.0,79,95,0.0,5.1
2025-11-03T22:00,25.9,79,33,0.0,9.8
2025-11-03T23:00,24.2,85,98,0.0,8.9
2025-11-04T00:00,25.2,83,100,0.0,7.9
2025-11-04T01:00,25.0,84,100,0.0,11.8
2025-11-04T02:00,24.1,89,100,0.0,11.8
2025-11-04T03:00,23.6,92,100,0.0,12.6
2025-11-04T04:00,23.2,92,100,0.0,8.7
2025-11-04T05:00,23.8,97,100,0.0,4.7
2025-11-04T06:00,24.5,93,100,1.0,10.1
2025-11-04T07:00,24.4,92,100,25.0,7.5
2025-11-04T08:00,25.3,85,100,82.0,11.0
2025-11-04T09:00,27.3,75,100,352.0,12.6
2025-11-04T10:00,29.0,68,100,517.0,9.7
2025-11-04T11:00,25.6,79,100,546.0,22.6
2025-11-04T12:00,26.6,75,94,365.0,8.9
2025-11-04T13:00,28.6,69,100,636.0,12.7
2025-11-04T14:00,29.2,63,100,484.0,14.8
2025-11-04T15:00,29.3,63,100,409.0,12.9
2025-11-04T16:00,29.2,61,100,214.0,11.1
2025-11-04T17:00,26.8,77,98,86.0,12.0
2025-11-04T18:00,25.8,84,95,2.0,6.0
2025-11-04T19:00,25.0,91,71,0.0,4.8
2025-11-04T20:00,24.3,92,23,0.0,5.9
2025-11-04T21:00,23.7,92,82,0.0,3.8
2025-11-04T22:00,23.5,93,100,0.0,3.3
2025-11-04T23:00,23.8,93,100,0.0,2.1
2025-11-05T00:00,24.2,91,98,0.0,1.1
2025-11-05T01:00,23.9,93,13,0.0,3.5
2025-11-05T02:00,23.8,93,34,0.0,5.4
2025-11-05T03:00,23.9,90,17,0.0,10.9
2025-11-05T04:00,23.4,89,8,0.0,11.2
2025-11-05T05:00,24.1,96,66,0.0,4.2
2025-11-05T06:00,24.8,91,29,1.0,8.9
2025-11-05T07:00,25.8,79,39,82.0,10.3
2025-11-05T08:00,26.0,77,100,219.0,4.1
2025-11-05T09:00,26.3,74,99,224.0,11.8
2025-11-05T10:00,26.8,70,100,293.0,12.2
2025-11-05T11:00,28.2,66,63,414.0,15.6
2025-11-05T12:00,28.9,66,16,654.0,9.1
2025-11-05T13:00,30.0,60,34,757.0,8.9
2025-11-05T14:00,30.4,56,42,625.0,9.9
2025-11-05T15:00,29.8,59,66,444.0,10.5
2025-11-05T16:00,29.6,59,57,264.0,8.5
2025-11-05T17:00,27.2,74,87,85.0,7.7
2025-11-05T18:00,25.9,79,95,2.0,3.5
2025-11-05T19:00,25.6,80,81,0.0,6.3
2025-11-05T20:00,25.4,87,44,0.0,4.1
2025-11-05T21:00,24.4,91,60,0.0,6.9
2025-11-05T22:00,24.0,92,88,0.0,4.6
2025-11-05T23:00,24.6,93,88,0.0,7.0
2025-11-06T00:00,23.1,91,98,0.0,14.1
2025-11-06T01:00,23.3,92,98,0.0,9.8
2025-11-06T02:00,22.8,95,100,0.0,5.9
2025-11-06T03:00,22.4,93,84,0.0,2.4
2025-11-06T04:00,22.2,95,52,0.0,2.5
2025-11-06T05:00,23.0,94,55,0.0,11.9
2025-11-06T06:00,23.4,90,50,2.0,5.9
2025-11-06T07:00,24.3,87,45,86.0,6.5
2025-11-06T08:00,26.0,78,50,297.0,6.3
2025-11-06T09:00,27.5,71,14,464.0,7.0
2025-11-06T10:00,28.8,68,16,675.0,4.9
2025-11-06T11:00,29.8,58,27,758.0,5.2
2025-11-06T12:00,30.6,57,20,785.0,8.7
2025-11-06T13:00,30.3,59,39,709.0,9.8
2025-11-06T14:00,30.0,59,45,634.0,5.4
2025-11-06T15:00,30.1,58,11,486.0,6.8
2025-11-06T16:00,28.4,62,34,306.0,14.6
2025-11-06T17:00,26.9,74,30,81.0,5.8
2025-11-06T18:00,25.7,81,27,2.0,4.9
2025-11-06T19:00,24.8,85,23,0.0,4.3
2025-11-06T20:00,24.4,84,43,0.0,4.0
2025-11-06T21:00,24.0,86,54,0.0,2.7
2025-11-06T22:00,23.8,89,95,0.0,4.1
2025-11-06T23:00,24.0,92,11,0.0,2.8
2025-11-07T00:00,24.1,91,19,0.0,4.3
2025-11-07T01:00,23.6,93,8,0.0,5.2
2025-11-07T02:00,23.2,94,4,0.0,6.3
2025-11-07T03:00,22.9,94,5,0.0,5.2
2025-11-07T04:00,22.6,95,1,0.0,6.2
2025-11-07T05:00,22.7,95,5,0.0,7.5
2025-11-07T06:00,23.4,91,27,2.0,6.0
2025-11-07T07:00,25.2,84,81,95.0,5.4
2025-11-07T08:00,27.1,74,68,263.0,3.6
2025-11-07T09:00,28.4,65,76,466.0,4.7
2025-11-07T10:00,28.8,63,95,588.0,6.7
2025-11-07T11:00,28.6,64,100,710.0,6.7
2025-11-07T12:00,29.5,58,99,612.0,9.4
2025-11-07T13:00,29.0,58,95,322.0,9.3
2025-11-07T14:00,29.8,56,85,577.0,10.3
2025-11-07T15:00,29.5,54,84,452.0,11.1
2025-11-07T16:00,29.0,55,73,288.0,9.3
2025-11-07T17:00,27.8,62,100,98.0,5.4
2025-11-07T18:00,26.1,70,100,2.0,4.1
2025-11-07T19:00,25.8,69,95,0.0,1.5
2025-11-07T20:00,25.6,68,94,0.0,1.5
2025-11-07T21:00,24.8,70,94,0.0,3.6
2025-11-07T22:00,24.3,73,94,0.0,3.8
2025-11-07T23:00,24.4,74,81,0.0,3.6
2025-11-08T00:00,24.1,76,77,0.0,5.9
2025-11-08T01:00,23.4,80,77,0.0,3.6
2025-11-08T02:00,22.8,83,10,0.0,5.9
2025-11-08T03:00,21.8,89,3,0.0,3.9
2025-11-08T04:00,21.4,90,0,0.0,6.9
2025-11-08T05:00,21.1,92,0,0.0,5.9
2025-11-08T06:00,21.8,88,34,2.0,6.0
2025-11-08T07:00,23.5,82,33,106.0,6.0
2025-11-08T08:00,25.8,68,58,324.0,7.2
2025-11-08T09:00,27.5,58,71,540.0,8.8
2025-11-08T10:00,28.8,50,78,715.0,10.0
2025-11-08T11:00,29.6,41,0,829.0,12.5
2025-11-08T12:00,30.2,37,22,855.0,15.0
2025-11-08T13:00,30.1,37,0,786.0,14.2
2025-11-08T14:00,30.3,35,1,720.0,11.6
2025-11-08T15:00,30.2,31,0,550.0,14.4
2025-11-08T16:00,29.0,35,0,339.0,14.2
2025-11-08T17:00,26.4,50,0,116.0,5.9
2025-11-08T18:00,24.8,49,0,2.0,6.9
2025-11-08T19:00,23.9,47,0,0.0,7.6
2025-11-08T20:00,22.9,50,0,0.0,7.6
2025-11-08T21:00,22.3,55,0,0.0,6.4
2025-11-08T22:00,22.1,53,0,0.0,6.1
2025-11-08T23:00,21.1,61,0,0.0,3.8
2025-11-09T00:00,20.6,63,0,0.0,4.3
2025-11-09T01:00,20.1,62,0,0.0,4.3
2025-11-09T02:00,19.9,60,0,0.0,3.1
2025-11-09T03:00,18.9,63,0,0.0,5.0
2025-11-09T04:00,18.3,63,0,0.0,5.1
2025-11-09T05:00,18.3,71,0,0.0,6.8
2025-11-09T06:00,20.1,56,0,2.0,10.1
2025-11-09T07:00,21.8,55,0,111.0,10.8
2025-11-09T08:00,24.0,54,0,334.0,7.3
2025-11-09T09:00,26.1,51,0,551.0,10.3
2025-11-09T10:00,27.7,47,0,725.0,11.2
2025-11-09T11:00,28.5,39,0,837.0,10.5
2025-11-09T12:00,29.1,34,0,874.0,9.3
2025-11-09T13:00,29.2,32,0,838.0,9.1
2025-11-09T14:00,29.1,34,1,732.0,9.1
2025-11-09T15:00,28.6,35,1,557.0,8.6
2025-11-09T16:00,28.1,38,1,339.0,6.0
2025-11-09T17:00,25.9,55,0,113.0,3.6
2025-11-09T18:00,24.7,55,0,2.0,2.7
2025-11-09T19:00,24.4,55,0,0.0,1.5
2025-11-09T20:00,22.7,60,0,0.0,5.6
2025-11-09T21:00,22.0,60,0,0.0,7.5
2025-11-09T22:00,21.4,62,0,0.0,5.5
2025-11-09T23:00,20.9,66,0,0.0,4.9
2025-11-10T00:00,20.8,67,0,0.0,5.5
2025-11-10T01:00,20.7,70,0,0.0,3.3
2025-11-10T02:00,20.6,70,0,0.0,1.5
2025-11-10T03:00,20.1,72,0,0.0,3.0
2025-11-10T04:00,19.6,73,0,0.0,4.0
2025-11-10T05:00,19.6,78,69,0.0,3.9
2025-11-10T06:00,20.1,77,77,1.0,3.8
2025-11-10T07:00,22.4,69,27,104.0,4.4
2025-11-10T08:00,24.7,59,10,320.0,4.8
2025-11-10T09:00,26.3,56,63,533.0,6.0
2025-11-10T10:00,27.6,53,79,704.0,6.4
2025-11-10T11:00,28.1,49,87,813.0,5.0
2025-11-10T12:00,28.9,47,88,849.0,5.0
2025-11-10T13:00,29.2,46,92,813.0,5.7
2025-11-10T14:00,29.3,45,84,705.0,6.7
2025-11-10T15:00,29.0,46,77,501.0,10.8
2025-11-10T16:00,28.1,47,54,270.0,9.7
2025-11-10T17:00,26.6,63,76,106.0,2.6
2025-11-10T18:00,25.8,64,18,2.0,2.9
2025-11-10T19:00,24.6,69,8,0.0,3.6
2025-11-10T20:00,23.9,72,17,0.0,4.3
2025-11-10T21:00,23.0,77,4,0.0,4.1
2025-11-10T22:00,22.5,79,4,0.0,2.4
2025-11-10T23:00,21.9,83,92,0.0,2.5
2025-11-11T00:00,21.9,82,33,0.0,2.1
2025-11-11T01:00,21.4,83,5,0.0,2.5
2025-11-11T02:00,20.9,85,1,0.0,2.3
2025-11-11T03:00,20.8,85,0,0.0,1.3
2025-11-11T04:00,20.8,83,0,0.0,0.6
2025-11-11T05:00,20.7,84,0,0.0,0.4
2025-11-11T06:00,21.1,83,0,1.0,0.7
2025-11-11T07:00,23.4,76,0,102.0,2.5
2025-11-11T08:00,25.5,63,0,316.0,1.1
2025-11-11T09:00,27.1,57,0,528.0,2.9
2025-11-11T10:00,28.3,52,45,698.0,4.5
2025-11-11T11:00,28.7,51,0,808.0,4.9
2025-11-11T12:00,29.6,48,3,844.0,5.9
2025-11-11T13:00,29.9,47,39,804.0,6.1
2025-11-11T14:00,29.9,46,27,627.0,6.7
2025-11-11T15:00,29.8,45,9,467.0,7.5
2025-11-11T16:00,29.4,44,9,297.0,8.4
2025-11-11T17:00,27.2,59,6,104.0,4.4
2025-11-11T18:00,26.0,65,2,2.0,2.8
2025-11-11T19:00,25.0,69,1,0.0,5.6
2025-11-11T20:00,24.3,71,19,0.0,6.0
2025-11-11T21:00,23.5,75,5,0.0,5.0
2025-11-11T22:00,22.8,80,1,0.0,4.8
2025-11-11T23:00,22.5,82,1,0.0,4.8
2025-11-12T00:00,22.4,82,5,0.0,4.1
2025-11-12T01:00,22.3,80,2,0.0,2.4
2025-11-12T02:00,22.1,79,2,0.0,3.4
2025-11-12T03:00,22.0,77,4,0.0,2.8
2025-11-12T04:00,21.7,78,0,0.0,2.1
2025-11-12T05:00,21.0,88,0,0.0,4.1
2025-11-12T06:00,21.1,88,2,1.0,3.4
2025-11-12T07:00,23.0,79,4,99.0,3.2
2025-11-12T08:00,25.2,65,2,312.0,3.1
2025-11-12T09:00,26.9,57,0,525.0,4.7
2025-11-12T10:00,28.4,51,87,696.0,7.8
2025-11-12T11:00,28.7,48,0,806.0,8.9
2025-11-12T12:00,29.5,47,0,844.0,10.1
2025-11-12T13:00,29.8,47,0,809.0,10.3
2025-11-12T14:00,30.0,47,0,700.0,9.6
2025-11-12T15:00,29.9,48,23,530.0,9.5
2025-11-12T16:00,29.3,50,9,320.0,9.0
2025-11-12T17:00,27.7,56,2,104.0,5.5
2025-11-12T18:00,26.2,63,3,2.0,7.8
2025-11-12T19:00,25.2,67,2,0.0,5.4
2025-11-12T20:00,24.9,67,5,0.0,7.0
2025-11-12T21:00,24.1,72,20,0.0,6.1
2025-11-12T22:00,23.3,75,98,0.0,5.2
2025-11-12T23:00,23.7,78,0,0.0,8.5
2025-11-13T00:00,23.5,86,0,0.0,7.4
2025-11-13T01:00,22.9,92,0,0.0,5.1
2025-11-13T02:00,22.4,95,0,0.0,3.2
2025-11-13T03:00,22.1,96,0,0.0,1.5
2025-11-13T04:00,21.7,97,0,0.0,1.5
2025-11-13T05:00,21.5,99,0,0.0,3.1
2025-11-13T06:00,21.7,95,0,1.0,5.6
2025-11-13T07:00,23.4,84,0,98.0,4.9
2025-11-13T08:00,25.5,74,0,311.0,5.2
2025-11-13T09:00,27.0,63,0,525.0,7.6
2025-11-13T10:00,28.3,54,0,701.0,9.4
2025-11-13T11:00,29.0,51,0,814.0,10.2
2025-11-13T12:00,29.9,48,0,848.0,10.4
2025-11-13T13:00,30.1,47,0,811.0,10.7
2025-11-13T14:00,30.2,47,0,703.0,11.4
2025-11-13T15:00,29.9,47,4,533.0,12.2
2025-11-13T16:00,29.2,48,9,319.0,11.4
2025-11-13T17:00,27.5,56,1,105.0,6.1
2025-11-13T18:00,25.9,64,1,2.0,6.3
2025-11-13T19:00,24.9,68,2,0.0,6.3
2025-11-13T20:00,24.4,69,2,0.0,7.8
2025-11-13T21:00,23.9,76,0,0.0,12.1
2025-11-13T22:00,23.4,86,0,0.0,11.9
2025-11-13T23:00,23.1,92,1,0.0,10.4
2025-11-14T00:00,22.8,93,4,0.0,6.9
2025-11-14T01:00,22.2,96,6,0.0,4.7
2025-11-14T02:00,21.8,96,5,0.0,4.7
2025-11-14T03:00,21.4,97,20,0.0,4.5
2025-11-14T04:00,20.8,99,34,0.0,3.3
2025-11-14T05:00,21.0,100,98,0.0,4.4
2025-11-14T06:00,21.0,95,23,1.0,7.1
2025-11-14T07:00,21.7,86,18,89.0,7.6
2025-11-14T08:00,23.9,80,21,301.0,9.1
2025-11-14T09:00,25.5,70,9,468.0,10.1
2025-11-14T10:00,26.8,58,3,692.0,9.8
2025-11-14T11:00,27.4,53,2,818.0,10.3
2025-11-14T12:00,28.3,48,0,860.0,10.4
2025-11-14T13:00,28.7,46,0,826.0,11.3
2025-11-14T14:00,28.8,43,0,720.0,11.4
2025-11-14T15:00,28.5,43,0,550.0,10.1
2025-11-14T16:00,27.8,46,0,334.0,8.9
2025-11-14T17:00,25.3,55,0,111.0,5.2
2025-11-14T18:00,23.4,62,15,2.0,6.4
2025-11-14T19:00,22.4,64,48,0.0,6.2
2025-11-14T20:00,21.8,66,0,0.0,4.6
2025-11-14T21:00,21.1,69,0,0.0,4.2
2025-11-14T22:00,20.2,74,0,0.0,6.3
2025-11-14T23:00,20.8,76,0,0.0,8.2
2025-11-15T00:00,20.6,78,0,0.0,7.2
2025-11-15T01:00,19.9,82,0,0.0,6.6
2025-11-15T02:00,19.2,87,0,0.0,4.7
2025-11-15T03:00,18.9,88,9,0.0,2.3
2025-11-15T04:00,18.7,88,0,0.0,2.4
2025-11-15T05:00,18.3,90,0,0.0,1.9
2025-11-15T06:00,18.5,90,21,1.0,2.7
2025-11-15T07:00,20.9,80,0,100.0,5.6
2025-11-15T08:00,23.2,69,0,319.0,6.1
2025-11-15T09:00,25.2,59,0,534.0,8.1
2025-11-15T10:00,26.6,52,23,704.0,11.3
2025-11-15T11:00,27.3,49,100,807.0,16.0
2025-11-15T12:00,27.5,48,18,522.0,13.3
2025-11-15T13:00,29.2,42,21,764.0,12.2
2025-11-15T14:00,29.6,38,13,611.0,13.9
2025-11-15T15:00,29.3,38,9,478.0,13.4
2025-11-15T16:00,28.4,41,2,311.0,13.7
2025-11-15T17:00,26.2,52,18,108.0,9.1
2025-11-15T18:00,24.9,55,19,2.0,8.5
2025-11-15T19:00,24.2,58,23,0.0,10.0
2025-11-15T20:00,23.5,62,8,0.0,9.4
2025-11-15T21:00,22.5,67,15,0.0,9.1
2025-11-15T22:00,21.6,72,79,0.0,7.3
2025-11-15T23:00,21.0,77,21,0.0,6.4
2025-11-16T00:00,20.3,80,0,0.0,4.2
2025-11-16T01:00,19.3,84,19,0.0,4.0
2025-11-16T02:00,18.7,88,0,0.0,3.6
2025-11-16T03:00,18.2,90,0,0.0,4.4
2025-11-16T04:00,17.8,91,0,0.0,4.6
2025-11-16T05:00,17.7,92,0,0.0,4.8
2025-11-16T06:00,18.3,88,0,1.0,5.2
2025-11-16T07:00,20.5,79,0,97.0,7.5
2025-11-16T08:00,23.0,71,0,313.0,7.6
2025-11-16T09:00,25.0,65,0,526.0,10.8
2025-11-16T10:00,26.5,56,0,697.0,12.9
2025-11-16T11:00,27.2,54,12,808.0,12.7
2025-11-16T12:00,28.2,49,17,802.0,12.1
2025-11-16T13:00,28.7,47,2,779.0,11.6
2025-11-16T14:00,28.8,44,5,688.0,11.1
2025-11-16T15:00,28.4,44,1,498.0,11.1
2025-11-16T16:00,27.8,44,1,322.0,11.0
2025-11-16T17:00,25.7,52,0,107.0,4.9
2025-11-16T18:00,23.7,60,18,2.0,6.4
2025-11-16T19:00,22.6,65,7,0.0,6.4
2025-11-16T20:00,21.8,67,2,0.0,6.0
2025-11-16T21:00,21.2,70,2,0.0,5.0
2025-11-16T22:00,20.9,71,5,0.0,4.0
2025-11-16T23:00,20.2,77,0,0.0,3.4
2025-11-17T00:00,20.1,78,0,0.0,1.8
2025-11-17T01:00,19.8,79,0,0.0,0.9
2025-11-17T02:00,19.2,80,0,0.0,0.6
2025-11-17T03:00,18.7,81,0,0.0,0.9
2025-11-17T04:00,17.9,83,2,0.0,5.0
2025-11-17T05:00,17.4,80,0,0.0,5.6
2025-11-17T06:00,17.7,79,36,1.0,6.3
2025-11-17T07:00,19.6,72,98,95.0,8.6
2025-11-17T08:00,21.9,62,98,295.0,6.7
2025-11-17T09:00,24.2,54,27,511.0,9.7
2025-11-17T10:00,25.9,51,98,689.0,11.7
2025-11-17T11:00,26.8,48,51,780.0,11.9
2025-11-17T12:00,27.6,47,100,820.0,11.7
2025-11-17T13:00,28.7,45,100,717.0,11.0
2025-11-17T14:00,27.9,47,100,451.0,7.7
2025-11-17T15:00,28.5,46,100,331.0,6.2
2025-11-17T16:00,28.0,48,100,150.0,11.1
2025-11-17T17:00,25.7,55,100,45.0,4.8
2025-11-17T18:00,24.3,60,92,1.0,7.3
2025-11-17T19:00,23.2,63,98,0.0,6.1
2025-11-17T20:00,22.4,67,100,0.0,5.5
2025-11-17T21:00,22.1,69,100,0.0,4.9
2025-11-17T22:00,21.7,72,96,0.0,4.2
2025-11-17T23:00,21.0,77,85,0.0,4.5
2025-11-18T00:00,20.6,79,70,0.0,3.9
2025-11-18T01:00,20.0,81,12,0.0,3.6
2025-11-18T02:00,19.4,83,77,0.0,3.7
2025-11-18T03:00,19.1,83,94,0.0,4.5
2025-11-18T04:00,19.2,81,87,0.0,5.4
2025-11-18T05:00,19.2,82,55,0.0,5.8
2025-11-18T06:00,19.5,80,51,0.0,4.9
2025-11-18T07:00,21.2,74,10,78.0,6.4
2025-11-18T08:00,23.5,61,11,276.0,7.6
2025-11-18T09:00,25.2,52,92,483.0,11.8
2025-11-18T10:00,26.0,50,95,522.0,12.2
2025-11-18T11:00,26.6,49,100,479.0,9.6
2025-11-18T12:00,26.8,50,100,493.0,9.0
2025-11-18T13:00,27.2,49,98,459.0,8.2
2025-11-18T14:00,27.9,47,42,509.0,7.4
2025-11-18T15:00,28.1,47,11,410.0,8.4
2025-11-18T16:00,27.9,47,100,296.0,9.7
2025-11-18T17:00,27.2,52,100,70.0,10.3
2025-11-18T18:00,26.4,53,100,1.0,11.0
2025-11-18T19:00,25.9,55,100,0.0,10.9
2025-11-18T20:00,25.1,58,51,0.0,9.3
2025-11-18T21:00,23.8,65,87,0.0,7.6
2025-11-18T22:00,23.6,67,63,0.0,8.0
2025-11-18T23:00,23.4,70,69,0.0,6.9
2025-11-19T00:00,23.0,74,1,0.0,8.0
2025-11-19T01:00,22.2,81,4,0.0,6.5
2025-11-19T02:00,21.6,86,10,0.0,5.6
2025-11-19T03:00,21.2,91,4,0.0,6.1
2025-11-19T04:00,20.6,95,2,0.0,4.6
2025-11-19T05:00,20.3,96,4,0.0,3.8
2025-11-19T06:00,20.0,98,9,0.0,4.0
2025-11-19T07:00,21.9,92,16,87.0,6.4
2025-11-19T08:00,23.9,82,18,290.0,8.4
2025-11-19T09:00,25.7,72,24,495.0,10.8
2025-11-19T10:00,26.8,65,41,624.0,10.8
2025-11-19T11:00,27.4,62,45,653.0,9.4
2025-11-19T12:00,28.7,56,51,716.0,8.4
2025-11-19T13:00,29.3,52,76,645.0,9.0
2025-11-19T14:00,29.3,51,59,506.0,9.0
2025-11-19T15:00,29.4,50,44,449.0,8.9
2025-11-19T16:00,28.8,51,67,276.0,9.9
2025-11-19T17:00,27.0,60,5,94.0,5.5
2025-11-19T18:00,25.3,68,7,1.0,6.3
2025-11-19T19:00,24.4,73,4,0.0,5.5
2025-11-19T20:00,23.6,77,2,0.0,4.8
2025-11-19T21:00,22.9,81,6,0.0,5.2
2025-11-19T22:00,22.3,82,6,0.0,5.4
2025-11-19T23:00,21.7,85,10,0.0,5.0
2025-11-20T00:00,22.2,82,11,0.0,6.4
2025-11-20T01:00,22.0,84,1,0.0,6.0
2025-11-20T02:00,21.4,88,0,0.0,5.3
2025-11-20T03:00,21.1,89,0,0.0,3.4
2025-11-20T04:00,20.6,91,0,0.0,2.5
2025-11-20T05:00,19.9,93,3,0.0,4.0
2025-11-20T06:00,20.0,88,1,0.0,5.6
2025-11-20T07:00,21.6,75,8,86.0,7.0
2025-11-20T08:00,23.7,62,3,293.0,8.1
2025-11-20T09:00,25.5,55,0,503.0,9.9
2025-11-20T10:00,27.1,50,0,674.0,10.0
2025-11-20T11:00,28.0,47,57,785.0,12.0
2025-11-20T12:00,28.8,44,80,826.0,12.0
2025-11-20T13:00,29.2,44,0,792.0,10.5
2025-11-20T14:00,29.4,44,0,686.0,10.0
2025-11-20T15:00,29.5,43,0,520.0,9.8
2025-11-20T16:00,29.1,42,1,313.0,9.9
2025-11-20T17:00,27.1,50,1,103.0,5.8
2025-11-20T18:00,25.4,58,0,1.0,6.9
2025-11-20T19:00,24.1,64,0,0.0,5.4
2025-11-20T20:00,23.4,68,30,0.0,4.1
2025-11-20T21:00,22.9,70,65,0.0,5.1
2025-11-20T22:00,22.5,68,24,0.0,6.5
2025-11-20T23:00,22.1,71,6,0.0,6.2
2025-11-21T00:00,22.2,71,1,0.0,6.0
2025-11-21T01:00,21.8,76,1,0.0,3.1
2025-11-21T02:00,21.5,77,1,0.0,2.3
2025-11-21T03:00,20.7,79,1,0.0,3.4
2025-11-21T04:00,20.3,80,13,0.0,3.8
2025-11-21T05:00,20.7,79,88,0.0,4.3
2025-11-21T06:00,21.2,75,100,0.0,5.7
2025-11-21T07:00,22.7,70,100,71.0,6.5
2025-11-21T08:00,24.6,69,100,228.0,7.0
2025-11-21T09:00,26.1,73,100,277.0,11.0
2025-11-21T10:00,27.0,71,100,358.0,14.3
2025-11-21T11:00,27.4,68,100,635.0,14.2
2025-11-21T12:00,28.2,65,100,401.0,12.6
2025-11-21T13:00,30.6,56,100,618.0,12.1
2025-11-21T14:00,25.6,83,84,154.0,8.7
2025-11-21T15:00,26.6,74,95,324.0,12.7
2025-11-21T16:00,26.2,76,52,162.0,8.0
2025-11-21T17:00,26.5,77,100,72.0,9.6
2025-11-21T18:00,25.5,81,99,1.0,7.7
2025-11-21T19:00,24.2,90,97,0.0,3.2
2025-11-21T20:00,23.6,94,25,0.0,3.1
2025-11-21T21:00,23.4,94,84,0.0,2.5
2025-11-21T22:00,23.4,94,51,0.0,5.7
2025-11-21T23:00,23.8,92,98,0.0,8.8
2025-11-22T00:00,23.6,94,82,0.0,8.0
2025-11-22T01:00,23.0,95,93,0.0,6.9
2025-11-22T02:00,22.5,96,82,0.0,4.2
2025-11-22T03:00,22.2,97,100,0.0,3.0
2025-11-22T04:00,21.8,99,91,0.0,1.7
2025-11-22T05:00,22.5,98,86,0.0,3.2
2025-11-22T06:00,22.5,98,100,0.0,3.5
2025-11-22T07:00,23.7,92,99,66.0,6.5
2025-11-22T08:00,25.1,83,100,224.0,10.3
2025-11-22T09:00,27.0,75,100,416.0,12.3
2025-11-22T10:00,27.8,67,95,342.0,15.1
2025-11-22T11:00,26.2,76,100,593.0,14.1
2025-11-22T12:00,28.8,62,100,446.0,14.8
2025-11-22T13:00,29.2,59,100,510.0,15.7
2025-11-22T14:00,30.1,55,100,622.0,15.0
2025-11-22T15:00,30.2,54,100,466.0,14.3
2025-11-22T16:00,29.8,54,96,282.0,16.4
2025-11-22T17:00,27.6,66,27,91.0,11.7
2025-11-22T18:00,26.5,72,92,1.0,11.1
2025-11-22T19:00,26.0,74,84,0.0,11.9
2025-11-22T20:00,25.3,78,82,0.0,10.7
2025-11-22T21:00,24.4,83,99,0.0,8.6
2025-11-22T22:00,23.9,86,100,0.0,8.1
2025-11-22T23:00,23.6,91,100,0.0,7.6
2025-11-23T00:00,23.8,91,100,0.0,7.4
2025-11-23T01:00,23.4,91,100,0.0,7.5
2025-11-23T02:00,22.6,97,92,0.0,3.7
2025-11-23T03:00,22.2,98,100,0.0,4.0
2025-11-23T04:00,22.3,98,95,0.0,4.7
2025-11-23T05:00,23.1,94,100,0.0,7.7
2025-11-23T06:00,23.0,96,100,0.0,8.7
2025-11-23T07:00,23.5,93,100,42.0,8.7
2025-11-23T08:00,25.0,84,88,222.0,11.0
2025-11-23T09:00,26.8,73,55,412.0,14.9
2025-11-23T10:00,28.4,65,56,619.0,16.6
2025-11-23T11:00,29.4,62,20,670.0,14.3
2025-11-23T12:00,30.7,56,9,741.0,15.2
2025-11-23T13:00,31.3,53,57,718.0,14.1
2025-11-23T14:00,28.9,62,100,583.0,20.4
2025-11-23T15:00,27.8,67,100,293.0,10.5
2025-11-23T16:00,28.5,62,100,175.0,14.5
2025-11-23T17:00,26.6,71,95,72.0,15.4
2025-11-23T18:00,25.9,77,99,1.0,9.3
2025-11-23T19:00,25.6,78,90,0.0,9.7
2025-11-23T20:00,25.1,81,95,0.0,9.5
2025-11-23T21:00,24.5,85,100,0.0,10.1
2025-11-23T22:00,24.0,88,100,0.0,9.1
2025-11-23T23:00,23.9,89,100,0.0,8.2
2025-11-24T00:00,23.8,91,100,0.0,8.5
2025-11-24T01:00,23.3,93,98,0.0,7.2
2025-11-24T02:00,23.1,94,100,0.0,7.0
2025-11-24T03:00,22.6,95,100,0.0,5.2
2025-11-24T04:00,22.2,96,34,0.0,4.8
2025-11-24T05:00,22.2,99,61,0.0,4.3
2025-11-24T06:00,22.5,98,91,0.0,4.8
2025-11-24T07:00,23.7,92,93,69.0,9.0
2025-11-24T08:00,25.1,84,73,237.0,12.6
2025-11-24T09:00,26.6,74,98,405.0,12.7
2025-11-24T10:00,28.5,63,42,613.0,13.2
2025-11-24T11:00,29.1,59,79,735.0,13.3
2025-11-24T12:00,30.4,53,21,759.0,12.6
2025-11-24T13:00,31.0,49,16,726.0,12.9
2025-11-24T14:00,31.1,47,72,623.0,13.7
2025-11-24T15:00,31.1,45,55,483.0,13.8
2025-11-24T16:00,30.5,46,21,253.0,12.6
2025-11-24T17:00,28.6,54,87,92.0,6.2
2025-11-24T18:00,27.0,61,48,1.0,9.8
2025-11-24T19:00,26.4,67,56,0.0,15.5
2025-11-24T20:00,25.3,74,87,0.0,15.2
2025-11-24T21:00,24.4,80,64,0.0,14.0
2025-11-24T22:00,23.8,84,84,0.0,13.2
2025-11-24T23:00,23.1,90,97,0.0,12.0
2025-11-25T00:00,22.9,90,84,0.0,10.6
2025-11-25T01:00,22.3,93,80,0.0,8.2
2025-11-25T02:00,21.9,95,100,0.0,7.9
2025-11-25T03:00,21.8,96,98,0.0,9.5
2025-11-25T04:00,21.7,96,42,0.0,7.8
2025-11-25T05:00,21.5,98,25,0.0,6.5
2025-11-25T06:00,21.6,98,11,0.0,4.2
2025-11-25T07:00,22.8,91,14,78.0,9.2
2025-11-25T08:00,24.4,80,22,272.0,13.3
2025-11-25T09:00,26.0,70,9,465.0,11.4
2025-11-25T10:00,27.5,62,19,647.0,12.0
2025-11-25T11:00,28.4,55,17,729.0,13.0
2025-11-25T12:00,29.5,49,48,749.0,13.3
2025-11-25T13:00,29.8,48,14,662.0,11.7
2025-11-25T14:00,30.7,44,94,635.0,13.6
2025-11-25T15:00,29.8,47,66,271.0,14.2
2025-11-25T16:00,29.6,47,57,226.0,14.8
2025-11-25T17:00,27.7,57,15,56.0,15.1
2025-11-25T18:00,26.3,63,5,1.0,11.9
2025-11-25T19:00,25.5,67,8,0.0,10.1
2025-11-25T20:00,24.7,72,2,0.0,11.5
2025-11-25T21:00,23.9,78,23,0.0,11.9
2025-11-25T22:00,23.3,82,81,0.0,11.4
2025-11-25T23:00,22.6,88,92,0.0,9.9
2025-11-26T00:00,22.4,90,100,0.0,9.5
2025-11-26T01:00,21.8,95,90,0.0,8.1
2025-11-26T02:00,21.4,97,2,0.0,7.5
2025-11-26T03:00,21.1,99,72,0.0,6.7
2025-11-26T04:00,20.9,99,96,0.0,5.6
2025-11-26T05:00,22.1,96,100,0.0,11.8
2025-11-26T06:00,22.3,93,51,0.0,11.3
2025-11-26T07:00,22.6,91,18,70.0,10.3
2025-11-26T08:00,24.1,79,16,265.0,11.8
2025-11-26T09:00,25.9,65,80,480.0,12.4
2025-11-26T10:00,27.5,57,94,627.0,14.1
2025-11-26T11:00,28.1,54,92,739.0,15.1
2025-11-26T12:00,29.2,49,69,737.0,14.0
2025-11-26T13:00,29.7,46,48,635.0,14.3
2025-11-26T14:00,30.5,42,24,630.0,14.2
2025-11-26T15:00,30.4,41,52,428.0,15.5
2025-11-26T16:00,29.4,43,47,221.0,16.6
2025-11-26T17:00,27.8,54,97,90.0,15.3
2025-11-26T18:00,26.3,58,34,1.0,15.9
2025-11-26T19:00,25.3,61,5,0.0,15.9
2025-11-26T20:00,24.0,69,0,0.0,14.8
2025-11-26T21:00,23.1,73,2,0.0,12.6
2025-11-26T22:00,22.0,79,4,0.0,10.2
2025-11-26T23:00,21.3,85,28,0.0,9.0
2025-11-27T00:00,20.9,89,16,0.0,7.0
2025-11-27T01:00,20.4,92,12,0.0,5.7
2025-11-27T02:00,19.9,94,36,0.0,4.7
2025-11-27T03:00,19.7,95,15,0.0,4.4
2025-11-27T04:00,19.5,96,21,0.0,4.4
2025-11-27T05:00,19.0,97,90,0.0,4.8
2025-11-27T06:00,19.2,97,74,0.0,4.9
2025-11-27T07:00,21.2,89,74,72.0,8.1
2025-11-27T08:00,23.3,79,84,266.0,10.6
2025-11-27T09:00,25.2,70,92,456.0,16.3
2025-11-27T10:00,26.3,63,98,537.0,16.6
2025-11-27T11:00,27.4,57,98,570.0,16.1
2025-11-27T12:00,28.4,50,100,575.0,14.4
2025-11-27T13:00,29.3,45,100,582.0,15.0
2025-11-27T14:00,29.5,43,100,575.0,15.5
2025-11-27T15:00,29.4,41,100,426.0,13.9
2025-11-27T16:00,28.9,41,100,272.0,12.5
2025-11-27T17:00,26.9,50,100,83.0,10.7
2025-11-27T18:00,25.4,55,95,1.0,9.6
2025-11-27T19:00,24.3,58,100,0.0,9.1
2025-11-27T20:00,23.3,64,98,0.0,9.2
2025-11-27T21:00,22.4,70,100,0.0,6.6
2025-11-27T22:00,21.8,74,44,0.0,7.0
2025-11-27T23:00,20.7,83,100,0.0,4.2
2025-11-28T00:00,20.7,83,53,0.0,1.6
2025-11-28T01:00,20.4,85,2,0.0,1.3
2025-11-28T02:00,20.0,88,6,0.0,1.9
2025-11-28T03:00,19.7,89,48,0.0,1.8
2025-11-28T04:00,18.9,92,100,0.0,3.1
2025-11-28T05:00,18.4,95,19,0.0,3.6
2025-11-28T06:00,18.8,94,27,0.0,2.1
2025-11-28T07:00,20.6,84,35,71.0,3.5
2025-11-28T08:00,22.8,77,100,270.0,4.7
2025-11-28T09:00,24.6,70,100,470.0,6.0
2025-11-28T10:00,26.2,60,99,634.0,10.8
2025-11-28T11:00,26.7,55,99,647.0,13.4
2025-11-28T12:00,27.7,51,100,653.0,12.6
2025-11-28T13:00,28.2,48,83,701.0,12.7
2025-11-28T14:00,28.5,46,51,640.0,14.1
2025-11-28T15:00,28.2,45,100,473.0,13.0
2025-11-28T16:00,27.8,46,100,294.0,12.3
2025-11-28T17:00,26.3,52,100,73.0,6.9
2025-11-28T18:00,24.6,61,100,1.0,7.2
2025-11-28T19:00,23.5,69,100,0.0,5.7
2025-11-28T20:00,22.3,75,100,0.0,4.7
2025-11-28T21:00,21.9,72,100,0.0,6.1
2025-11-28T22:00,21.6,70,100,0.0,7.0
2025-11-28T23:00,21.2,74,100,0.0,6.5
2025-11-29T00:00,20.7,77,99,0.0,3.8
2025-11-29T01:00,20.3,79,100,0.0,1.6
2025-11-29T02:00,19.4,84,99,0.0,2.8
2025-11-29T03:00,18.4,89,100,0.0,4.1
2025-11-29T04:00,18.9,85,100,0.0,7.4
2025-11-29T05:00,18.4,90,98,0.0,6.6
2025-11-29T06:00,18.2,90,100,0.0,6.6
2025-11-29T07:00,19.8,82,99,63.0,7.2
2025-11-29T08:00,22.0,70,98,194.0,6.7
2025-11-29T09:00,24.4,58,100,457.0,11.1
2025-11-29T10:00,25.6,56,95,554.0,12.1
2025-11-29T11:00,27.1,53,100,728.0,16.1
2025-11-29T12:00,26.7,54,100,289.0,11.5
2025-11-29T13:00,27.6,52,100,327.0,13.6
2025-11-29T14:00,28.2,50,100,406.0,13.8
2025-11-29T15:00,28.0,51,100,225.0,13.6
2025-11-29T16:00,27.2,53,100,96.0,12.4
2025-11-29T17:00,26.4,57,100,47.0,5.9
2025-11-29T18:00,25.0,65,100,1.0,4.8
2025-11-29T19:00,24.9,67,100,0.0,6.6
2025-11-29T20:00,24.6,66,100,0.0,7.4
2025-11-29T21:00,24.1,67,100,0.0,5.6
2025-11-29T22:00,23.7,69,100,0.0,4.0
2025-11-29T23:00,22.5,74,100,0.0,4.4
2025-11-30T00:00,22.8,73,100,0.0,4.2
2025-11-30T01:00,22.7,73,100,0.0,5.7
2025-11-30T02:00,22.4,75,100,0.0,4.7
2025-11-30T03:00,22.4,74,100,0.0,7.3
2025-11-30T04:00,22.0,80,100,0.0,9.2
2025-11-30T05:00,21.1,89,100,0.0,7.8
2025-11-30T06:00,21.5,85,100,0.0,9.9
2025-11-30T07:00,21.3,88,100,34.0,12.1
2025-11-30T08:00,22.8,83,100,158.0,16.1
2025-11-30T09:00,22.3,92,100,119.0,13.5
2025-11-30T10:00,22.7,91,100,172.0,14.7
2025-11-30T11:00,23.5,84,100,285.0,17.6
2025-11-30T12:00,24.3,79,100,164.0,17.5
2025-11-30T13:00,24.4,78,100,217.0,18.5
2025-11-30T14:00,25.1,75,100,336.0,17.6
2025-11-30T15:00,24.9,78,100,233.0,15.0
2025-11-30T16:00,24.8,77,100,86.0,12.8
2025-11-30T17:00,23.5,88,99,38.0,6.2
2025-11-30T18:00,23.3,90,87,1.0,5.1
2025-11-30T19:00,22.5,93,85,0.0,3.4
2025-11-30T20:00,22.7,90,77,0.0,6.3
2025-11-30T21:00,22.6,86,100,0.0,9.1
2025-11-30T22:00,22.5,83,100,0.0,8.8
2025-11-30T23:00,22.4,85,100,0.0,5.0
2025-12-01T00:00,22.6,83,100,0.0,7.7
2025-12-01T01:00,22.2,87,91,0.0,6.2
2025-12-01T02:00,21.6,90,74,0.0,5.8
2025-12-01T03:00,21.4,91,100,0.0,6.8
2025-12-01T04:00,21.4,91,23,0.0,6.2
2025-12-01T05:00,21.7,86,26,0.0,5.1
2025-12-01T06:00,21.3,86,99,0.0,5.6
2025-12-01T07:00,22.3,84,100,35.0,7.6
2025-12-01T08:00,23.1,84,100,84.0,7.0
2025-12-01T09:00,24.0,79,92,187.0,11.0
2025-12-01T10:00,25.0,73,78,302.0,16.2
2025-12-01T11:00,25.6,73,61,559.0,13.5
2025-12-01T12:00,26.3,70,36,504.0,15.1
2025-12-01T13:00,27.3,65,47,611.0,14.8
2025-12-01T14:00,27.9,61,22,559.0,14.1
2025-12-01T15:00,28.2,57,19,465.0,13.2
2025-12-01T16:00,27.7,58,39,278.0,14.9
2025-12-01T17:00,26.1,64,6,90.0,7.0
2025-12-01T18:00,24.2,74,51,2.0,5.0
2025-12-01T19:00,23.5,78,14,0.0,4.8
2025-12-01T20:00,22.9,80,85,0.0,4.3
2025-12-01T21:00,23.8,75,90,0.0,5.3
2025-12-01T22:00,23.2,77,88,0.0,6.9
2025-12-01T23:00,22.6,87,5,0.0,5.6
2025-12-02T00:00,22.3,89,29,0.0,6.6
2025-12-02T01:00,22.1,90,41,0.0,8.3
2025-12-02T02:00,21.9,90,96,0.0,6.8
2025-12-02T03:00,21.4,91,99,0.0,5.1
2025-12-02T04:00,21.1,91,76,0.0,6.4
2025-12-02T05:00,20.4,96,5,0.0,3.7
2025-12-02T06:00,20.4,97,0,0.0,3.3
2025-12-02T07:00,21.9,90,2,64.0,3.3
2025-12-02T08:00,23.9,78,0,253.0,6.2
2025-12-02T09:00,25.7,67,8,459.0,9.9
2025-12-02T10:00,27.1,62,5,626.0,11.5
2025-12-02T11:00,28.6,55,45,729.0,17.3
2025-12-02T12:00,29.5,51,89,629.0,16.9
2025-12-02T13:00,29.8,50,100,464.0,15.9
2025-12-02T14:00,29.5,50,100,329.0,15.5
2025-12-02T15:00,29.0,53,99,266.0,16.8
2025-12-02T16:00,28.0,57,87,136.0,16.2
2025-12-02T17:00,26.2,64,6,80.0,10.9
2025-12-02T18:00,25.1,70,27,2.0,6.5
2025-12-02T19:00,24.6,74,100,0.0,11.7
2025-12-02T20:00,24.1,78,100,0.0,12.4
2025-12-02T21:00,24.1,76,100,0.0,8.5
2025-12-02T22:00,24.0,76,100,0.0,6.9
2025-12-02T23:00,23.5,80,94,0.0,7.4
2025-12-03T00:00,23.3,81,78,0.0,5.9
2025-12-03T01:00,22.5,86,8,0.0,4.5
2025-12-03T02:00,21.7,90,9,0.0,3.6
2025-12-03T03:00,21.4,90,13,0.0,5.8
2025-12-03T04:00,21.0,92,15,0.0,3.5
2025-12-03T05:00,21.8,90,84,0.0,7.2
2025-12-03T06:00,22.0,88,99,0.0,5.8
2025-12-03T07:00,22.8,82,55,59.0,7.1
2025-12-03T08:00,24.1,76,63,200.0,8.7
2025-12-03T09:00,25.6,71,36,371.0,11.2
2025-12-03T10:00,27.5,64,100,592.0,15.7
2025-12-03T11:00,26.6,69,100,349.0,15.5
2025-12-03T12:00,26.4,70,100,275.0,11.7
2025-12-03T13:00,26.4,71,91,172.0,10.3
2025-12-03T14:00,27.7,66,63,437.0,12.2
2025-12-03T15:00,26.9,70,48,356.0,11.7
2025-12-03T16:00,26.8,69,72,227.0,12.1
2025-12-03T17:00,25.1,78,59,54.0,14.4
2025-12-03T18:00,23.8,85,100,1.0,11.4
2025-12-03T19:00,23.4,88,69,0.0,9.0
2025-12-03T20:00,22.7,94,97,0.0,4.9
2025-12-03T21:00,22.7,94,96,0.0,5.0
2025-12-03T22:00,22.2,97,100,0.0,5.5
2025-12-03T23:00,22.4,97,100,0.0,7.1
2025-12-04T00:00,22.7,95,100,0.0,8.6
2025-12-04T01:00,22.6,96,99,0.0,8.6
2025-12-04T02:00,22.2,97,100,0.0,5.8
2025-12-04T03:00,22.2,95,96,0.0,10.3
2025-12-04T04:00,22.0,96,87,0.0,8.4
2025-12-04T05:00,22.3,95,88,0.0,6.2
2025-12-04T06:00,22.3,95,56,0.0,5.8
2025-12-04T07:00,23.1,90,66,46.0,8.3
2025-12-04T08:00,24.5,82,73,192.0,15.7
2025-12-04T09:00,25.7,75,91,328.0,18.2
2025-12-04T10:00,26.6,71,100,291.0,17.4
2025-12-04T11:00,26.8,70,100,321.0,16.2
2025-12-04T12:00,27.3,67,91,418.0,17.6
2025-12-04T13:00,25.6,76,90,421.0,12.8
2025-12-04T14:00,25.6,78,78,353.0,15.7
2025-12-04T15:00,26.0,76,95,308.0,14.0
2025-12-04T16:00,25.6,77,100,219.0,14.8
2025-12-04T17:00,24.7,83,99,31.0,11.6
2025-12-04T18:00,23.8,85,100,2.0,12.8
2025-12-04T19:00,23.3,88,100,0.0,11.9
2025-12-04T20:00,23.1,90,99,0.0,9.5
2025-12-04T21:00,22.5,93,98,0.0,9.5
2025-12-04T22:00,22.3,94,100,0.0,7.0
2025-12-04T23:00,22.6,96,100,0.0,7.9
2025-12-05T00:00,22.7,94,100,0.0,9.1
2025-12-05T01:00,22.3,96,100,0.0,7.0
2025-12-05T02:00,21.9,98,100,0.0,4.9
2025-12-05T03:00,21.5,98,96,0.0,4.1
2025-12-05T04:00,21.2,98,84,0.0,4.3
2025-12-05T05:00,20.8,100,98,0.0,2.0
2025-12-05T06:00,21.0,100,97,0.0,2.7
2025-12-05T07:00,21.9,96,98,45.0,5.6
2025-12-05T08:00,24.1,83,33,226.0,9.8
2025-12-05T09:00,25.9,72,32,437.0,13.5
2025-12-05T10:00,27.2,64,95,582.0,15.3
2025-12-05T11:00,28.0,57,30,618.0,14.3
2025-12-05T12:00,29.2,50,23,718.0,15.4
2025-12-05T13:00,29.9,47,42,708.0,15.5
2025-12-05T14:00,29.7,47,52,577.0,14.8
2025-12-05T15:00,29.6,46,98,403.0,16.4
2025-12-05T16:00,28.4,49,91,192.0,16.4
2025-12-05T17:00,26.9,57,100,85.0,12.1
2025-12-05T18:00,25.3,64,21,2.0,11.5
2025-12-05T19:00,24.2,69,13,0.0,9.7
2025-12-05T20:00,23.5,74,9,0.0,11.4
2025-12-05T21:00,22.9,81,19,0.0,10.8
2025-12-05T22:00,22.2,87,5,0.0,9.1
2025-12-05T23:00,21.8,93,2,0.0,7.8
2025-12-06T00:00,21.6,95,4,0.0,7.2
2025-12-06T01:00,21.1,97,5,0.0,5.2
2025-12-06T02:00,20.6,98,0,0.0,4.4
2025-12-06T03:00,20.3,99,24,0.0,4.2
2025-12-06T04:00,20.0,99,16,0.0,4.1
2025-12-06T05:00,20.5,99,23,0.0,5.6
2025-12-06T06:00,20.4,99,30,0.0,4.1
2025-12-06T07:00,21.2,94,18,56.0,5.1
2025-12-06T08:00,23.1,82,14,241.0,8.7
2025-12-06T09:00,24.9,71,64,441.0,10.4
2025-12-06T10:00,26.4,61,88,600.0,12.1
2025-12-06T11:00,27.0,56,80,697.0,12.6
2025-12-06T12:00,27.8,52,98,667.0,13.3
2025-12-06T13:00,28.1,50,97,579.0,11.9
2025-12-06T14:00,28.0,50,95,394.0,10.8
2025-12-06T15:00,28.0,49,76,352.0,10.5
2025-12-06T16:00,27.8,48,90,243.0,7.9
2025-12-06T17:00,26.5,57,99,90.0,10.4
2025-12-06T18:00,25.1,63,98,2.0,6.9
2025-12-06T19:00,24.1,68,91,0.0,6.4
2025-12-06T20:00,23.4,72,100,0.0,7.7
2025-12-06T21:00,22.7,77,100,0.0,7.5
2025-12-06T22:00,22.3,79,100,0.0,6.8
2025-12-06T23:00,22.0,81,99,0.0,7.5
2025-12-07T00:00,21.8,83,100,0.0,8.3
2025-12-07T01:00,21.3,88,100,0.0,8.3
2025-12-07T02:00,20.7,93,100,0.0,7.1
2025-12-07T03:00,20.2,95,100,0.0,6.0
2025-12-07T04:00,19.8,96,99,0.0,4.9
2025-12-07T05:00,19.6,94,100,0.0,4.2
2025-12-07T06:00,19.8,95,100,0.0,4.7
2025-12-07T07:00,21.1,88,99,50.0,5.6
2025-12-07T08:00,23.1,76,100,224.0,4.9
2025-12-07T09:00,24.6,69,100,397.0,7.3
2025-12-07T10:00,26.0,63,92,568.0,8.9
2025-12-07T11:00,26.8,58,88,684.0,10.1
2025-12-07T12:00,27.8,53,98,685.0,9.4
2025-12-07T13:00,28.5,49,100,678.0,8.5
2025-12-07T14:00,28.7,47,99,496.0,8.5
2025-12-07T15:00,28.7,46,100,384.0,10.0
2025-12-07T16:00,28.4,47,51,252.0,12.0
2025-12-07T17:00,27.0,56,91,94.0,10.5
2025-12-07T18:00,25.7,60,37,2.0,12.5
2025-12-07T19:00,24.5,65,7,0.0,11.5
2025-12-07T20:00,23.2,71,0,0.0,9.2
2025-12-07T21:00,22.2,77,0,0.0,7.2
2025-12-07T22:00,21.3,83,1,0.0,8.1
2025-12-07T23:00,20.7,89,2,0.0,8.4
2025-12-08T00:00,20.4,91,58,0.0,8.4
2025-12-08T01:00,19.7,94,54,0.0,6.5
2025-12-08T02:00,19.1,95,0,0.0,6.0
2025-12-08T03:00,18.7,95,0,0.0,5.6
2025-12-08T04:00,18.3,96,0,0.0,5.4
2025-12-08T05:00,18.3,98,0,0.0,2.2
2025-12-08T06:00,18.5,98,2,0.0,1.5
2025-12-08T07:00,19.9,94,0,57.0,3.6
2025-12-08T08:00,22.1,83,1,251.0,5.1
2025-12-08T09:00,24.1,72,34,457.0,7.8
2025-12-08T10:00,25.5,63,23,553.0,10.1
2025-12-08T11:00,26.2,57,14,689.0,10.9
2025-12-08T12:00,26.9,54,12,783.0,10.8
2025-12-08T13:00,27.4,50,9,760.0,10.1
2025-12-08T14:00,27.7,48,0,674.0,10.1
2025-12-08T15:00,27.7,48,0,520.0,10.3
2025-12-08T16:00,27.3,49,2,317.0,10.1
2025-12-08T17:00,25.8,56,1,108.0,4.9
2025-12-08T18:00,23.8,66,3,2.0,5.5
2025-12-08T19:00,23.0,67,0,0.0,8.3
2025-12-08T20:00,22.3,69,0,0.0,9.3
2025-12-08T21:00,21.3,74,0,0.0,7.3
2025-12-08T22:00,20.4,79,0,0.0,6.7
2025-12-08T23:00,20.2,82,0,0.0,7.6
2025-12-09T00:00,19.9,86,0,0.0,6.9
2025-12-09T01:00,19.3,90,0,0.0,5.6
2025-12-09T02:00,18.9,91,0,0.0,4.3
2025-12-09T03:00,18.9,91,0,0.0,2.4
2025-12-09T04:00,18.6,92,0,0.0,1.5
2025-12-09T05:00,18.3,94,0,0.0,3.1
2025-12-09T06:00,18.3,95,0,0.0,2.4
2025-12-09T07:00,19.6,89,0,56.0,5.5
2025-12-09T08:00,22.0,77,0,247.0,6.0
2025-12-09T09:00,24.0,67,0,455.0,7.2
2025-12-09T10:00,25.7,59,0,627.0,8.7
2025-12-09T11:00,26.7,51,12,744.0,9.6
2025-12-09T12:00,27.6,48,3,771.0,11.2
2025-12-09T13:00,28.0,47,0,758.0,10.6
2025-12-09T14:00,28.2,47,13,666.0,9.9
2025-12-09T15:00,28.2,46,80,506.0,8.1
2025-12-09T16:00,28.0,45,97,301.0,8.4
2025-12-09T17:00,26.9,47,100,101.0,5.1
2025-12-09T18:00,24.3,59,23,2.0,4.7
2025-12-09T19:00,23.2,59,27,0.0,6.5
2025-12-09T20:00,22.7,57,0,0.0,8.1
2025-12-09T21:00,21.8,65,0,0.0,8.4
2025-12-09T22:00,20.9,71,0,0.0,7.4
2025-12-09T23:00,20.0,78,0,0.0,6.4
2025-12-10T00:00,19.7,80,0,0.0,3.4
2025-12-10T01:00,19.1,83,0,0.0,3.1
2025-12-10T02:00,18.5,86,0,0.0,4.9
2025-12-10T03:00,18.1,87,0,0.0,3.7
2025-12-10T04:00,17.7,89,0,0.0,1.8
2025-12-10T05:00,17.5,94,0,0.0,1.0
2025-12-10T06:00,17.4,94,0,0.0,2.3
2025-12-10T07:00,19.0,87,5,57.0,4.7
2025-12-10T08:00,21.7,70,52,252.0,3.1
2025-12-10T09:00,23.9,63,84,462.0,4.3
2025-12-10T10:00,25.7,54,9,633.0,6.2
2025-12-10T11:00,27.0,46,0,759.0,7.6
2025-12-10T12:00,28.1,42,0,813.0,10.3
2025-12-10T13:00,28.2,43,0,786.0,11.7
2025-12-10T14:00,28.3,44,95,685.0,10.7
2025-12-10T15:00,28.7,43,83,523.0,10.1
2025-12-10T16:00,28.7,39,73,320.0,11.1
2025-12-10T17:00,26.7,45,23,111.0,8.3
2025-12-10T18:00,24.4,52,7,3.0,9.2
2025-12-10T19:00,23.3,57,0,0.0,9.8
2025-12-10T20:00,22.2,63,0,0.0,8.6
2025-12-10T21:00,20.9,71,0,0.0,6.8
2025-12-10T22:00,20.0,77,0,0.0,5.6
2025-12-10T23:00,19.5,83,0,0.0,4.1
2025-12-11T00:00,19.0,85,0,0.0,1.9
2025-12-11T01:00,18.9,85,77,0.0,0.9
2025-12-11T02:00,18.9,86,94,0.0,1.2
2025-12-11T03:00,18.7,87,76,0.0,1.5
2025-12-11T04:00,18.0,90,5,0.0,1.1
2025-12-11T05:00,17.4,92,16,0.0,0.6
2025-12-11T06:00,17.6,90,33,0.0,0.6
2025-12-11T07:00,19.1,81,34,55.0,4.3
2025-12-11T08:00,21.6,71,0,247.0,4.2
2025-12-11T09:00,23.6,66,0,458.0,4.3
2025-12-11T10:00,25.3,58,3,637.0,6.1
2025-12-11T11:00,26.2,54,9,747.0,6.9
2025-12-11T12:00,27.5,48,2,792.0,8.0
2025-12-11T13:00,28.1,45,1,781.0,9.3
2025-12-11T14:00,28.3,45,0,688.0,9.7
2025-12-11T15:00,28.1,45,0,529.0,9.8
2025-12-11T16:00,27.6,47,0,325.0,8.8
2025-12-11T17:00,26.1,52,0,113.0,4.9
2025-12-11T18:00,23.8,63,0,3.0,6.2
2025-12-11T19:00,22.3,71,0,0.0,5.0
2025-12-11T20:00,21.4,76,0,0.0,5.2
2025-12-11T21:00,21.0,73,0,0.0,5.9
2025-12-11T22:00,20.5,73,0,0.0,6.6
2025-12-11T23:00,19.9,80,0,0.0,6.1
2025-12-12T00:00,19.7,84,0,0.0,2.4
2025-12-12T01:00,18.9,88,0,0.0,2.6
2025-12-12T02:00,18.3,90,0,0.0,2.5
2025-12-12T03:00,18.0,91,0,0.0,1.4
2025-12-12T04:00,17.9,91,0,0.0,0.6
2025-12-12T05:00,17.5,95,0,0.0,1.0
2025-12-12T06:00,18.0,94,0,0.0,0.8
2025-12-12T07:00,19.1,92,52,54.0,4.0
2025-12-12T08:00,21.0,76,38,248.0,5.3
2025-12-12T09:00,23.3,60,13,462.0,6.3
2025-12-12T10:00,25.1,53,14,643.0,7.8
2025-12-12T11:00,26.2,44,18,754.0,8.1
2025-12-12T12:00,27.4,38,52,816.0,8.4
2025-12-12T13:00,28.0,37,0,798.0,8.4
2025-12-12T14:00,28.3,36,0,701.0,8.4
2025-12-12T15:00,28.1,37,72,539.0,8.6
2025-12-12T16:00,27.6,39,18,332.0,8.5
2025-12-12T17:00,25.4,50,1,117.0,4.2
2025-12-12T18:00,23.1,57,0,3.0,5.2
2025-12-12T19:00,22.0,61,0,0.0,3.9
2025-12-12T20:00,21.3,65,0,0.0,7.2
2025-12-12T21:00,21.0,64,0,0.0,7.7
2025-12-12T22:00,20.2,71,0,0.0,8.0
2025-12-12T23:00,19.5,78,0,0.0,8.0
2025-12-13T00:00,18.9,81,0,0.0,7.5
2025-12-13T01:00,18.1,86,0,0.0,6.6
2025-12-13T02:00,17.3,88,0,0.0,5.9
2025-12-13T03:00,17.0,87,0,0.0,3.8
2025-12-13T04:00,16.8,87,0,0.0,2.6
2025-12-13T05:00,16.7,90,0,0.0,2.3
2025-12-13T06:00,16.9,89,0,0.0,0.7
2025-12-13T07:00,18.1,85,0,54.0,1.2
2025-12-13T08:00,20.6,71,0,250.0,1.5
2025-12-13T09:00,23.1,57,0,464.0,3.6
2025-12-13T10:00,25.3,47,0,644.0,5.5
2025-12-13T11:00,26.5,39,0,766.0,6.4
2025-12-13T12:00,27.8,34,92,819.0,7.5
2025-12-13T13:00,28.4,32,98,796.0,8.3
2025-12-13T14:00,28.5,33,80,698.0,8.6
2025-12-13T15:00,28.3,34,91,537.0,8.2
2025-12-13T16:00,27.8,37,91,331.0,7.7
2025-12-13T17:00,25.9,44,92,117.0,5.1
2025-12-13T18:00,23.3,54,86,3.0,4.9
2025-12-13T19:00,22.2,60,88,0.0,4.1
2025-12-13T20:00,21.7,61,91,0.0,10.0
2025-12-13T21:00,21.7,65,95,0.0,9.6
2025-12-13T22:00,21.1,72,92,0.0,10.6
2025-12-13T23:00,20.3,79,86,0.0,10.1
2025-12-14T00:00,19.7,82,91,0.0,9.5
2025-12-14T01:00,18.9,87,77,0.0,7.0
2025-12-14T02:00,17.9,92,73,0.0,5.8
2025-12-14T03:00,17.6,92,71,0.0,5.2
2025-12-14T04:00,17.3,93,21,0.0,4.9
2025-12-14T05:00,17.2,95,0,0.0,4.4
2025-12-14T06:00,17.1,96,0,0.0,2.5
2025-12-14T07:00,18.4,92,0,51.0,4.2
2025-12-14T08:00,20.9,81,0,241.0,3.9
2025-12-14T09:00,23.2,69,0,452.0,6.8
2025-12-14T10:00,25.1,59,3,631.0,9.1
2025-12-14T11:00,26.2,52,1,747.0,9.4
2025-12-14T12:00,27.5,47,4,805.0,9.0
2025-12-14T13:00,28.2,44,2,776.0,8.3
2025-12-14T14:00,28.7,42,1,681.0,8.2
2025-12-14T15:00,28.8,41,1,526.0,8.8
2025-12-14T16:00,28.5,39,1,324.0,9.6
2025-12-14T17:00,27.5,42,3,115.0,8.2
2025-12-14T18:00,24.7,52,2,3.0,5.3
2025-12-14T19:00,23.2,58,0,0.0,5.2
2025-12-14T20:00,22.3,62,0,0.0,4.9
2025-12-14T21:00,21.5,66,0,0.0,6.0
2025-12-14T22:00,21.3,71,0,0.0,9.5
2025-12-14T23:00,20.5,82,0,0.0,9.7
2025-12-15T00:00,20.0,86,0,0.0,8.3
2025-12-15T01:00,19.3,90,0,0.0,7.0
2025-12-15T02:00,18.5,93,0,0.0,5.5
2025-12-15T03:00,18.0,94,0,0.0,4.5
2025-12-15T04:00,17.8,95,0,0.0,4.1
2025-12-15T05:00,17.5,97,0,0.0,5.0
2025-12-15T06:00,17.8,97,0,0.0,4.7
2025-12-15T07:00,19.2,92,0,49.0,6.2
2025-12-15T08:00,21.4,81,5,237.0,7.1
2025-12-15T09:00,23.7,68,16,448.0,11.6
2025-12-15T10:00,25.4,58,32,586.0,12.7
2025-12-15T11:00,26.5,50,35,650.0,10.9
2025-12-15T12:00,27.8,45,18,716.0,10.6
2025-12-15T13:00,28.5,42,13,719.0,11.2
2025-12-15T14:00,28.8,41,7,660.0,12.0
2025-12-15T15:00,28.9,40,7,515.0,11.7
2025-12-15T16:00,28.8,38,9,321.0,11.2
2025-12-15T17:00,27.4,40,0,114.0,9.6
2025-12-15T18:00,25.3,47,0,3.0,11.4
2025-12-15T19:00,24.2,53,0,0.0,13.1
2025-12-15T20:00,23.2,58,0,0.0,12.1
2025-12-15T21:00,22.0,65,0,0.0,10.5
2025-12-15T22:00,21.0,72,0,0.0,10.2
2025-12-15T23:00,20.2,80,0,0.0,8.1
2025-12-16T00:00,19.7,82,0,0.0,8.1
2025-12-16T01:00,19.1,84,70,0.0,7.5
2025-12-16T02:00,18.4,88,99,0.0,6.0
2025-12-16T03:00,17.9,91,88,0.0,4.3
2025-12-16T04:00,17.8,92,41,0.0,2.5
2025-12-16T05:00,17.5,94,67,0.0,3.0
2025-12-16T06:00,17.5,96,63,0.0,3.6
2025-12-16T07:00,18.9,88,71,46.0,5.1
2025-12-16T08:00,21.4,76,56,222.0,5.4
2025-12-16T09:00,23.4,66,31,428.0,8.2
2025-12-16T10:00,25.3,57,29,611.0,10.1
2025-12-16T11:00,26.9,50,100,707.0,15.0
2025-12-16T12:00,27.1,49,98,385.0,16.4
2025-12-16T13:00,28.3,47,100,490.0,16.6
2025-12-16T14:00,28.7,47,42,454.0,17.4
2025-12-16T15:00,28.8,47,42,385.0,17.1
2025-12-16T16:00,28.4,48,18,276.0,16.7
2025-12-16T17:00,26.2,59,73,109.0,17.5
2025-12-16T18:00,25.0,64,74,3.0,13.0
2025-12-16T19:00,24.4,67,73,0.0,8.6
2025-12-16T20:00,23.6,71,47,0.0,7.4
2025-12-16T21:00,22.8,75,30,0.0,8.5
2025-12-16T22:00,22.1,79,70,0.0,8.3
2025-12-16T23:00,21.6,84,93,0.0,8.0
2025-12-17T00:00,21.1,87,100,0.0,6.8
2025-12-17T01:00,20.5,91,88,0.0,6.0
2025-12-17T02:00,19.8,93,73,0.0,5.1
2025-12-17T03:00,19.3,94,92,0.0,4.8
2025-12-17T04:00,18.9,94,100,0.0,3.3
2025-12-17T05:00,18.8,97,100,0.0,3.9
2025-12-17T06:00,18.4,98,98,0.0,4.2
2025-12-17T07:00,19.7,92,91,45.0,6.0
2025-12-17T08:00,22.4,74,92,227.0,5.5
2025-12-17T09:00,24.7,61,97,432.0,6.9
2025-12-17T10:00,26.5,55,48,616.0,9.8
2025-12-17T11:00,27.4,52,14,742.0,11.0
2025-12-17T12:00,28.5,48,6,756.0,9.7
2025-12-17T13:00,29.3,45,3,764.0,9.3
2025-12-17T14:00,29.8,42,3,676.0,9.0
2025-12-17T15:00,29.9,41,1,525.0,9.2
2025-12-17T16:00,29.5,40,0,328.0,9.9
2025-12-17T17:00,27.7,45,0,119.0,4.9
2025-12-17T18:00,25.1,55,0,4.0,4.4
2025-12-17T19:00,23.7,60,0,0.0,4.8
2025-12-17T20:00,22.5,61,2,0.0,5.4
2025-12-17T21:00,21.6,63,28,0.0,5.5
2025-12-17T22:00,20.8,68,16,0.0,6.0
2025-12-17T23:00,20.0,77,0,0.0,6.6
2025-12-18T00:00,19.5,80,0,0.0,4.2
2025-12-18T01:00,18.7,84,0,0.0,2.2
2025-12-18T02:00,18.3,85,0,0.0,0.9
2025-12-18T03:00,18.3,85,0,0.0,0.9
2025-12-18T04:00,18.2,85,0,0.0,0.6
2025-12-18T05:00,17.3,83,30,0.0,0.9
2025-12-18T06:00,17.6,79,94,0.0,0.5
2025-12-18T07:00,19.0,70,5,47.0,2.6
2025-12-18T08:00,21.8,63,2,238.0,3.6
2025-12-18T09:00,23.9,58,5,453.0,4.5
2025-12-18T10:00,25.7,51,74,633.0,6.8
2025-12-18T11:00,26.6,50,100,755.0,8.6
2025-12-18T12:00,27.6,50,99,783.0,9.4
2025-12-18T13:00,28.3,45,100,757.0,9.6
2025-12-18T14:00,28.8,41,100,671.0,9.1
2025-12-18T15:00,28.9,40,100,519.0,7.4
2025-12-18T16:00,28.8,38,100,316.0,6.0
2025-12-18T17:00,27.2,50,100,114.0,1.0
2025-12-18T18:00,24.8,54,100,4.0,1.9
2025-12-18T19:00,23.2,61,100,0.0,2.7
2025-12-18T20:00,22.3,62,100,0.0,6.6
2025-12-18T21:00,21.7,63,100,0.0,6.9
2025-12-18T22:00,20.7,70,100,0.0,6.5
2025-12-18T23:00,20.2,78,100,0.0,6.8
2025-12-19T00:00,19.9,81,100,0.0,6.9
2025-12-19T01:00,19.3,85,99,0.0,6.8
2025-12-19T02:00,18.5,90,100,0.0,6.3
2025-12-19T03:00,17.9,92,100,0.0,3.6
2025-12-19T04:00,17.8,92,100,0.0,1.1
2025-12-19T05:00,17.4,93,100,0.0,0.9
2025-12-19T06:00,17.1,95,1,0.0,1.7
2025-12-19T07:00,18.4,90,1,45.0,1.9
2025-12-19T08:00,21.3,78,3,234.0,2.2
2025-12-19T09:00,23.5,68,9,448.0,4.5
2025-12-19T10:00,25.4,54,90,631.0,6.2
2025-12-19T11:00,26.5,42,93,755.0,6.6
2025-12-19T12:00,27.8,34,95,814.0,6.4
2025-12-19T13:00,28.4,31,99,795.0,6.6
2025-12-19T14:00,28.6,31,100,695.0,7.1
2025-12-19T15:00,28.3,34,100,524.0,7.7
2025-12-19T16:00,27.6,38,100,322.0,8.6
2025-12-19T17:00,26.0,45,16,116.0,7.9
2025-12-19T18:00,23.7,52,94,4.0,5.8
2025-12-19T19:00,22.7,54,98,0.0,5.6
2025-12-19T20:00,22.5,54,100,0.0,1.3
2025-12-19T21:00,21.2,62,100,0.0,6.9
2025-12-19T22:00,20.8,67,100,0.0,6.5
2025-12-19T23:00,20.2,73,99,0.0,6.4
2025-12-20T00:00,19.6,77,97,0.0,5.6
2025-12-20T01:00,19.0,80,40,0.0,3.4
2025-12-20T02:00,18.6,83,100,0.0,1.5
2025-12-20T03:00,18.0,86,100,0.0,1.5
2025-12-20T04:00,17.7,87,100,0.0,1.7
2025-12-20T05:00,17.9,83,100,0.0,0.6
2025-12-20T06:00,17.8,83,100,0.0,2.3
2025-12-20T07:00,18.8,76,93,41.0,7.1
2025-12-20T08:00,20.9,62,55,228.0,6.3
2025-12-20T09:00,23.0,54,5,445.0,6.4
2025-12-20T10:00,25.0,49,0,626.0,7.7
2025-12-20T11:00,26.3,38,57,753.0,10.1
2025-12-20T12:00,27.2,36,95,808.0,8.8
2025-12-20T13:00,27.7,37,100,767.0,6.6
2025-12-20T14:00,28.0,37,92,672.0,6.1
2025-12-20T15:00,28.2,35,66,531.0,6.4
2025-12-20T16:00,27.9,34,4,337.0,6.2
2025-12-20T17:00,26.1,42,2,126.0,4.0
2025-12-20T18:00,23.4,50,0,5.0,4.5
2025-12-20T19:00,22.0,55,0,0.0,3.1
2025-12-20T20:00,21.4,56,6,0.0,2.9
2025-12-20T21:00,21.0,57,53,0.0,4.6
2025-12-20T22:00,20.1,62,95,0.0,6.8
2025-12-20T23:00,20.1,66,64,0.0,9.7
2025-12-21T00:00,19.6,74,2,0.0,8.5
2025-12-21T01:00,18.9,82,0,0.0,7.1
2025-12-21T02:00,18.1,88,0,0.0,4.1
2025-12-21T03:00,17.7,89,0,0.0,1.8
2025-12-21T04:00,17.7,89,0,0.0,0.5
2025-12-21T05:00,17.2,90,0,0.0,1.8
2025-12-21T06:00,17.0,91,0,0.0,1.5
2025-12-21T07:00,18.2,86,0,43.0,3.2
2025-12-21T08:00,21.0,77,0,228.0,2.3
2025-12-21T09:00,23.6,66,7,441.0,4.8
2025-12-21T10:00,25.6,51,15,620.0,11.3
2025-12-21T11:00,26.7,46,45,741.0,16.7
2025-12-21T12:00,27.8,42,14,701.0,15.2
2025-12-21T13:00,28.6,40,9,748.0,15.7
2025-12-21T14:00,28.8,38,7,681.0,15.6
2025-12-21T15:00,28.7,38,25,534.0,14.8
2025-12-21T16:00,28.2,39,98,310.0,13.9
2025-12-21T17:00,26.6,46,10,116.0,12.1
2025-12-21T18:00,24.6,53,5,5.0,9.8
2025-12-21T19:00,23.5,59,2,0.0,10.8
2025-12-21T20:00,22.6,65,11,0.0,11.0
2025-12-21T21:00,21.9,71,77,0.0,13.8
2025-12-21T22:00,20.9,78,95,0.0,12.0
2025-12-21T23:00,20.2,85,91,0.0,8.9
2025-12-22T00:00,19.7,87,52,0.0,7.6
2025-12-22T01:00,18.9,90,5,0.0,6.0
2025-12-22T02:00,18.6,90,91,0.0,1.9
2025-12-22T03:00,17.9,93,3,0.0,2.6
2025-12-22T04:00,17.6,95,38,0.0,2.3
2025-12-22T05:00,17.4,96,1,0.0,1.9
2025-12-22T06:00,17.7,95,1,0.0,1.1
2025-12-22T07:00,18.8,91,0,41.0,2.3
2025-12-22T08:00,21.5,76,0,221.0,2.9
2025-12-22T09:00,23.6,65,0,430.0,5.7
2025-12-22T10:00,25.4,57,16,612.0,10.0
2025-12-22T11:00,26.2,52,84,699.0,14.2
2025-12-22T12:00,27.0,48,97,505.0,12.4
2025-12-22T13:00,28.2,43,100,544.0,11.7
2025-12-22T14:00,28.6,42,99,468.0,12.1
2025-12-22T15:00,29.1,39,99,480.0,13.5
2025-12-22T16:00,28.2,43,100,278.0,15.5
2025-12-22T17:00,26.3,54,100,83.0,15.5
2025-12-22T18:00,24.8,61,98,4.0,13.9
2025-12-22T19:00,23.9,68,100,0.0,14.1
2025-12-22T20:00,22.8,74,100,0.0,11.4
2025-12-22T21:00,22.2,78,91,0.0,10.9
2025-12-22T22:00,21.5,81,100,0.0,10.2
2025-12-22T23:00,21.0,88,98,0.0,8.0
2025-12-23T00:00,20.3,92,63,0.0,7.4
2025-12-23T01:00,19.7,95,0,0.0,6.9
2025-12-23T02:00,19.0,96,72,0.0,5.0
2025-12-23T03:00,18.3,99,95,0.0,4.7
2025-12-23T04:00,18.0,99,100,0.0,4.0
2025-12-23T05:00,17.7,100,100,0.0,4.2
2025-12-23T06:00,17.7,100,100,0.0,2.9
2025-12-23T07:00,18.7,98,100,35.0,4.5
2025-12-23T08:00,20.8,87,92,201.0,3.3
2025-12-23T09:00,23.3,71,94,436.0,6.4
2025-12-23T10:00,25.2,59,88,615.0,7.6
2025-12-23T11:00,26.6,51,88,741.0,8.8
2025-12-23T12:00,27.7,44,83,752.0,9.7
2025-12-23T13:00,28.1,41,88,685.0,10.1
2025-12-23T14:00,28.5,41,94,623.0,10.1
2025-12-23T15:00,28.3,41,95,469.0,9.0
2025-12-23T16:00,28.1,41,86,334.0,8.3
2025-12-23T17:00,26.4,50,8,127.0,3.6
2025-12-23T18:00,24.4,57,9,5.0,1.4
2025-12-23T19:00,23.1,61,12,0.0,2.9
2025-12-23T20:00,22.0,65,6,0.0,4.4
2025-12-23T21:00,21.6,65,2,0.0,3.3
2025-12-23T22:00,21.0,66,10,0.0,4.0
2025-12-23T23:00,20.2,74,0,0.0,5.4
2025-12-24T00:00,19.5,81,0,0.0,6.0
2025-12-24T01:00,18.9,86,1,0.0,5.8
2025-12-24T02:00,18.5,88,2,0.0,2.8
2025-12-24T03:00,18.5,86,1,0.0,1.3
2025-12-24T04:00,18.3,86,0,0.0,2.3
2025-12-24T05:00,17.8,89,0,0.0,5.4
2025-12-24T06:00,18.0,90,0,0.0,5.9
2025-12-24T07:00,19.3,83,0,40.0,7.4
2025-12-24T08:00,21.8,71,2,223.0,5.1
2025-12-24T09:00,24.0,63,16,436.0,7.1
2025-12-24T10:00,25.8,50,14,619.0,9.2
2025-12-24T11:00,26.5,45,17,747.0,10.3
2025-12-24T12:00,27.5,41,36,772.0,9.2
2025-12-24T13:00,28.3,37,88,660.0,7.8
2025-12-24T14:00,29.0,36,95,563.0,10.2
2025-12-24T15:00,28.3,38,95,369.0,11.6
2025-12-24T16:00,27.9,39,94,329.0,9.0
2025-12-24T17:00,26.4,43,84,130.0,8.2
2025-12-24T18:00,24.2,46,99,6.0,9.9
2025-12-24T19:00,23.3,47,91,0.0,10.0
2025-12-24T20:00,22.4,53,6,0.0,10.1
2025-12-24T21:00,21.6,61,0,0.0,12.5
2025-12-24T22:00,21.0,69,0,0.0,12.2
2025-12-24T23:00,20.3,79,0,0.0,11.4
2025-12-25T00:00,19.8,84,0,0.0,10.3
2025-12-25T01:00,18.7,89,14,0.0,6.9
2025-12-25T02:00,18.0,90,45,0.0,2.1
2025-12-25T03:00,17.0,94,68,0.0,4.2
2025-12-25T04:00,17.1,92,86,0.0,0.8
2025-12-25T05:00,17.1,93,84,0.0,2.1
2025-12-25T06:00,17.5,92,10,0.0,2.3
2025-12-25T07:00,18.8,88,2,39.0,6.2
2025-12-25T08:00,21.3,76,0,220.0,5.6
2025-12-25T09:00,23.4,67,0,433.0,8.0
2025-12-25T10:00,25.0,58,0,614.0,9.4
2025-12-25T11:00,26.2,53,1,741.0,9.4
2025-12-25T12:00,27.6,46,4,799.0,8.3
2025-12-25T13:00,28.4,40,25,784.0,8.7
2025-12-25T14:00,28.7,38,2,694.0,9.5
2025-12-25T15:00,28.6,38,0,536.0,10.1
2025-12-25T16:00,28.4,38,0,344.0,8.4
2025-12-25T17:00,27.6,43,29,131.0,8.5
2025-12-25T18:00,25.8,53,33,5.0,10.3
2025-12-25T19:00,24.3,59,11,0.0,7.7
2025-12-25T20:00,23.6,63,13,0.0,9.5
2025-12-25T21:00,22.7,70,5,0.0,9.6
2025-12-25T22:00,21.8,78,4,0.0,12.0
2025-12-25T23:00,21.4,85,5,0.0,12.8
2025-12-26T00:00,21.0,88,2,0.0,11.7
2025-12-26T01:00,20.3,93,0,0.0,8.0
2025-12-26T02:00,19.5,96,0,0.0,5.2
2025-12-26T03:00,18.9,97,1,0.0,4.2
2025-12-26T04:00,18.7,99,18,0.0,3.4
2025-12-26T05:00,18.7,98,10,0.0,5.1
2025-12-26T06:00,18.7,99,19,0.0,4.1
2025-12-26T07:00,19.4,97,14,34.0,5.4
2025-12-26T08:00,21.5,82,30,203.0,6.3
2025-12-26T09:00,23.7,70,30,405.0,11.2
2025-12-26T10:00,25.6,60,27,572.0,11.8
2025-12-26T11:00,26.6,53,59,713.0,10.7
2025-12-26T12:00,27.9,46,40,710.0,10.3
2025-12-26T13:00,28.6,43,26,698.0,10.2
2025-12-26T14:00,28.8,41,52,639.0,9.9
2025-12-26T15:00,28.9,39,20,497.0,10.2
2025-12-26T16:00,28.5,41,7,333.0,9.6
2025-12-26T17:00,27.4,45,23,132.0,11.3
2025-12-26T18:00,25.9,48,53,6.0,11.5
2025-12-26T19:00,25.0,52,22,0.0,12.0
2025-12-26T20:00,23.7,59,11,0.0,15.5
2025-12-26T21:00,22.7,71,2,0.0,16.2
2025-12-26T22:00,21.6,74,1,0.0,14.0
2025-12-26T23:00,20.7,78,0,0.0,11.9
2025-12-27T00:00,20.3,80,0,0.0,11.8
2025-12-27T01:00,19.8,82,9,0.0,10.7
2025-12-27T02:00,18.9,87,0,0.0,6.1
2025-12-27T03:00,18.1,91,0,0.0,4.0
2025-12-27T04:00,17.8,92,0,0.0,2.9
2025-12-27T05:00,17.5,95,0,0.0,3.8
2025-12-27T06:00,17.7,95,0,0.0,3.6
2025-12-27T07:00,18.9,92,0,37.0,5.4
2025-12-27T08:00,21.1,82,0,214.0,4.7
2025-12-27T09:00,23.3,70,14,426.0,10.1
2025-12-27T10:00,25.0,60,27,589.0,11.9
2025-12-27T11:00,25.8,53,45,652.0,11.7
2025-12-27T12:00,26.7,48,38,658.0,11.0
2025-12-27T13:00,27.4,45,12,734.0,9.8
2025-12-27T14:00,28.2,41,40,657.0,9.3
2025-12-27T15:00,28.3,41,13,500.0,11.2
2025-12-27T16:00,27.8,41,12,337.0,13.4
2025-12-27T17:00,26.6,43,28,134.0,11.9
2025-12-27T18:00,24.8,47,3,6.0,11.2
2025-12-27T19:00,23.7,51,2,0.0,11.2
2025-12-27T20:00,22.6,58,1,0.0,10.4
2025-12-27T21:00,21.6,63,2,0.0,9.6
2025-12-27T22:00,21.0,68,0,0.0,10.5
2025-12-27T23:00,20.4,77,0,0.0,9.7
2025-12-28T00:00,19.9,80,0,0.0,9.7
2025-12-28T01:00,19.3,83,0,0.0,8.1
2025-12-28T02:00,18.5,88,0,0.0,6.3
2025-12-28T03:00,17.9,90,0,0.0,3.6
2025-12-28T04:00,17.6,91,0,0.0,2.2
2025-12-28T05:00,17.3,94,0,0.0,1.9
2025-12-28T06:00,17.6,94,0,0.0,1.2
2025-12-28T07:00,18.5,92,0,36.0,3.6
2025-12-28T08:00,20.9,80,0,215.0,3.1
2025-12-28T09:00,23.1,69,0,427.0,5.5
2025-12-28T10:00,24.9,57,9,612.0,9.1
2025-12-28T11:00,25.6,54,16,708.0,9.4
2025-12-28T12:00,26.5,49,26,739.0,8.4
2025-12-28T13:00,27.2,44,19,706.0,8.8
2025-12-28T14:00,27.7,43,8,673.0,9.0
2025-12-28T15:00,27.7,41,5,542.0,9.3
2025-12-28T16:00,27.4,40,0,348.0,10.2
2025-12-28T17:00,25.8,48,0,139.0,4.6
2025-12-28T18:00,23.6,56,1,7.0,2.8
2025-12-28T19:00,22.1,61,2,0.0,6.3
2025-12-28T20:00,22.0,60,2,0.0,8.3
2025-12-28T21:00,21.3,62,0,0.0,7.9
2025-12-28T22:00,20.8,66,0,0.0,9.0
2025-12-28T23:00,20.4,72,0,0.0,11.5
2025-12-29T00:00,19.5,78,31,0.0,10.5
2025-12-29T01:00,18.8,83,55,0.0,8.7
2025-12-29T02:00,18.0,88,77,0.0,6.4
2025-12-29T03:00,17.5,90,75,0.0,3.4
2025-12-29T04:00,17.4,90,50,0.0,1.3
2025-12-29T05:00,17.0,93,98,0.0,3.3
2025-12-29T06:00,17.2,93,97,0.0,3.2
2025-12-29T07:00,18.3,91,66,36.0,5.5
2025-12-29T08:00,20.7,79,2,215.0,4.7
2025-12-29T09:00,23.0,68,0,429.0,8.3
2025-12-29T10:00,24.6,60,52,611.0,9.9
2025-12-29T11:00,25.5,54,100,715.0,10.4
2025-12-29T12:00,26.7,49,99,755.0,8.5
2025-12-29T13:00,27.6,46,99,739.0,8.0
2025-12-29T14:00,28.0,45,92,691.0,8.6
2025-12-29T15:00,28.1,44,13,542.0,9.3
2025-12-29T16:00,27.7,44,23,346.0,9.4
2025-12-29T17:00,26.2,50,84,137.0,5.6
2025-12-29T18:00,23.8,59,68,7.0,6.1
2025-12-29T19:00,23.4,58,54,0.0,9.5
2025-12-29T20:00,22.3,61,80,0.0,7.4
2025-12-29T21:00,21.2,66,84,0.0,6.7
2025-12-29T22:00,20.8,73,90,0.0,10.6
2025-12-29T23:00,20.2,83,100,0.0,9.7
2025-12-30T00:00,19.8,85,86,0.0,9.3
2025-12-30T01:00,19.2,88,77,0.0,8.0
2025-12-30T02:00,18.4,93,100,0.0,5.4
2025-12-30T03:00,18.0,94,100,0.0,2.7
2025-12-30T04:00,17.8,95,100,0.0,1.8
2025-12-30T05:00,17.3,100,100,0.0,3.3
2025-12-30T06:00,17.5,99,96,0.0,4.4
2025-12-30T07:00,18.8,97,0,34.0,6.8
2025-12-30T08:00,21.0,85,0,210.0,5.4
2025-12-30T09:00,23.0,73,0,421.0,5.8
2025-12-30T10:00,24.7,64,0,604.0,5.8
2025-12-30T11:00,25.6,57,17,735.0,4.7
2025-12-30T12:00,26.8,53,13,771.0,4.2
2025-12-30T13:00,27.7,48,16,771.0,5.1
2025-12-30T14:00,28.1,46,27,699.0,6.2
2025-12-30T15:00,28.2,43,28,550.0,7.3
2025-12-30T16:00,28.0,42,37,354.0,5.9
2025-12-30T17:00,26.4,58,86,139.0,2.7
2025-12-30T18:00,24.6,60,76,8.0,1.6
2025-12-30T19:00,23.8,63,43,0.0,3.3
2025-12-30T20:00,23.8,61,52,0.0,1.5
2025-12-30T21:00,22.7,62,0,0.0,6.2
2025-12-30T22:00,21.6,72,0,0.0,10.1
2025-12-30T23:00,20.4,89,0,0.0,9.7
2025-12-31T00:00,20.3,93,44,0.0,10.0
2025-12-31T01:00,20.0,96,52,0.0,10.3
2025-12-31T02:00,19.7,98,0,0.0,8.8
2025-12-31T03:00,19.3,99,2,0.0,6.5
2025-12-31T04:00,18.7,100,84,0.0,5.2
2025-12-31T05:00,18.8,99,13,0.0,6.0
2025-12-31T06:00,18.7,99,15,0.0,6.3
2025-12-31T07:00,19.4,99,100,33.0,7.8
2025-12-31T08:00,21.1,91,100,177.0,9.1
2025-12-31T09:00,23.0,79,100,332.0,8.3
2025-12-31T10:00,24.8,68,38,439.0,6.2
2025-12-31T11:00,25.7,62,4,662.0,4.0
2025-12-31T12:00,27.2,55,5,763.0,3.9
2025-12-31T13:00,28.2,50,5,774.0,4.7
2025-12-31T14:00,28.8,46,27,693.0,6.4
2025-12-31T15:00,29.0,44,9,547.0,6.4
2025-12-31T16:00,28.7,44,6,343.0,6.5
2025-12-31T17:00,27.4,49,16,133.0,10.1
2025-12-31T18:00,25.2,56,9,8.0,4.9
2025-12-31T19:00,24.5,60,0,0.0,2.2
2025-12-31T20:00,24.0,62,7,0.0,1.3
2025-12-31T21:00,22.7,67,23,0.0,4.6
2025-12-31T22:00,22.5,69,29,0.0,3.7
2025-12-31T23:00,22.0,75,70,0.0,4.3
2026-01-01T00:00,22.8,71,2,0.0,10.3
2026-01-01T01:00,21.7,83,4,0.0,12.2
2026-01-01T02:00,21.1,90,5,0.0,11.9
2026-01-01T03:00,20.6,96,15,0.0,9.8
2026-01-01T04:00,20.4,98,20,0.0,9.0
2026-01-01T05:00,20.9,99,100,0.0,9.8
2026-01-01T06:00,21.0,99,100,0.0,11.0
2026-01-01T07:00,21.6,95,96,17.0,11.4
2026-01-01T08:00,23.0,85,36,155.0,11.0
2026-01-01T09:00,25.0,72,10,361.0,12.4
2026-01-01T10:00,26.6,65,20,567.0,11.5
2026-01-01T11:00,27.1,61,19,696.0,11.5
2026-01-01T12:00,28.7,54,16,712.0,11.6
2026-01-01T13:00,29.6,49,28,701.0,11.4
2026-01-01T14:00,29.8,47,37,598.0,10.8
2026-01-01T15:00,29.6,47,52,447.0,11.6
2026-01-01T16:00,28.6,51,44,263.0,14.2
2026-01-01T17:00,26.9,57,45,120.0,12.5
2026-01-01T18:00,25.5,64,34,7.0,11.8
2026-01-01T19:00,24.7,68,16,0.0,13.8
2026-01-01T20:00,23.9,73,13,0.0,12.6
2026-01-01T21:00,23.0,78,10,0.0,10.5
2026-01-01T22:00,22.5,83,3,0.0,11.6
2026-01-01T23:00,22.0,90,20,0.0,11.5
2026-01-02T00:00,21.8,92,4,0.0,11.1
2026-01-02T01:00,21.2,96,23,0.0,9.7
2026-01-02T02:00,20.8,97,43,0.0,6.6
2026-01-02T03:00,20.4,98,99,0.0,5.1
2026-01-02T04:00,20.4,99,70,0.0,5.1
2026-01-02T05:00,20.5,100,97,0.0,7.0
2026-01-02T06:00,20.6,100,100,0.0,7.7
2026-01-02T07:00,21.3,94,100,13.0,10.2
2026-01-02T08:00,22.3,86,100,85.0,9.3
2026-01-02T09:00,23.6,77,91,197.0,10.2
2026-01-02T10:00,24.6,71,47,303.0,11.7
2026-01-02T11:00,25.4,67,24,640.0,13.4
2026-01-02T12:00,27.4,58,5,734.0,11.7
2026-01-02T13:00,28.6,50,9,761.0,11.1
2026-01-02T14:00,29.1,47,17,658.0,8.6
2026-01-02T15:00,29.1,45,16,495.0,7.1
2026-01-02T16:00,28.9,46,17,311.0,5.9
2026-01-02T17:00,27.9,50,15,128.0,5.0
2026-01-02T18:00,26.3,54,24,9.0,8.8
2026-01-02T19:00,25.5,58,32,0.0,15.8
2026-01-02T20:00,24.6,66,11,0.0,15.8
2026-01-02T21:00,23.7,73,2,0.0,14.9
2026-01-02T22:00,23.0,79,1,0.0,15.3
2026-01-02T23:00,22.1,86,0,0.0,12.5
2026-01-03T00:00,21.7,87,2,0.0,12.3
2026-01-03T01:00,21.3,89,2,0.0,11.4
2026-01-03T02:00,20.8,92,4,0.0,10.7
2026-01-03T03:00,20.4,95,68,0.0,9.0
2026-01-03T04:00,20.1,96,63,0.0,6.6
2026-01-03T05:00,20.5,98,95,0.0,7.5
2026-01-03T06:00,20.5,98,86,0.0,8.8
2026-01-03T07:00,20.9,96,97,28.0,12.3
2026-01-03T08:00,22.7,84,67,157.0,17.5
2026-01-03T09:00,24.4,74,40,365.0,16.7
2026-01-03T10:00,26.0,65,3,571.0,17.2
2026-01-03T11:00,26.9,56,27,711.0,15.2
2026-01-03T12:00,28.1,49,20,689.0,13.3
2026-01-03T13:00,29.1,44,20,702.0,12.5
2026-01-03T14:00,29.6,41,9,620.0,11.7
2026-01-03T15:00,29.7,39,24,528.0,12.0
2026-01-03T16:00,29.2,39,92,337.0,12.9
2026-01-03T17:00,27.3,48,78,120.0,13.6
2026-01-03T18:00,26.2,53,51,9.0,11.8
2026-01-03T19:00,24.9,59,82,0.0,16.1
2026-01-03T20:00,23.9,64,16,0.0,14.5
2026-01-03T21:00,23.0,67,28,0.0,12.9
2026-01-03T22:00,22.1,69,2,0.0,11.7
2026-01-03T23:00,21.3,76,0,0.0,11.2
2026-01-04T00:00,20.9,80,6,0.0,9.4
2026-01-04T01:00,20.1,86,0,0.0,8.9
2026-01-04T02:00,19.6,92,0,0.0,8.7
2026-01-04T03:00,19.3,96,1,0.0,7.6
2026-01-04T04:00,19.0,98,48,0.0,7.1
2026-01-04T05:00,18.9,98,20,0.0,5.4
2026-01-04T06:00,19.4,98,98,0.0,5.6
2026-01-04T07:00,20.2,95,99,21.0,9.3
2026-01-04T08:00,21.4,85,18,137.0,8.5
2026-01-04T09:00,23.4,72,18,383.0,9.5
2026-01-04T10:00,25.1,62,7,567.0,9.6
2026-01-04T11:00,26.2,56,9,728.0,11.0
2026-01-04T12:00,27.7,47,9,774.0,11.4
2026-01-04T13:00,28.8,41,13,758.0,12.2
2026-01-04T14:00,29.2,38,9,685.0,13.3
2026-01-04T15:00,28.9,37,3,539.0,13.1
2026-01-04T16:00,28.5,36,27,350.0,13.3
2026-01-04T17:00,26.8,42,15,130.0,13.7
2026-01-04T18:00,24.8,47,17,10.0,13.3
2026-01-04T19:00,24.0,54,13,0.0,14.2
2026-01-04T20:00,23.1,60,0,0.0,13.4
2026-01-04T21:00,22.3,65,0,0.0,13.6
2026-01-04T22:00,21.3,71,0,0.0,12.2
2026-01-04T23:00,20.3,79,0,0.0,10.1
2026-01-05T00:00,19.9,84,0,0.0,9.1
2026-01-05T01:00,19.5,89,0,0.0,8.7
2026-01-05T02:00,19.0,93,0,0.0,7.6
2026-01-05T03:00,18.3,95,0,0.0,5.6
2026-01-05T04:00,17.8,95,0,0.0,3.4
2026-01-05T05:00,17.7,95,0,0.0,2.6
2026-01-05T06:00,17.7,96,0,0.0,1.6
2026-01-05T07:00,18.5,95,0,31.0,2.8
2026-01-05T08:00,20.8,85,5,207.0,3.0
2026-01-05T09:00,23.1,73,4,420.0,6.3
2026-01-05T10:00,25.2,57,5,606.0,9.9
2026-01-05T11:00,25.9,53,33,744.0,11.7
2026-01-05T12:00,27.4,44,30,801.0,11.9
2026-01-05T13:00,28.5,39,69,789.0,13.2
2026-01-05T14:00,28.8,36,96,657.0,12.9
2026-01-05T15:00,28.8,34,59,526.0,13.8
2026-01-05T16:00,28.4,33,33,365.0,14.2
2026-01-05T17:00,26.4,46,12,134.0,16.1
2026-01-05T18:00,25.0,50,33,10.0,13.2
2026-01-05T19:00,24.1,54,9,0.0,13.0
2026-01-05T20:00,23.0,60,12,0.0,12.6
2026-01-05T21:00,22.2,67,0,0.0,12.0
2026-01-05T22:00,21.4,73,0,0.0,11.6
2026-01-05T23:00,20.6,85,0,0.0,10.0
2026-01-06T00:00,20.3,89,0,0.0,8.4
2026-01-06T01:00,19.7,93,0,0.0,6.6
2026-01-06T02:00,19.0,95,0,0.0,5.0
2026-01-06T03:00,18.4,98,0,0.0,4.1
2026-01-06T04:00,18.1,99,0,0.0,2.7
2026-01-06T05:00,18.1,99,2,0.0,2.1
2026-01-06T06:00,17.8,100,0,0.0,3.1
2026-01-06T07:00,18.6,98,0,31.0,5.2
2026-01-06T08:00,21.0,85,0,204.0,4.9
2026-01-06T09:00,22.9,74,2,415.0,5.3
2026-01-06T10:00,24.8,62,4,601.0,7.3
2026-01-06T11:00,25.5,58,23,723.0,10.6
2026-01-06T12:00,27.0,50,34,722.0,12.4
2026-01-06T13:00,27.8,45,17,672.0,12.5
2026-01-06T14:00,28.2,43,18,607.0,12.8
2026-01-06T15:00,28.3,41,20,509.0,12.1
2026-01-06T16:00,28.1,39,27,338.0,12.2
2026-01-06T17:00,27.0,45,41,145.0,13.4
2026-01-06T18:00,25.4,52,32,10.0,14.5
2026-01-06T19:00,24.5,56,7,0.0,13.9
2026-01-06T20:00,23.3,62,1,0.0,12.2
2026-01-06T21:00,22.0,69,70,0.0,10.4
2026-01-06T22:00,20.9,76,2,0.0,10.3
2026-01-06T23:00,20.1,85,0,0.0,9.7
2026-01-07T00:00,19.6,91,59,0.0,9.8
2026-01-07T01:00,19.2,95,1,0.0,8.5
2026-01-07T02:00,18.8,98,73,0.0,6.9
2026-01-07T03:00,18.3,99,82,0.0,5.8
2026-01-07T04:00,17.9,100,100,0.0,5.9
2026-01-07T05:00,19.5,99,100,0.0,9.1
2026-01-07T06:00,20.2,91,41,0.0,11.6
2026-01-07T07:00,19.8,92,20,27.0,7.5
2026-01-07T08:00,21.3,80,37,193.0,9.8
2026-01-07T09:00,23.2,69,41,369.0,11.9
2026-01-07T10:00,24.7,60,44,546.0,14.6
2026-01-07T11:00,25.1,57,41,632.0,14.3
2026-01-07T12:00,27.0,49,22,699.0,13.8
2026-01-07T13:00,27.8,45,24,714.0,15.5
2026-01-07T14:00,28.1,43,47,642.0,16.6
2026-01-07T15:00,28.1,41,54,503.0,16.8
2026-01-07T16:00,27.4,42,64,348.0,18.4
2026-01-07T17:00,25.9,45,90,136.0,16.8
2026-01-07T18:00,24.1,49,73,12.0,15.3
2026-01-07T19:00,23.0,53,55,0.0,13.0
2026-01-07T20:00,21.7,57,18,0.0,11.4
2026-01-07T21:00,20.5,64,37,0.0,10.4
2026-01-07T22:00,19.2,71,24,0.0,8.9
2026-01-07T23:00,18.5,77,91,0.0,8.6
2026-01-08T00:00,18.4,80,80,0.0,8.0
2026-01-08T01:00,17.5,86,86,0.0,6.7
2026-01-08T02:00,16.9,90,79,0.0,6.2
2026-01-08T03:00,16.6,92,84,0.0,5.3
2026-01-08T04:00,16.6,91,66,0.0,4.4
2026-01-08T05:00,16.6,94,5,0.0,2.9
2026-01-08T06:00,16.5,95,1,0.0,3.0
2026-01-08T07:00,17.2,93,0,30.0,6.3
2026-01-08T08:00,19.7,79,0,204.0,4.7
2026-01-08T09:00,21.9,69,0,419.0,5.7
2026-01-08T10:00,23.7,62,11,605.0,9.1
2026-01-08T11:00,25.2,52,59,721.0,14.1
2026-01-08T12:00,26.5,45,16,720.0,14.2
2026-01-08T13:00,27.4,40,7,751.0,14.7
2026-01-08T14:00,27.7,37,5,704.0,15.0
2026-01-08T15:00,27.7,36,1,563.0,15.7
2026-01-08T16:00,26.9,36,3,374.0,18.4
2026-01-08T17:00,25.3,41,2,156.0,15.4
2026-01-08T18:00,23.5,44,1,13.0,16.0
2026-01-08T19:00,22.5,48,24,0.0,16.1
2026-01-08T20:00,21.7,51,73,0.0,13.5
2026-01-08T21:00,20.5,56,97,0.0,9.9
2026-01-08T22:00,19.6,62,100,0.0,9.7
2026-01-08T23:00,19.2,68,99,0.0,9.3
2026-01-09T00:00,19.1,74,84,0.0,8.4
2026-01-09T01:00,18.4,83,100,0.0,7.2
2026-01-09T02:00,18.0,88,80,0.0,6.1
2026-01-09T03:00,17.2,92,93,0.0,4.4
2026-01-09T04:00,16.9,91,7,0.0,2.4
2026-01-09T05:00,17.0,96,28,0.0,3.6
2026-01-09T06:00,17.1,96,18,0.0,3.9
2026-01-09T07:00,17.8,94,70,29.0,4.4
2026-01-09T08:00,20.0,80,98,194.0,4.2
2026-01-09T09:00,21.9,71,100,382.0,6.4
2026-01-09T10:00,23.7,59,79,584.0,9.0
2026-01-09T11:00,24.6,53,99,692.0,9.9
2026-01-09T12:00,26.0,48,95,770.0,10.9
2026-01-09T13:00,27.1,42,97,776.0,11.8
2026-01-09T14:00,27.7,37,95,680.0,12.3
2026-01-09T15:00,27.8,35,100,563.0,13.3
2026-01-09T16:00,27.1,35,100,319.0,14.2
2026-01-09T17:00,25.2,42,97,126.0,13.8
2026-01-09T18:00,23.3,46,100,13.0,13.4
2026-01-09T19:00,22.4,50,94,0.0,13.2
2026-01-09T20:00,21.2,55,78,0.0,10.7
2026-01-09T21:00,20.4,60,100,0.0,9.0
2026-01-09T22:00,19.9,65,100,0.0,7.6
2026-01-09T23:00,19.5,69,98,0.0,6.8
2026-01-10T00:00,19.6,71,95,0.0,7.1
2026-01-10T01:00,19.6,73,100,0.0,7.2
2026-01-10T02:00,19.9,74,97,0.0,6.1
2026-01-10T03:00,19.6,77,98,0.0,3.3
2026-01-10T04:00,19.7,77,32,0.0,3.2
2026-01-10T05:00,18.1,84,21,0.0,1.1
2026-01-10T06:00,18.2,83,5,0.0,2.7
2026-01-10T07:00,19.0,77,1,27.0,5.1
2026-01-10T08:00,21.4,63,5,193.0,3.8
2026-01-10T09:00,23.4,59,6,396.0,6.0
2026-01-10T10:00,25.0,52,20,588.0,9.8
2026-01-10T11:00,25.2,50,97,693.0,10.8
2026-01-10T12:00,26.6,45,100,683.0,11.6
2026-01-10T13:00,25.9,43,100,301.0,13.5
2026-01-10T14:00,24.7,47,100,220.0,17.8
2026-01-10T15:00,23.6,52,9,153.0,15.9
2026-01-10T16:00,24.0,53,63,334.0,15.3
2026-01-10T17:00,23.5,48,88,101.0,12.6
2026-01-10T18:00,22.8,51,49,8.0,10.7
2026-01-10T19:00,22.2,54,98,0.0,9.5
2026-01-10T20:00,21.7,57,90,0.0,10.0
2026-01-10T21:00,20.6,62,100,0.0,8.3
2026-01-10T22:00,20.5,66,100,0.0,14.4
2026-01-10T23:00,19.3,76,100,0.0,11.5
2026-01-11T00:00,19.3,76,98,0.0,6.1
2026-01-11T01:00,19.2,78,100,0.0,4.5
2026-01-11T02:00,18.9,79,100,0.0,4.7
2026-01-11T03:00,18.6,83,100,0.0,4.9
2026-01-11T04:00,18.6,82,100,0.0,4.6
2026-01-11T05:00,17.6,83,100,0.0,4.5
2026-01-11T06:00,18.5,77,100,0.0,3.1
2026-01-11T07:00,18.9,75,100,12.0,1.3
2026-01-11T08:00,19.8,69,77,80.0,0.7
2026-01-11T09:00,21.6,59,20,274.0,3.2
2026-01-11T10:00,23.7,47,18,544.0,8.3
2026-01-11T11:00,24.9,51,78,680.0,11.1
2026-01-11T12:00,26.6,47,77,670.0,14.5
2026-01-11T13:00,26.9,47,98,633.0,16.9
2026-01-11T14:00,26.3,52,98,331.0,17.4
2026-01-11T15:00,25.8,51,16,329.0,16.0
2026-01-11T16:00,25.9,50,24,344.0,17.8
2026-01-11T17:00,24.8,62,100,143.0,17.5
2026-01-11T18:00,24.3,61,100,5.0,14.9
2026-01-11T19:00,23.7,61,52,0.0,17.1
2026-01-11T20:00,22.4,60,98,0.0,16.6
2026-01-11T21:00,21.7,58,93,0.0,13.6
2026-01-11T22:00,21.2,61,91,0.0,10.4
2026-01-11T23:00,20.6,65,100,0.0,7.8
2026-01-12T00:00,20.7,67,100,0.0,8.6
2026-01-12T01:00,20.9,66,100,0.0,7.3
2026-01-12T02:00,21.1,66,98,0.0,4.7
2026-01-12T03:00,20.7,68,98,0.0,4.0
2026-01-12T04:00,20.3,70,70,0.0,3.4
2026-01-12T05:00,19.0,79,1,0.0,5.2
2026-01-12T06:00,19.2,80,0,0.0,4.2
2026-01-12T07:00,19.8,78,0,27.0,5.5
2026-01-12T08:00,21.9,69,0,193.0,4.7
2026-01-12T09:00,24.0,61,0,403.0,11.7
2026-01-12T10:00,25.8,54,1,587.0,15.8
2026-01-12T11:00,26.5,47,21,718.0,18.3
2026-01-12T12:00,27.5,46,66,714.0,16.2
2026-01-12T13:00,28.4,44,65,709.0,13.9
2026-01-12T14:00,29.1,41,52,595.0,15.5
2026-01-12T15:00,28.9,44,100,448.0,17.7
2026-01-12T16:00,26.8,53,100,131.0,20.9
2026-01-12T17:00,24.8,61,13,59.0,19.5
2026-01-12T18:00,24.3,64,81,13.0,13.3
2026-01-12T19:00,24.2,65,78,0.0,13.4
2026-01-12T20:00,23.8,67,100,0.0,12.2
2026-01-12T21:00,23.6,66,58,0.0,12.8
2026-01-12T22:00,22.9,69,92,0.0,14.0
2026-01-12T23:00,22.0,76,48,0.0,10.3
2026-01-13T00:00,22.1,77,24,0.0,10.9
2026-01-13T01:00,21.7,81,13,0.0,8.9
2026-01-13T02:00,21.1,85,4,0.0,6.2
2026-01-13T03:00,20.6,88,2,0.0,5.8
2026-01-13T04:00,20.3,90,7,0.0,6.2
2026-01-13T05:00,19.7,92,0,0.0,4.5
2026-01-13T06:00,20.0,91,1,0.0,3.1
2026-01-13T07:00,20.7,88,7,26.0,3.6
2026-01-13T08:00,22.9,77,9,186.0,6.2
2026-01-13T09:00,25.0,68,34,391.0,14.8
2026-01-13T10:00,26.6,60,29,529.0,13.7
2026-01-13T11:00,28.0,52,98,675.0,12.9
2026-01-13T12:00,28.9,49,100,544.0,12.1
2026-01-13T13:00,29.3,48,100,438.0,11.4
2026-01-13T14:00,29.6,46,60,405.0,11.0
2026-01-13T15:00,29.7,47,28,431.0,10.3
2026-01-13T16:00,29.2,48,46,301.0,9.0
2026-01-13T17:00,28.4,50,97,135.0,10.5
2026-01-13T18:00,27.6,54,5,7.0,11.7
2026-01-13T19:00,26.0,60,4,0.0,10.7
2026-01-13T20:00,25.3,62,4,0.0,12.5
2026-01-13T21:00,24.2,61,2,0.0,12.0
2026-01-13T22:00,23.3,62,2,0.0,13.2
2026-01-13T23:00,22.6,68,2,0.0,10.5
2026-01-14T00:00,22.4,71,1,0.0,9.7
2026-01-14T01:00,21.7,76,0,0.0,7.7
2026-01-14T02:00,21.0,81,0,0.0,5.5
2026-01-14T03:00,20.3,86,0,0.0,4.6
2026-01-14T04:00,19.8,89,0,0.0,4.5
2026-01-14T05:00,19.7,89,0,0.0,3.3
2026-01-14T06:00,20.0,89,0,0.0,3.0
2026-01-14T07:00,20.8,86,0,27.0,4.0
2026-01-14T08:00,23.0,76,0,193.0,3.8
2026-01-14T09:00,25.2,64,0,404.0,4.0
2026-01-14T10:00,27.2,53,0,590.0,4.6
2026-01-14T11:00,28.0,49,0,724.0,4.1
2026-01-14T12:00,29.5,44,1,792.0,4.5
2026-01-14T13:00,30.3,40,4,779.0,5.3
2026-01-14T14:00,30.7,38,3,699.0,5.9
2026-01-14T15:00,30.9,37,2,561.0,6.1
2026-01-14T16:00,30.6,37,4,375.0,5.9
2026-01-14T17:00,29.3,41,5,163.0,4.6
2026-01-14T18:00,26.9,46,8,16.0,5.1
2026-01-14T19:00,26.3,47,5,0.0,5.4
2026-01-14T20:00,25.8,47,1,0.0,11.1
2026-01-14T21:00,24.3,52,0,0.0,8.7
2026-01-14T22:00,23.6,55,0,0.0,9.3
2026-01-14T23:00,22.9,62,0,0.0,8.5
2026-01-15T00:00,22.6,66,0,0.0,9.8
2026-01-15T01:00,21.9,73,0,0.0,8.6
2026-01-15T02:00,21.0,80,0,0.0,6.8
2026-01-15T03:00,20.2,87,0,0.0,5.3
2026-01-15T04:00,19.8,90,0,0.0,5.3
2026-01-15T05:00,19.7,93,0,0.0,5.0
2026-01-15T06:00,20.2,90,0,0.0,4.7
2026-01-15T07:00,21.0,87,0,27.0,7.1
2026-01-15T08:00,23.2,76,0,195.0,6.1
2026-01-15T09:00,25.5,65,0,408.0,6.3
2026-01-15T10:00,27.6,55,4,597.0,7.6
2026-01-15T11:00,28.9,47,30,730.0,9.3
2026-01-15T12:00,30.2,41,5,764.0,9.5
2026-01-15T13:00,31.2,37,50,767.0,9.3
2026-01-15T14:00,31.3,37,49,575.0,8.5
2026-01-15T15:00,31.3,35,70,464.0,6.9
2026-01-15T16:00,31.0,36,42,262.0,6.4
2026-01-15T17:00,29.9,41,49,144.0,9.4
2026-01-15T18:00,28.2,45,27,13.0,9.6
2026-01-15T19:00,26.7,50,0,0.0,10.5
2026-01-15T20:00,25.8,56,2,0.0,13.8
2026-01-15T21:00,24.8,61,1,0.0,12.0
2026-01-15T22:00,24.0,67,0,0.0,13.3
2026-01-15T23:00,22.9,77,0,0.0,9.6
2026-01-16T00:00,22.5,81,0,0.0,9.3
2026-01-16T01:00,22.0,85,0,0.0,9.0
2026-01-16T02:00,21.5,88,8,0.0,7.6
2026-01-16T03:00,20.8,92,1,0.0,5.2
2026-01-16T04:00,20.2,95,0,0.0,4.8
2026-01-16T05:00,20.0,95,16,0.0,6.1
2026-01-16T06:00,20.5,92,9,0.0,6.0
2026-01-16T07:00,21.1,90,10,25.0,8.5
2026-01-16T08:00,22.9,80,0,191.0,8.0
2026-01-16T09:00,25.1,66,0,414.0,8.1
2026-01-16T10:00,27.2,54,0,606.0,9.5
2026-01-16T11:00,28.4,47,0,744.0,9.2
2026-01-16T12:00,29.7,42,17,816.0,8.7
2026-01-16T13:00,30.4,39,8,736.0,7.2
2026-01-16T14:00,31.0,35,7,721.0,6.2
2026-01-16T15:00,31.3,34,11,577.0,6.8
2026-01-16T16:00,30.9,33,16,388.0,8.2
2026-01-16T17:00,29.2,36,0,171.0,8.5
2026-01-16T18:00,26.5,42,0,19.0,9.3
2026-01-16T19:00,25.2,46,0,0.0,9.8
2026-01-16T20:00,24.2,50,0,0.0,10.8
2026-01-16T21:00,23.5,52,0,0.0,10.7
2026-01-16T22:00,22.6,55,0,0.0,8.7
2026-01-16T23:00,21.7,61,0,0.0,9.7
2026-01-17T00:00,21.2,67,0,0.0,9.0
2026-01-17T01:00,19.9,76,0,0.0,5.1
2026-01-17T02:00,19.3,80,0,0.0,3.6
2026-01-17T03:00,18.8,84,0,0.0,3.2
2026-01-17T04:00,18.3,88,45,0.0,4.2
2026-01-17T05:00,17.8,91,28,0.0,5.4
2026-01-17T06:00,18.0,92,4,0.0,4.4
2026-01-17T07:00,19.1,88,0,29.0,5.5
2026-01-17T08:00,21.6,77,33,208.0,3.2
2026-01-17T09:00,24.0,64,68,431.0,3.1
2026-01-17T10:00,25.9,52,80,626.0,2.8
2026-01-17T11:00,26.7,44,80,767.0,3.6
2026-01-17T12:00,28.3,36,49,838.0,3.9
2026-01-17T13:00,29.2,32,45,837.0,4.3
2026-01-17T14:00,29.8,30,44,759.0,5.5
2026-01-17T15:00,29.9,29,55,613.0,6.5
2026-01-17T16:00,29.5,30,61,411.0,6.2
2026-01-17T17:00,27.7,45,19,186.0,3.1
2026-01-17T18:00,25.1,45,23,20.0,3.5
2026-01-17T19:00,24.9,45,21,0.0,2.0
2026-01-17T20:00,24.2,46,46,0.0,8.4
2026-01-17T21:00,23.2,47,82,0.0,9.0
2026-01-17T22:00,22.1,52,30,0.0,9.3
2026-01-17T23:00,21.5,58,6,0.0,10.9
2026-01-18T00:00,20.9,63,12,0.0,10.4
2026-01-18T01:00,20.0,68,10,0.0,8.4
2026-01-18T02:00,18.9,77,4,0.0,6.0
2026-01-18T03:00,18.3,82,0,0.0,5.2
2026-01-18T04:00,17.8,86,1,0.0,5.3
2026-01-18T05:00,17.5,85,0,0.0,4.6
2026-01-18T06:00,17.8,83,0,0.0,3.4
2026-01-18T07:00,18.7,78,5,29.0,3.1
2026-01-18T08:00,21.4,65,77,208.0,3.3
2026-01-18T09:00,23.9,57,50,432.0,2.2
2026-01-18T10:00,26.1,48,3,629.0,1.0
2026-01-18T11:00,27.3,41,0,771.0,3.2
2026-01-18T12:00,29.2,31,0,845.0,5.1
2026-01-18T13:00,30.2,25,0,845.0,7.2
2026-01-18T14:00,30.6,23,0,768.0,7.8
2026-01-18T15:00,30.5,23,0,619.0,6.7
2026-01-18T16:00,30.3,23,0,417.0,4.1
2026-01-18T17:00,28.7,37,0,190.0,1.8
2026-01-18T18:00,26.5,31,0,21.0,1.9
2026-01-18T19:00,24.5,32,0,0.0,7.4
2026-01-18T20:00,23.3,36,0,0.0,8.6
2026-01-18T21:00,22.0,43,0,0.0,8.3
2026-01-18T22:00,22.0,49,0,0.0,13.8
2026-01-18T23:00,21.0,68,0,0.0,14.1
2026-01-19T00:00,20.5,73,0,0.0,12.4
2026-01-19T01:00,19.8,74,0,0.0,11.5
2026-01-19T02:00,19.0,77,0,0.0,8.5
2026-01-19T03:00,18.0,82,0,0.0,7.1
2026-01-19T04:00,17.5,86,0,0.0,6.6
2026-01-19T05:00,17.2,92,0,0.0,6.3
2026-01-19T06:00,17.3,92,0,0.0,5.5
2026-01-19T07:00,18.4,88,0,28.0,7.1
2026-01-19T08:00,20.9,74,0,206.0,5.3
2026-01-19T09:00,23.2,60,0,429.0,5.8
2026-01-19T10:00,25.4,51,0,626.0,7.1
2026-01-19T11:00,26.9,44,0,769.0,6.5
2026-01-19T12:00,28.6,36,0,844.0,6.0
2026-01-19T13:00,29.7,28,0,845.0,6.2
2026-01-19T14:00,30.3,23,0,768.0,6.1
2026-01-19T15:00,30.3,21,0,622.0,5.4
2026-01-19T16:00,30.0,21,0,420.0,3.4
2026-01-19T17:00,27.9,33,0,194.0,4.5
2026-01-19T18:00,24.9,30,0,22.0,7.0
2026-01-19T19:00,24.5,29,0,0.0,10.1
2026-01-19T20:00,23.4,33,0,0.0,10.2
2026-01-19T21:00,22.7,43,0,0.0,15.6
2026-01-19T22:00,21.9,61,0,0.0,14.6
2026-01-19T23:00,21.0,69,0,0.0,13.1
2026-01-20T00:00,20.4,73,0,0.0,13.0
2026-01-20T01:00,19.6,78,0,0.0,10.9
2026-01-20T02:00,18.5,84,0,0.0,7.7
2026-01-20T03:00,17.5,89,0,0.0,6.4
2026-01-20T04:00,17.0,90,0,0.0,6.0
2026-01-20T05:00,16.9,89,0,0.0,6.0
2026-01-20T06:00,17.1,88,0,0.0,5.1
2026-01-20T07:00,18.4,82,0,29.0,5.2
2026-01-20T08:00,21.1,71,0,210.0,5.7
2026-01-20T09:00,23.6,59,0,435.0,7.6
2026-01-20T10:00,26.0,47,0,632.0,8.4
2026-01-20T11:00,27.7,37,0,776.0,9.1
2026-01-20T12:00,29.5,28,0,852.0,9.8
2026-01-20T13:00,30.3,24,0,849.0,7.9
2026-01-20T14:00,30.6,23,0,770.0,6.6
2026-01-20T15:00,30.7,23,0,621.0,5.6
2026-01-20T16:00,30.5,23,0,419.0,6.4
2026-01-20T17:00,28.5,28,0,194.0,11.8
2026-01-20T18:00,26.2,33,0,22.0,13.5
2026-01-20T19:00,24.7,37,0,0.0,11.2
2026-01-20T20:00,23.7,41,0,0.0,14.0
2026-01-20T21:00,22.9,46,0,0.0,15.4
2026-01-20T22:00,21.7,49,0,0.0,15.8
2026-01-20T23:00,20.6,64,0,0.0,14.6
2026-01-21T00:00,20.2,73,1,0.0,13.0
2026-01-21T01:00,19.6,79,0,0.0,10.5
2026-01-21T02:00,18.8,85,0,0.0,7.2
2026-01-21T03:00,18.1,89,0,0.0,6.1
2026-01-21T04:00,17.5,92,0,0.0,5.4
2026-01-21T05:00,17.6,95,0,0.0,6.2
2026-01-21T06:00,17.8,96,0,0.0,6.3
2026-01-21T07:00,18.4,95,0,28.0,8.6
2026-01-21T08:00,20.7,83,0,206.0,8.8
2026-01-21T09:00,23.1,69,0,432.0,10.5
2026-01-21T10:00,25.4,55,0,629.0,11.8
2026-01-21T11:00,26.5,52,5,771.0,13.1
2026-01-21T12:00,27.8,47,2,828.0,14.9
2026-01-21T13:00,29.0,40,1,827.0,13.3
2026-01-21T14:00,29.8,35,4,754.0,12.3
2026-01-21T15:00,29.9,33,9,599.0,13.3
2026-01-21T16:00,29.6,32,30,391.0,14.6
2026-01-21T17:00,27.9,36,21,171.0,13.6
2026-01-21T18:00,25.7,40,15,22.0,11.7
2026-01-21T19:00,24.9,41,8,0.0,15.9
2026-01-21T20:00,24.0,40,0,0.0,17.3
2026-01-21T21:00,22.7,42,0,0.0,14.8
2026-01-21T22:00,21.3,49,0,0.0,11.8
2026-01-21T23:00,20.2,59,0,0.0,10.2
2026-01-22T00:00,19.7,64,0,0.0,9.8
2026-01-22T01:00,18.9,72,0,0.0,9.6
2026-01-22T02:00,18.1,80,0,0.0,6.9
2026-01-22T03:00,17.5,85,0,0.0,4.6
2026-01-22T04:00,17.3,86,0,0.0,4.5
2026-01-22T05:00,17.1,91,0,0.0,6.8
2026-01-22T06:00,17.3,92,0,0.0,7.7
2026-01-22T07:00,18.0,89,0,29.0,9.4
2026-01-22T08:00,20.7,76,0,209.0,7.8
2026-01-22T09:00,23.1,63,0,433.0,11.3
2026-01-22T10:00,24.9,53,0,629.0,13.4
2026-01-22T11:00,26.3,50,10,769.0,16.4
2026-01-22T12:00,27.8,43,10,808.0,17.0
2026-01-22T13:00,28.9,37,9,801.0,15.0
2026-01-22T14:00,29.8,33,6,727.0,13.1
2026-01-22T15:00,30.1,30,11,596.0,12.6
2026-01-22T16:00,29.8,29,7,395.0,14.5
2026-01-22T17:00,27.8,31,8,172.0,16.7
2026-01-22T18:00,25.7,39,9,23.0,10.1
2026-01-22T19:00,24.6,47,0,0.0,15.0
2026-01-22T20:00,23.7,51,0,0.0,17.7
2026-01-22T21:00,22.6,54,0,0.0,15.7
2026-01-22T22:00,21.6,59,0,0.0,13.7
2026-01-22T23:00,20.9,62,0,0.0,12.5
2026-01-23T00:00,20.3,65,0,0.0,12.4
2026-01-23T01:00,19.6,72,0,0.0,10.9
2026-01-23T02:00,18.9,80,0,0.0,8.6
2026-01-23T03:00,18.1,88,0,0.0,6.9
2026-01-23T04:00,17.8,91,0,0.0,6.9
2026-01-23T05:00,17.9,93,0,0.0,9.1
2026-01-23T06:00,17.9,94,0,0.0,8.0
2026-01-23T07:00,18.5,92,0,28.0,9.4
2026-01-23T08:00,20.9,79,0,206.0,9.0
2026-01-23T09:00,23.2,64,0,431.0,12.0
2026-01-23T10:00,25.4,49,0,631.0,13.1
2026-01-23T11:00,26.9,42,0,775.0,13.0
2026-01-23T12:00,28.1,36,2,847.0,11.2
2026-01-23T13:00,28.7,34,55,841.0,9.5
2026-01-23T14:00,29.1,33,68,767.0,9.0
2026-01-23T15:00,29.2,32,21,617.0,8.4
2026-01-23T16:00,29.0,29,3,414.0,7.4
2026-01-23T17:00,27.9,31,2,194.0,6.0
2026-01-23T18:00,25.1,38,4,25.0,3.2
2026-01-23T19:00,24.4,56,4,0.0,21.4
2026-01-23T20:00,23.0,69,0,0.0,18.1
2026-01-23T21:00,22.2,71,0,0.0,16.1
2026-01-23T22:00,21.6,71,0,0.0,14.1
2026-01-23T23:00,21.1,76,0,0.0,11.7
2026-01-24T00:00,20.9,79,0,0.0,10.2
2026-01-24T01:00,20.2,84,0,0.0,8.0
2026-01-24T02:00,19.5,89,0,0.0,6.3
2026-01-24T03:00,19.0,92,2,0.0,5.0
2026-01-24T04:00,19.0,92,2,0.0,2.8
2026-01-24T05:00,19.0,96,6,0.0,4.9
2026-01-24T06:00,19.3,96,21,0.0,3.9
2026-01-24T07:00,20.1,93,27,26.0,4.9
2026-01-24T08:00,22.1,81,21,182.0,5.8
2026-01-24T09:00,24.2,68,91,384.0,9.8
2026-01-24T10:00,25.8,58,44,489.0,11.5
2026-01-24T11:00,26.9,54,21,698.0,13.5
2026-01-24T12:00,28.1,50,100,758.0,15.2
2026-01-24T13:00,26.8,54,100,387.0,17.3
2026-01-24T14:00,25.5,61,100,215.0,15.1
2026-01-24T15:00,25.1,65,100,207.0,13.2
2026-01-24T16:00,25.5,62,69,209.0,12.1
2026-01-24T17:00,25.8,58,5,120.0,16.4
2026-01-24T18:00,24.5,62,24,23.0,10.3
2026-01-24T19:00,23.8,67,99,0.0,9.7
2026-01-24T20:00,23.9,68,98,0.0,8.8
2026-01-24T21:00,23.5,70,73,0.0,9.0
2026-01-24T22:00,22.7,75,94,0.0,8.9
2026-01-24T23:00,22.1,79,29,0.0,7.0
2026-01-25T00:00,21.6,82,29,0.0,6.3
2026-01-25T01:00,21.1,85,21,0.0,5.0
2026-01-25T02:00,20.4,89,10,0.0,4.5
2026-01-25T03:00,20.0,90,4,0.0,3.6
2026-01-25T04:00,19.6,91,5,0.0,4.4
2026-01-25T05:00,20.7,89,99,0.0,4.6
2026-01-25T06:00,21.5,84,98,0.0,5.8
2026-01-25T07:00,21.9,82,86,17.0,6.2
2026-01-25T08:00,23.2,75,2,141.0,6.4
2026-01-25T09:00,25.3,65,88,405.0,10.4
2026-01-25T10:00,27.0,57,5,528.0,14.4
2026-01-25T11:00,28.1,53,6,744.0,17.1
2026-01-25T12:00,29.5,45,3,811.0,18.2
2026-01-25T13:00,30.4,40,12,811.0,19.4
2026-01-25T14:00,31.3,38,100,726.0,18.5
2026-01-25T15:00,29.0,43,100,264.0,21.8
2026-01-25T16:00,29.5,40,100,192.0,17.4
2026-01-25T17:00,27.4,49,85,144.0,19.9
2026-01-25T18:00,27.2,49,2,15.0,15.3
2026-01-25T19:00,26.3,54,5,0.0,13.2
2026-01-25T20:00,25.2,59,7,0.0,12.3
2026-01-25T21:00,24.5,62,14,0.0,12.2
2026-01-25T22:00,24.0,66,10,0.0,12.5
2026-01-25T23:00,23.6,70,93,0.0,12.8
2026-01-26T00:00,23.5,74,99,0.0,13.9
2026-01-26T01:00,23.2,76,100,0.0,12.3
2026-01-26T02:00,23.1,78,88,0.0,11.2
2026-01-26T03:00,22.7,82,100,0.0,9.6
2026-01-26T04:00,22.6,84,100,0.0,9.7
2026-01-26T05:00,22.3,91,100,0.0,9.8
2026-01-26T06:00,22.2,94,100,0.0,9.3
2026-01-26T07:00,22.2,93,100,6.0,9.3
2026-01-26T08:00,23.0,86,50,70.0,10.8
2026-01-26T09:00,25.5,69,75,353.0,12.5
2026-01-26T10:00,27.0,59,48,505.0,13.4
2026-01-26T11:00,26.7,59,95,653.0,14.6
2026-01-26T12:00,28.1,51,100,568.0,13.3
2026-01-26T13:00,28.6,47,100,425.0,13.5
2026-01-26T14:00,29.1,44,100,305.0,13.4
2026-01-26T15:00,28.6,45,100,107.0,14.0
2026-01-26T16:00,28.4,46,100,72.0,13.7
2026-01-26T17:00,28.1,48,100,77.0,15.9
2026-01-26T18:00,27.4,51,100,11.0,13.8
2026-01-26T19:00,26.8,53,93,0.0,15.2
2026-01-26T20:00,26.4,55,99,0.0,16.5
2026-01-26T21:00,25.7,57,100,0.0,16.9
2026-01-26T22:00,25.0,59,100,0.0,16.1
2026-01-26T23:00,24.6,63,100,0.0,14.0
2026-01-27T00:00,24.2,66,100,0.0,13.4
2026-01-27T01:00,23.9,68,100,0.0,10.2
2026-01-27T02:00,23.7,67,100,0.0,6.2
2026-01-27T03:00,23.4,70,84,0.0,5.6
2026-01-27T04:00,23.0,75,99,0.0,4.5
2026-01-27T05:00,23.1,74,100,0.0,7.4
2026-01-27T06:00,23.0,80,94,0.0,10.0
2026-01-27T07:00,23.0,82,98,14.0,9.3
2026-01-27T08:00,24.1,73,100,156.0,11.4
2026-01-27T09:00,26.0,57,95,374.0,13.8
2026-01-27T10:00,27.7,46,99,559.0,14.0
2026-01-27T11:00,28.6,42,100,728.0,14.3
2026-01-27T12:00,30.2,37,95,769.0,14.7
2026-01-27T13:00,31.0,35,100,797.0,15.8
2026-01-27T14:00,31.1,34,100,691.0,17.5
2026-01-27T15:00,31.0,34,100,387.0,14.1
2026-01-27T16:00,30.5,36,100,198.0,14.4
2026-01-27T17:00,29.5,38,100,68.0,15.5
2026-01-27T18:00,28.5,41,100,17.0,15.3
2026-01-27T19:00,28.0,41,100,0.0,16.1
2026-01-27T20:00,27.0,41,99,0.0,16.7
2026-01-27T21:00,25.4,46,95,0.0,16.3
2026-01-27T22:00,24.1,53,91,0.0,15.6
2026-01-27T23:00,23.2,60,80,0.0,14.5
2026-01-28T00:00,22.7,63,79,0.0,14.4
2026-01-28T01:00,21.9,67,93,0.0,10.9
2026-01-28T02:00,21.3,70,88,0.0,9.2
2026-01-28T03:00,20.6,73,100,0.0,7.6
2026-01-28T04:00,20.2,76,92,0.0,7.7
2026-01-28T05:00,19.8,77,98,0.0,7.1
2026-01-28T06:00,19.8,77,88,0.0,5.0
2026-01-28T07:00,20.4,76,88,27.0,4.8
2026-01-28T08:00,22.4,68,92,200.0,3.1
2026-01-28T09:00,24.8,56,98,421.0,4.3
2026-01-28T10:00,27.0,45,99,617.0,6.9
2026-01-28T11:00,28.3,41,71,759.0,7.4
2026-01-28T12:00,29.7,38,70,834.0,7.9
2026-01-28T13:00,30.6,37,28,835.0,8.4
2026-01-28T14:00,31.0,35,16,738.0,6.9
2026-01-28T15:00,31.7,33,29,631.0,5.4
2026-01-28T16:00,31.9,31,27,374.0,9.0
2026-01-28T17:00,31.0,33,98,156.0,12.4
2026-01-28T18:00,29.9,36,46,16.0,11.8
2026-01-28T19:00,28.4,42,38,0.0,12.5
2026-01-28T20:00,27.0,49,2,0.0,17.3
2026-01-28T21:00,25.1,59,0,0.0,17.0
2026-01-28T22:00,24.0,66,1,0.0,16.1
2026-01-28T23:00,23.0,73,2,0.0,13.8
2026-01-29T00:00,22.4,76,0,0.0,13.9
2026-01-29T01:00,21.8,80,0,0.0,12.3
2026-01-29T02:00,21.2,84,0,0.0,10.0
2026-01-29T03:00,20.6,89,0,0.0,7.3
2026-01-29T04:00,19.9,93,0,0.0,6.2
2026-01-29T05:00,19.5,95,0,0.0,6.2
2026-01-29T06:00,19.5,96,0,0.0,4.9
2026-01-29T07:00,19.9,95,0,28.0,5.8
2026-01-29T08:00,22.0,82,0,202.0,7.1
2026-01-29T09:00,24.6,66,0,425.0,10.8
2026-01-29T10:00,26.8,52,0,623.0,13.1
2026-01-29T11:00,28.0,49,8,770.0,14.3
2026-01-29T12:00,29.3,44,5,821.0,14.1
2026-01-29T13:00,30.7,38,11,830.0,12.3
2026-01-29T14:00,31.4,34,28,751.0,12.6
2026-01-29T15:00,31.3,33,6,591.0,13.1
2026-01-29T16:00,31.0,31,3,423.0,12.8
2026-01-29T17:00,29.5,35,9,208.0,12.9
2026-01-29T18:00,27.5,37,5,29.0,9.3
2026-01-29T19:00,26.5,39,75,0.0,10.5
2026-01-29T20:00,26.5,46,45,0.0,15.6
2026-01-29T21:00,25.5,48,0,0.0,17.0
2026-01-29T22:00,23.9,57,0,0.0,16.3
2026-01-29T23:00,23.0,64,2,0.0,15.0
2026-01-30T00:00,22.2,71,4,0.0,13.8
2026-01-30T01:00,21.5,79,0,0.0,12.7
2026-01-30T02:00,20.8,85,0,0.0,10.1
2026-01-30T03:00,20.2,88,0,0.0,7.5
2026-01-30T04:00,19.8,91,0,0.0,6.8
2026-01-30T05:00,19.6,94,0,0.0,8.0
2026-01-30T06:00,19.5,96,0,0.0,7.2
2026-01-30T07:00,20.1,93,0,29.0,8.5
2026-01-30T08:00,22.3,79,1,207.0,7.9
2026-01-30T09:00,24.7,62,0,433.0,11.4
2026-01-30T10:00,26.9,47,0,634.0,12.9
2026-01-30T11:00,28.1,44,0,782.0,12.4
2026-01-30T12:00,29.6,39,0,857.0,11.2
2026-01-30T13:00,30.7,34,0,856.0,11.7
2026-01-30T14:00,31.2,32,2,780.0,13.8
2026-01-30T15:00,31.3,30,1,633.0,15.4
2026-01-30T16:00,30.7,31,9,436.0,15.7
2026-01-30T17:00,29.0,34,0,209.0,15.1
2026-01-30T18:00,27.0,39,1,30.0,11.8
2026-01-30T19:00,26.0,43,0,0.0,13.1
2026-01-30T20:00,25.3,43,0,0.0,18.0
2026-01-30T21:00,24.1,45,0,0.0,17.0
2026-01-30T22:00,22.9,49,0,0.0,15.7
2026-01-30T23:00,22.0,54,0,0.0,13.9
2026-01-31T00:00,21.3,57,0,0.0,13.3
2026-01-31T01:00,20.6,62,0,0.0,12.1
2026-01-31T02:00,19.9,69,0,0.0,8.1
2026-01-31T03:00,19.2,76,25,0.0,6.9
2026-01-31T04:00,18.7,82,37,0.0,7.2
2026-01-31T05:00,18.4,91,59,0.0,7.0
2026-01-31T06:00,18.6,91,41,0.0,7.9
2026-01-31T07:00,19.2,88,0,30.0,9.5
2026-01-31T08:00,21.7,75,0,213.0,10.8
2026-01-31T09:00,23.8,66,0,441.0,14.2
2026-01-31T10:00,25.6,56,3,641.0,14.3
2026-01-31T11:00,26.8,51,5,772.0,13.5
2026-01-31T12:00,28.7,43,1,852.0,12.7
2026-01-31T13:00,30.1,36,1,860.0,14.4
2026-01-31T14:00,30.7,34,2,786.0,16.8
2026-01-31T15:00,30.6,34,3,639.0,16.9
2026-01-31T16:00,30.1,34,1,439.0,17.1
2026-01-31T17:00,28.7,37,1,214.0,17.2
2026-01-31T18:00,26.9,40,0,31.0,16.0
2026-01-31T19:00,25.7,39,0,0.0,18.0
2026-01-31T20:00,24.4,45,0,0.0,18.4
2026-01-31T21:00,23.1,54,0,0.0,16.2
2026-01-31T22:00,21.8,64,0,0.0,14.6
2026-01-31T23:00,21.0,76,0,0.0,14.7
2026-02-01T00:00,20.6,81,0,0.0,13.2
2026-02-01T01:00,20.0,86,0,0.0,10.2
2026-02-01T02:00,19.3,90,8,0.0,7.3
2026-02-01T03:00,18.9,92,13,0.0,6.8
2026-02-01T04:00,18.3,94,57,0.0,5.2
2026-02-01T05:00,18.0,97,39,0.0,3.6
2026-02-01T06:00,18.0,97,96,0.0,3.8
2026-02-01T07:00,19.2,95,10,25.0,5.6
2026-02-01T08:00,21.4,83,7,208.0,8.7
2026-02-01T09:00,23.7,67,2,436.0,11.2
2026-02-01T10:00,25.7,57,36,635.0,12.3
2026-02-01T11:00,27.7,46,26,780.0,14.8
2026-02-01T12:00,29.2,40,8,828.0,15.2
2026-02-01T13:00,30.2,36,3,852.0,14.1
2026-02-01T14:00,30.7,35,10,771.0,13.7
2026-02-01T15:00,31.1,33,5,622.0,12.2
2026-02-01T16:00,30.9,33,27,431.0,13.8
2026-02-01T17:00,29.1,39,2,163.0,11.2
2026-02-01T18:00,27.3,43,1,31.0,9.4
2026-02-01T19:00,26.0,51,0,0.0,15.0
2026-02-01T20:00,25.1,54,0,0.0,15.2
2026-02-01T21:00,24.1,57,0,0.0,14.9
2026-02-01T22:00,23.2,63,0,0.0,14.6
2026-02-01T23:00,22.3,73,2,0.0,13.8
2026-02-02T00:00,21.9,77,0,0.0,14.3
2026-02-02T01:00,21.3,79,0,0.0,12.5
2026-02-02T02:00,20.7,83,0,0.0,8.7
2026-02-02T03:00,20.0,88,2,0.0,6.4
2026-02-02T04:00,19.4,93,5,0.0,4.7
2026-02-02T05:00,18.8,96,0,0.0,4.9
2026-02-02T06:00,19.1,95,0,0.0,5.6
2026-02-02T07:00,19.9,92,0,29.0,7.5
2026-02-02T08:00,22.2,80,39,205.0,9.0
2026-02-02T09:00,24.4,67,1,429.0,12.3
2026-02-02T10:00,26.4,57,2,627.0,12.8
2026-02-02T11:00,27.6,49,53,772.0,13.5
2026-02-02T12:00,29.1,42,72,711.0,12.4
2026-02-02T13:00,30.1,38,59,709.0,12.6
2026-02-02T14:00,30.3,37,38,662.0,12.4
2026-02-02T15:00,30.7,35,19,603.0,11.2
2026-02-02T16:00,30.6,34,26,418.0,13.5
2026-02-02T17:00,29.2,39,5,202.0,13.8
2026-02-02T18:00,27.5,43,16,29.0,6.8
2026-02-02T19:00,26.6,51,7,0.0,20.9
2026-02-02T20:00,24.9,64,7,0.0,16.3
2026-02-02T21:00,24.2,67,0,0.0,14.8
2026-02-02T22:00,23.5,71,0,0.0,15.4
2026-02-02T23:00,22.7,76,0,0.0,14.1
2026-02-03T00:00,22.4,77,0,0.0,13.3
2026-02-03T01:00,21.9,80,0,0.0,11.4
2026-02-03T02:00,21.4,83,0,0.0,10.1
2026-02-03T03:00,20.8,87,0,0.0,7.8
2026-02-03T04:00,20.2,92,0,0.0,7.0
2026-02-03T05:00,19.7,96,5,0.0,7.5
2026-02-03T06:00,19.7,98,13,0.0,7.2
2026-02-03T07:00,20.3,94,11,29.0,10.1
2026-02-03T08:00,22.2,80,5,205.0,10.9
2026-02-03T09:00,24.3,61,1,428.0,11.5
2026-02-03T10:00,26.4,46,2,636.0,12.6
2026-02-03T11:00,27.3,42,1,783.0,13.4
2026-02-03T12:00,28.9,36,2,860.0,14.2
2026-02-03T13:00,30.1,33,1,857.0,15.1
2026-02-03T14:00,30.8,31,2,785.0,15.0
2026-02-03T15:00,30.8,31,2,640.0,16.2
2026-02-03T16:00,30.2,32,2,442.0,17.1
2026-02-03T17:00,28.8,37,5,217.0,18.2
2026-02-03T18:00,27.2,42,11,32.0,18.6
2026-02-03T19:00,26.1,45,4,0.0,19.6
2026-02-03T20:00,24.7,51,0,0.0,19.5
2026-02-03T21:00,23.4,60,10,0.0,16.5
2026-02-03T22:00,22.2,67,0,0.0,15.5
2026-02-03T23:00,21.5,74,5,0.0,13.8
2026-02-04T00:00,21.3,75,10,0.0,11.2
2026-02-04T01:00,20.7,78,87,0.0,8.8
2026-02-04T02:00,20.2,81,61,0.0,5.9
2026-02-04T03:00,19.6,85,51,0.0,6.5
2026-02-04T04:00,19.4,87,68,0.0,7.5
2026-02-04T05:00,19.3,91,72,0.0,8.6
2026-02-04T06:00,19.4,91,3,0.0,9.0
2026-02-04T07:00,20.2,87,5,30.0,12.8
2026-02-04T08:00,22.2,77,10,207.0,14.5
2026-02-04T09:00,24.0,66,5,427.0,14.5
2026-02-04T10:00,26.0,56,12,623.0,13.8
2026-02-04T11:00,27.2,49,2,766.0,13.1
2026-02-04T12:00,29.0,41,2,849.0,13.6
2026-02-04T13:00,30.4,36,2,853.0,14.7
2026-02-04T14:00,31.1,33,3,778.0,15.8
2026-02-04T15:00,31.4,32,30,636.0,16.9
2026-02-04T16:00,30.7,32,25,392.0,17.4
2026-02-04T17:00,29.7,33,38,189.0,17.9
2026-02-04T18:00,27.9,38,52,29.0,16.8
2026-02-04T19:00,26.8,40,12,0.0,19.7
2026-02-04T20:00,25.5,45,0,0.0,18.1
2026-02-04T21:00,24.0,51,0,0.0,17.4
2026-02-04T22:00,22.8,59,0,0.0,14.5
2026-02-04T23:00,22.0,67,0,0.0,11.7
2026-02-05T00:00,21.5,72,0,0.0,10.2
2026-02-05T01:00,20.5,79,0,0.0,7.3
2026-02-05T02:00,19.8,85,0,0.0,6.0
2026-02-05T03:00,19.4,89,0,0.0,7.2
2026-02-05T04:00,19.0,93,0,0.0,8.4
2026-02-05T05:00,18.7,96,1,0.0,10.6
2026-02-05T06:00,18.9,96,1,0.0,10.3
2026-02-05T07:00,19.6,92,9,30.0,12.5
2026-02-05T08:00,21.4,79,7,207.0,13.7
2026-02-05T09:00,23.4,66,6,433.0,13.0
2026-02-05T10:00,25.4,56,17,627.0,11.6
2026-02-05T11:00,26.8,49,4,761.0,11.2
2026-02-05T12:00,28.7,40,1,861.0,11.7
2026-02-05T13:00,30.4,32,0,868.0,12.6
2026-02-05T14:00,31.4,27,0,796.0,13.9
2026-02-05T15:00,31.4,27,0,652.0,15.3
2026-02-05T16:00,31.0,28,0,452.0,15.4
2026-02-05T17:00,29.6,33,9,223.0,16.6
2026-02-05T18:00,27.7,38,29,34.0,15.8
2026-02-05T19:00,26.7,38,2,0.0,17.5
2026-02-05T20:00,25.3,36,0,0.0,17.8
2026-02-05T21:00,24.0,40,0,0.0,15.9
2026-02-05T22:00,23.1,44,0,0.0,13.3
2026-02-05T23:00,21.9,51,0,0.0,10.3
2026-02-06T00:00,21.5,56,0,0.0,9.6
2026-02-06T01:00,20.5,62,0,0.0,7.3
2026-02-06T02:00,19.7,68,0,0.0,6.1
2026-02-06T03:00,19.1,74,0,0.0,6.4
2026-02-06T04:00,18.5,79,0,0.0,6.4
2026-02-06T05:00,18.3,86,0,0.0,7.4
2026-02-06T06:00,18.6,86,0,0.0,7.1
2026-02-06T07:00,19.4,83,0,32.0,9.3
2026-02-06T08:00,21.8,73,0,218.0,8.9
2026-02-06T09:00,24.1,60,0,448.0,11.2
2026-02-06T10:00,26.1,50,0,649.0,11.5
2026-02-06T11:00,27.1,48,2,796.0,9.4
2026-02-06T12:00,29.0,40,0,869.0,9.1
2026-02-06T13:00,30.3,34,0,873.0,10.1
2026-02-06T14:00,31.3,30,0,800.0,10.4
2026-02-06T15:00,31.7,28,0,655.0,14.1
2026-02-06T16:00,31.0,29,0,455.0,17.5
2026-02-06T17:00,29.7,32,0,226.0,17.4
2026-02-06T18:00,27.8,37,0,36.0,14.3
2026-02-06T19:00,26.8,41,3,0.0,15.2
2026-02-06T20:00,25.9,40,0,0.0,18.0
2026-02-06T21:00,24.6,39,0,0.0,14.7
2026-02-06T22:00,23.1,42,0,0.0,11.2
2026-02-06T23:00,21.9,47,0,0.0,10.5
2026-02-07T00:00,21.6,50,0,0.0,10.9
2026-02-07T01:00,20.6,56,0,0.0,9.3
2026-02-07T02:00,19.3,66,0,0.0,5.5
2026-02-07T03:00,19.1,68,0,0.0,1.5
2026-02-07T04:00,18.7,70,0,0.0,0.9
2026-02-07T05:00,18.4,78,0,0.0,1.2
2026-02-07T06:00,18.3,79,0,0.0,3.4
2026-02-07T07:00,19.5,75,0,33.0,4.0
2026-02-07T08:00,22.5,62,0,222.0,3.2
2026-02-07T09:00,25.3,47,0,454.0,3.9
2026-02-07T10:00,27.9,34,0,658.0,5.5
2026-02-07T11:00,28.8,31,0,807.0,7.0
2026-02-07T12:00,30.3,28,0,886.0,6.9
2026-02-07T13:00,31.2,25,0,889.0,5.6
2026-02-07T14:00,31.8,24,0,814.0,4.4
2026-02-07T15:00,32.0,23,0,668.0,3.3
2026-02-07T16:00,31.8,23,0,466.0,1.7
2026-02-07T17:00,30.9,23,0,233.0,5.2
2026-02-07T18:00,27.7,29,88,38.0,6.7
2026-02-07T19:00,26.7,31,81,0.0,6.9
2026-02-07T20:00,26.7,31,73,0.0,8.7
2026-02-07T21:00,26.3,33,80,0.0,13.1
2026-02-07T22:00,24.5,39,73,0.0,8.9
2026-02-07T23:00,23.5,42,95,0.0,10.9
2026-02-08T00:00,22.6,48,97,0.0,7.5
2026-02-08T01:00,21.5,56,95,0.0,1.6
2026-02-08T02:00,20.8,56,92,0.0,1.3
2026-02-08T03:00,20.4,57,54,0.0,0.4
2026-02-08T04:00,20.1,59,9,0.0,0.4
2026-02-08T05:00,19.5,65,24,0.0,1.4
2026-02-08T06:00,19.8,65,53,0.0,2.2
2026-02-08T07:00,21.1,61,41,34.0,4.6
2026-02-08T08:00,24.1,53,18,223.0,4.0
2026-02-08T09:00,26.3,46,26,457.0,3.1
2026-02-08T10:00,28.6,36,57,662.0,5.4
2026-02-08T11:00,29.5,30,65,813.0,6.5
2026-02-08T12:00,30.8,26,22,894.0,6.2
2026-02-08T13:00,31.6,24,34,899.0,6.0
2026-02-08T14:00,32.1,22,34,824.0,5.1
2026-02-08T15:00,32.4,21,2,677.0,4.5
2026-02-08T16:00,32.3,21,16,473.0,4.2
2026-02-08T17:00,31.5,21,0,238.0,3.6
2026-02-08T18:00,28.4,26,9,40.0,3.1
2026-02-08T19:00,27.2,28,45,0.0,2.1
2026-02-08T20:00,25.4,32,93,0.0,5.4
2026-02-08T21:00,24.2,33,80,0.0,7.4
2026-02-08T22:00,23.8,39,21,0.0,11.2
2026-02-08T23:00,22.0,57,88,0.0,8.3
2026-02-09T00:00,21.5,64,67,0.0,7.6
2026-02-09T01:00,20.6,71,10,0.0,6.8
2026-02-09T02:00,19.6,80,15,0.0,5.6
2026-02-09T03:00,18.9,87,19,0.0,5.4
2026-02-09T04:00,18.6,89,33,0.0,3.9
2026-02-09T05:00,18.4,92,0,0.0,4.3
2026-02-09T06:00,18.5,92,0,0.0,4.6
2026-02-09T07:00,19.7,88,0,34.0,5.6
2026-02-09T08:00,22.3,74,0,225.0,4.7
2026-02-09T09:00,24.8,60,0,456.0,6.1
2026-02-09T10:00,27.2,47,0,661.0,9.0
2026-02-09T11:00,28.6,39,0,810.0,9.6
2026-02-09T12:00,30.4,31,0,891.0,8.7
2026-02-09T13:00,31.4,27,2,894.0,7.4
2026-02-09T14:00,31.8,25,0,820.0,5.1
2026-02-09T15:00,31.8,24,1,673.0,4.4
2026-02-09T16:00,31.6,24,0,469.0,3.9
2026-02-09T17:00,30.8,25,0,235.0,6.1
2026-02-09T18:00,27.8,32,0,40.0,5.3
2026-02-09T19:00,26.4,36,0,0.0,4.5
2026-02-09T20:00,25.8,36,24,0.0,9.6
2026-02-09T21:00,25.5,39,75,0.0,12.1
2026-02-09T22:00,24.3,47,92,0.0,13.8
2026-02-09T23:00,22.6,65,100,0.0,12.4
2026-02-10T00:00,22.1,74,98,0.0,13.2
2026-02-10T01:00,21.3,79,100,0.0,11.4
2026-02-10T02:00,20.5,83,99,0.0,6.9
2026-02-10T03:00,19.8,87,98,0.0,6.6
2026-02-10T04:00,19.4,90,99,0.0,7.3
2026-02-10T05:00,18.9,95,98,0.0,5.5
2026-02-10T06:00,18.9,96,100,0.0,4.8
2026-02-10T07:00,19.7,93,100,34.0,6.9
2026-02-10T08:00,22.1,80,98,217.0,8.3
2026-02-10T09:00,24.7,65,54,452.0,10.0
2026-02-10T10:00,27.1,51,72,661.0,10.1
2026-02-10T11:00,28.6,41,88,812.0,10.0
2026-02-10T12:00,30.1,34,98,892.0,8.8
2026-02-10T13:00,31.1,29,38,894.0,9.3
2026-02-10T14:00,32.0,26,84,823.0,8.2
2026-02-10T15:00,32.7,22,38,675.0,10.0
2026-02-10T16:00,32.4,20,51,474.0,14.1
2026-02-10T17:00,31.2,20,95,240.0,14.1
2026-02-10T18:00,28.5,27,94,40.0,12.1
2026-02-10T19:00,27.3,31,91,0.0,16.8
2026-02-10T20:00,26.4,37,63,0.0,17.5
2026-02-10T21:00,25.2,41,50,0.0,19.6
2026-02-10T22:00,23.7,48,3,0.0,16.9
2026-02-10T23:00,22.4,59,53,0.0,13.3
2026-02-11T00:00,21.8,64,24,0.0,11.8
2026-02-11T01:00,20.9,70,48,0.0,8.6
2026-02-11T02:00,19.9,77,63,0.0,6.0
2026-02-11T03:00,19.1,83,53,0.0,5.2
2026-02-11T04:00,18.5,88,99,0.0,5.2
2026-02-11T05:00,17.9,93,2,0.0,5.6
2026-02-11T06:00,18.3,94,0,0.0,5.6
2026-02-11T07:00,19.1,91,0,36.0,6.9
2026-02-11T08:00,21.5,76,0,231.0,7.7
2026-02-11T09:00,24.1,58,4,464.0,10.0
2026-02-11T10:00,26.4,46,7,670.0,10.8
2026-02-11T11:00,27.8,42,0,820.0,11.1
2026-02-11T12:00,29.3,38,14,897.0,15.4
2026-02-11T13:00,30.4,34,10,855.0,16.6
2026-02-11T14:00,30.8,31,7,792.0,18.7
2026-02-11T15:00,30.6,29,8,653.0,19.3
2026-02-11T16:00,30.0,28,2,460.0,18.9
2026-02-11T17:00,28.8,32,1,238.0,17.6
2026-02-11T18:00,27.2,35,0,41.0,15.4
2026-02-11T19:00,26.1,35,0,0.0,18.7
2026-02-11T20:00,24.6,41,0,0.0,20.0
2026-02-11T21:00,23.1,47,0,0.0,17.9
2026-02-11T22:00,22.0,52,0,0.0,15.5
2026-02-11T23:00,21.1,58,37,0.0,13.1
2026-02-12T00:00,20.5,61,77,0.0,9.6
2026-02-12T01:00,19.4,67,96,0.0,7.9
2026-02-12T02:00,18.6,73,99,0.0,6.8
2026-02-12T03:00,17.9,78,100,0.0,6.4
2026-02-12T04:00,17.2,84,97,0.0,6.3
2026-02-12T05:00,16.6,89,4,0.0,4.8
2026-02-12T06:00,16.9,89,1,0.0,3.6
2026-02-12T07:00,18.2,83,0,38.0,6.1
2026-02-12T08:00,20.7,73,0,236.0,7.3
2026-02-12T09:00,23.0,58,0,474.0,10.7
2026-02-12T10:00,25.2,47,0,686.0,11.5
2026-02-12T11:00,26.4,44,1,835.0,11.8
2026-02-12T12:00,28.2,35,1,905.0,12.5
2026-02-12T13:00,29.6,31,1,908.0,12.9
2026-02-12T14:00,30.6,27,0,833.0,12.9
2026-02-12T15:00,31.2,25,0,687.0,12.0
2026-02-12T16:00,31.1,24,0,482.0,11.7
2026-02-12T17:00,29.9,24,0,245.0,14.6
2026-02-12T18:00,27.5,29,0,43.0,11.5
2026-02-12T19:00,26.5,32,51,0.0,15.3
2026-02-12T20:00,25.5,35,3,0.0,15.9
2026-02-12T21:00,24.2,34,5,0.0,15.0
2026-02-12T22:00,23.1,34,18,0.0,13.9
2026-02-12T23:00,22.2,38,20,0.0,13.7
2026-02-13T00:00,21.6,38,0,0.0,12.1
2026-02-13T01:00,20.8,39,0,0.0,9.6
2026-02-13T02:00,19.5,43,88,0.0,7.5
2026-02-13T03:00,18.6,47,91,0.0,6.6
2026-02-13T04:00,18.2,50,45,0.0,6.2
2026-02-13T05:00,17.8,67,1,0.0,5.2
2026-02-13T06:00,18.0,68,3,0.0,5.5
2026-02-13T07:00,19.4,64,3,39.0,7.5
2026-02-13T08:00,22.5,52,12,239.0,5.2
2026-02-13T09:00,25.2,42,22,476.0,7.2
2026-02-13T10:00,27.6,29,2,684.0,10.7
2026-02-13T11:00,28.9,27,0,835.0,12.5
2026-02-13T12:00,30.9,22,0,915.0,14.0
2026-02-13T13:00,32.2,20,0,919.0,16.0
2026-02-13T14:00,32.8,19,0,841.0,15.6
2026-02-13T15:00,33.1,17,0,692.0,15.2
2026-02-13T16:00,32.3,19,0,487.0,17.0
2026-02-13T17:00,30.5,24,0,249.0,18.2
2026-02-13T18:00,28.2,30,0,44.0,13.3
2026-02-13T19:00,26.9,32,0,0.0,13.5
2026-02-13T20:00,25.8,34,0,0.0,15.3
2026-02-13T21:00,24.6,35,37,0.0,13.6
2026-02-13T22:00,23.2,38,46,0.0,11.7
2026-02-13T23:00,22.1,45,52,0.0,10.5
2026-02-14T00:00,21.7,48,79,0.0,10.5
2026-02-14T01:00,20.9,57,88,0.0,9.4
2026-02-14T02:00,19.9,66,88,0.0,7.9
2026-02-14T03:00,19.2,73,87,0.0,7.9
2026-02-14T04:00,18.8,80,91,0.0,8.5
2026-02-14T05:00,18.2,78,91,0.0,7.1
2026-02-14T06:00,18.2,81,88,0.0,6.0
2026-02-14T07:00,19.2,80,40,39.0,9.0
2026-02-14T08:00,22.1,69,6,238.0,7.6
2026-02-14T09:00,25.1,51,16,476.0,10.6
2026-02-14T10:00,27.9,35,34,685.0,12.3
2026-02-14T11:00,29.4,30,39,837.0,14.0
2026-02-14T12:00,31.2,25,64,914.0,13.3
2026-02-14T13:00,32.2,22,23,916.0,11.8
2026-02-14T14:00,32.8,22,39,839.0,9.6
2026-02-14T15:00,32.9,23,88,688.0,8.0
2026-02-14T16:00,32.7,24,90,482.0,8.6
2026-02-14T17:00,31.8,24,91,246.0,11.9
2026-02-14T18:00,29.0,29,84,44.0,10.2
2026-02-14T19:00,27.8,30,45,0.0,12.4
2026-02-14T20:00,26.9,33,10,0.0,11.8
2026-02-14T21:00,26.0,38,0,0.0,15.1
2026-02-14T22:00,24.7,46,0,0.0,15.9
2026-02-14T23:00,23.8,52,0,0.0,13.1
2026-02-15T00:00,23.2,56,0,0.0,12.0
2026-02-15T01:00,22.1,61,0,0.0,7.3
2026-02-15T02:00,20.9,66,0,0.0,5.4
2026-02-15T03:00,20.4,68,0,0.0,4.0
2026-02-15T04:00,20.0,70,0,0.0,3.6
2026-02-15T05:00,19.8,74,0,0.0,4.2
2026-02-15T06:00,19.9,73,0,0.0,3.5
2026-02-15T07:00,21.1,67,0,40.0,4.2
2026-02-15T08:00,24.1,55,0,238.0,2.7
2026-02-15T09:00,26.7,44,0,474.0,3.8
2026-02-15T10:00,29.0,35,0,680.0,3.9
2026-02-15T11:00,29.6,34,0,831.0,3.1
2026-02-15T12:00,31.5,28,0,908.0,5.1
2026-02-15T13:00,32.5,26,0,911.0,5.3
2026-02-15T14:00,33.1,24,0,835.0,4.5
2026-02-15T15:00,33.4,23,0,688.0,4.6
2026-02-15T16:00,33.3,22,0,484.0,4.5
2026-02-15T17:00,32.7,22,0,249.0,2.8
2026-02-15T18:00,29.0,28,0,45.0,6.2
2026-02-15T19:00,28.1,29,0,0.0,8.4
2026-02-15T20:00,27.6,30,0,0.0,12.0
2026-02-15T21:00,26.4,34,0,0.0,10.7
2026-02-15T22:00,25.2,37,0,0.0,11.3
2026-02-15T23:00,24.2,39,0,0.0,12.2
2026-02-16T00:00,23.6,43,0,0.0,9.1
2026-02-16T01:00,22.3,49,0,0.0,4.4
2026-02-16T02:00,22.0,51,0,0.0,2.1
2026-02-16T03:00,21.2,53,0,0.0,4.7
2026-02-16T04:00,20.9,53,9,0.0,4.1
2026-02-16T05:00,20.4,59,0,0.0,6.6
2026-02-16T06:00,20.6,59,0,0.0,5.6
2026-02-16T07:00,22.0,55,0,40.0,6.9
2026-02-16T08:00,25.1,45,0,239.0,6.1
2026-02-16T09:00,27.8,37,0,476.0,7.5
2026-02-16T10:00,30.1,31,0,683.0,10.7
2026-02-16T11:00,31.2,28,0,834.0,13.1
2026-02-16T12:00,32.2,26,0,914.0,13.9
2026-02-16T13:00,33.1,24,0,915.0,12.7
2026-02-16T14:00,33.8,23,5,837.0,13.6
2026-02-16T15:00,34.0,23,11,688.0,14.8
2026-02-16T16:00,33.5,23,9,482.0,17.2
2026-02-16T17:00,31.7,25,2,246.0,19.4
2026-02-16T18:00,29.7,28,1,45.0,15.2
2026-02-16T19:00,28.5,33,0,0.0,14.7
2026-02-16T20:00,27.5,38,0,0.0,18.6
2026-02-16T21:00,26.3,43,0,0.0,20.1
2026-02-16T22:00,25.2,46,0,0.0,18.1
2026-02-16T23:00,24.0,51,0,0.0,16.9
2026-02-17T00:00,23.3,53,0,0.0,15.5
2026-02-17T01:00,22.3,55,0,0.0,12.7
2026-02-17T02:00,21.4,58,0,0.0,9.8
2026-02-17T03:00,20.4,63,0,0.0,6.8
2026-02-17T04:00,19.5,69,0,0.0,5.6
2026-02-17T05:00,19.1,75,0,0.0,5.4
2026-02-17T06:00,19.0,76,0,0.0,3.9
2026-02-17T07:00,20.4,71,0,41.0,5.4
2026-02-17T08:00,22.9,64,0,240.0,6.2
2026-02-17T09:00,25.6,50,0,478.0,9.0
2026-02-17T10:00,28.3,36,0,687.0,12.1
2026-02-17T11:00,29.6,30,0,841.0,11.3
2026-02-17T12:00,31.2,25,0,920.0,11.4
2026-02-17T13:00,32.2,23,0,921.0,11.0
2026-02-17T14:00,32.8,22,0,843.0,11.8
2026-02-17T15:00,32.9,22,0,692.0,14.3
2026-02-17T16:00,32.3,23,0,485.0,17.7
2026-02-17T17:00,30.4,28,0,248.0,19.8
2026-02-17T18:00,28.8,31,0,45.0,15.9
2026-02-17T19:00,27.6,35,5,0.0,19.1
2026-02-17T20:00,26.2,40,38,0.0,21.8
2026-02-17T21:00,25.1,45,90,0.0,19.9
2026-02-17T22:00,24.0,48,0,0.0,17.1
2026-02-17T23:00,22.7,56,2,0.0,15.2
2026-02-18T00:00,22.0,63,28,0.0,13.1
2026-02-18T01:00,21.2,70,16,0.0,10.4
2026-02-18T02:00,20.4,75,90,0.0,8.7
2026-02-18T03:00,19.7,79,97,0.0,7.6
2026-02-18T04:00,19.2,82,99,0.0,6.9
2026-02-18T05:00,18.8,91,41,0.0,7.4
2026-02-18T06:00,19.1,91,95,0.0,7.6
2026-02-18T07:00,20.0,87,99,40.0,8.7
2026-02-18T08:00,21.7,79,97,126.0,9.2
2026-02-18T09:00,23.5,67,72,240.0,10.0
2026-02-18T10:00,26.6,48,41,573.0,13.3
2026-02-18T11:00,27.6,44,39,749.0,13.7
2026-02-18T12:00,30.0,37,22,807.0,14.8
2026-02-18T13:00,31.4,32,5,885.0,15.5
2026-02-18T14:00,32.0,30,3,820.0,14.5
2026-02-18T15:00,32.2,28,3,676.0,13.6
2026-02-18T16:00,31.9,29,5,473.0,13.8
2026-02-18T17:00,30.5,29,7,242.0,14.6
2026-02-18T18:00,28.6,34,7,45.0,11.3
2026-02-18T19:00,27.5,38,0,0.0,13.2
2026-02-18T20:00,26.5,41,0,0.0,17.9
2026-02-18T21:00,25.3,44,0,0.0,19.4
2026-02-18T22:00,24.2,51,0,0.0,17.3
2026-02-18T23:00,23.2,62,0,0.0,16.1
2026-02-19T00:00,22.7,67,0,0.0,15.1
2026-02-19T01:00,21.8,73,0,0.0,12.2
2026-02-19T02:00,21.0,78,0,0.0,11.1
2026-02-19T03:00,20.4,83,0,0.0,10.1
2026-02-19T04:00,19.8,88,0,0.0,8.7
2026-02-19T05:00,19.5,96,0,0.0,8.4
2026-02-19T06:00,19.8,95,4,0.0,7.3
2026-02-19T07:00,20.5,91,14,40.0,9.0
2026-02-19T08:00,22.5,78,16,232.0,8.6
2026-02-19T09:00,25.1,58,16,460.0,9.2
2026-02-19T10:00,27.6,42,15,669.0,11.5
2026-02-19T11:00,29.3,37,0,821.0,13.0
2026-02-19T12:00,31.1,30,9,906.0,13.4
2026-02-19T13:00,32.2,27,22,903.0,13.8
2026-02-19T14:00,32.9,26,2,825.0,14.0
2026-02-19T15:00,33.1,26,0,683.0,13.8
2026-02-19T16:00,32.8,27,0,479.0,14.9
2026-02-19T17:00,31.4,30,0,246.0,16.9
2026-02-19T18:00,29.5,34,0,46.0,13.1
2026-02-19T19:00,28.2,39,0,0.0,13.4
2026-02-19T20:00,27.0,40,0,0.0,16.8
2026-02-19T21:00,25.8,41,0,0.0,16.2
2026-02-19T22:00,24.8,43,1,0.0,15.7
2026-02-19T23:00,23.6,52,0,0.0,16.4
2026-02-20T00:00,22.6,65,0,0.0,15.1
2026-02-20T01:00,21.6,77,0,0.0,12.6
2026-02-20T02:00,20.9,86,0,0.0,10.4
2026-02-20T03:00,20.3,92,0,0.0,8.5
2026-02-20T04:00,19.8,96,2,0.0,6.6
2026-02-20T05:00,19.9,99,47,0.0,7.2
2026-02-20T06:00,20.0,100,97,0.0,7.8
2026-02-20T07:00,20.6,96,74,37.0,11.4
2026-02-20T08:00,22.8,80,38,193.0,14.7
2026-02-20T09:00,25.2,67,13,438.0,12.3
2026-02-20T10:00,27.7,56,93,656.0,12.6
2026-02-20T11:00,29.2,50,5,816.0,13.0
2026-02-20T12:00,31.3,43,57,893.0,13.9
2026-02-20T13:00,32.5,39,66,898.0,15.9
2026-02-20T14:00,33.4,36,72,801.0,16.2
2026-02-20T15:00,33.5,35,49,629.0,16.6
2026-02-20T16:00,32.9,37,2,436.0,16.0
2026-02-20T17:00,31.6,40,14,233.0,17.6
2026-02-20T18:00,30.5,42,35,40.0,17.2
2026-02-20T19:00,29.5,44,5,0.0,18.6
2026-02-20T20:00,28.2,47,4,0.0,18.4
2026-02-20T21:00,27.1,50,3,0.0,16.8
2026-02-20T22:00,26.2,51,3,0.0,15.9
2026-02-20T23:00,25.4,52,2,0.0,16.0
2026-02-21T00:00,24.8,53,2,0.0,13.6
2026-02-21T01:00,24.1,58,1,0.0,10.5
2026-02-21T02:00,23.4,62,0,0.0,8.1
2026-02-21T03:00,22.4,68,0,0.0,4.9
2026-02-21T04:00,21.8,71,1,0.0,4.2
2026-02-21T05:00,21.7,74,30,0.0,4.9
2026-02-21T06:00,22.0,74,78,0.0,5.1
2026-02-21T07:00,23.1,70,58,42.0,7.0
2026-02-21T08:00,25.6,57,2,237.0,8.2
2026-02-21T09:00,27.8,49,17,468.0,10.7
2026-02-21T10:00,29.9,43,31,671.0,12.5
2026-02-21T11:00,30.9,41,55,819.0,12.6
2026-02-21T12:00,32.5,36,71,897.0,12.3
2026-02-21T13:00,33.8,33,70,899.0,13.0
2026-02-21T14:00,34.5,31,38,823.0,14.3
2026-02-21T15:00,34.3,31,43,626.0,15.5
2026-02-21T16:00,33.3,33,13,375.0,15.1
2026-02-21T17:00,32.5,32,63,214.0,15.7
2026-02-21T18:00,31.4,34,39,34.0,13.3
2026-02-21T19:00,29.9,39,99,0.0,15.3
2026-02-21T20:00,28.9,43,97,0.0,18.0
2026-02-21T21:00,27.6,47,77,0.0,15.1
2026-02-21T22:00,26.6,52,31,0.0,13.7
2026-02-21T23:00,25.7,59,5,0.0,11.4
2026-02-22T00:00,25.2,63,2,0.0,11.0
2026-02-22T01:00,24.3,68,3,0.0,10.0
2026-02-22T02:00,23.5,74,66,0.0,8.3
2026-02-22T03:00,22.7,80,93,0.0,5.7
2026-02-22T04:00,22.0,85,80,0.0,4.9
2026-02-22T05:00,22.0,88,38,0.0,5.9
2026-02-22T06:00,22.1,88,54,0.0,5.2
2026-02-22T07:00,23.0,85,73,44.0,5.9
2026-02-22T08:00,25.2,75,86,243.0,6.7
2026-02-22T09:00,27.6,62,19,477.0,7.3
2026-02-22T10:00,29.9,51,13,683.0,7.9
2026-02-22T11:00,31.4,43,48,834.0,9.0
2026-02-22T12:00,32.5,37,29,813.0,10.7
2026-02-22T13:00,33.5,32,29,804.0,9.0
2026-02-22T14:00,34.4,28,24,759.0,6.6
2026-02-22T15:00,35.0,24,24,619.0,7.0
2026-02-22T16:00,34.9,24,17,432.0,9.5
2026-02-22T17:00,33.7,25,40,235.0,12.2
2026-02-22T18:00,31.8,29,13,39.0,13.8
2026-02-22T19:00,30.4,32,2,0.0,17.3
2026-02-22T20:00,29.2,38,1,0.0,20.4
2026-02-22T21:00,27.4,53,0,0.0,21.5
2026-02-22T22:00,26.0,63,0,0.0,18.4
2026-02-22T23:00,25.2,70,0,0.0,14.7
2026-02-23T00:00,24.9,73,0,0.0,12.8
2026-02-23T01:00,24.3,77,0,0.0,12.2
2026-02-23T02:00,23.6,81,0,0.0,9.8
2026-02-23T03:00,23.0,85,0,0.0,6.3
2026-02-23T04:00,22.4,89,0,0.0,5.1
2026-02-23T05:00,22.2,95,10,0.0,8.2
2026-02-23T06:00,22.5,95,97,0.0,8.2
2026-02-23T07:00,23.2,92,49,40.0,12.1
2026-02-23T08:00,25.1,79,9,211.0,11.9
2026-02-23T09:00,27.4,65,4,464.0,9.9
2026-02-23T10:00,29.6,54,5,665.0,9.1
2026-02-23T11:00,30.9,45,6,812.0,9.7
2026-02-23T12:00,32.7,36,20,885.0,9.8
2026-02-23T13:00,33.5,31,16,814.0,8.4
2026-02-23T14:00,33.8,29,9,748.0,7.6
2026-02-23T15:00,34.0,29,13,647.0,8.0
2026-02-23T16:00,33.7,29,2,441.0,8.3
2026-02-23T17:00,33.3,28,13,242.0,3.9
2026-02-23T18:00,31.6,33,13,43.0,2.1
2026-02-23T19:00,30.4,34,86,0.0,7.4
2026-02-23T20:00,29.7,39,90,0.0,14.7
2026-02-23T21:00,28.7,43,80,0.0,18.1
2026-02-23T22:00,27.1,52,82,0.0,17.2
2026-02-23T23:00,26.2,61,93,0.0,16.2
2026-02-24T00:00,25.6,66,97,0.0,15.1
2026-02-24T01:00,24.9,70,94,0.0,12.0
2026-02-24T02:00,24.1,74,97,0.0,7.5
2026-02-24T03:00,23.6,78,95,0.0,6.8
2026-02-24T04:00,22.9,83,80,0.0,6.0
2026-02-24T05:00,22.9,83,8,0.0,6.9
2026-02-24T06:00,22.7,85,15,0.0,4.0
2026-02-24T07:00,23.8,78,24,43.0,5.4
2026-02-24T08:00,25.8,65,38,217.0,10.9
2026-02-24T09:00,27.6,55,76,459.0,10.9
2026-02-24T10:00,29.5,47,29,667.0,12.1
2026-02-24T11:00,30.0,45,8,760.0,11.9
2026-02-24T12:00,31.5,41,20,895.0,12.4
2026-02-24T13:00,32.1,38,43,840.0,10.2
2026-02-24T14:00,32.3,37,45,652.0,8.6
2026-02-24T15:00,32.6,36,86,575.0,9.0
2026-02-24T16:00,32.0,36,17,395.0,8.8
2026-02-24T17:00,31.1,37,58,224.0,10.1
2026-02-24T18:00,30.1,38,50,43.0,7.8
2026-02-24T19:00,29.0,40,91,0.0,7.3
2026-02-24T20:00,27.8,43,92,0.0,5.8
2026-02-24T21:00,27.4,44,96,0.0,11.3
2026-02-24T22:00,26.5,50,95,0.0,14.6
2026-02-24T23:00,25.2,68,96,0.0,12.1
2026-02-25T00:00,24.6,74,92,0.0,9.4
2026-02-25T01:00,23.9,80,50,0.0,8.4
2026-02-25T02:00,23.2,84,1,0.0,7.3
2026-02-25T03:00,22.7,87,0,0.0,8.0
2026-02-25T04:00,22.2,90,5,0.0,7.9
2026-02-25T05:00,22.3,92,0,0.0,6.6
2026-02-25T06:00,22.4,92,16,0.0,5.6
2026-02-25T07:00,23.3,87,16,46.0,6.5
2026-02-25T08:00,25.4,75,0,227.0,7.0
2026-02-25T09:00,27.8,60,0,479.0,6.6
2026-02-25T10:00,30.1,46,13,681.0,6.3
2026-02-25T11:00,30.5,40,22,781.0,5.2
2026-02-25T12:00,32.2,33,23,827.0,6.1
2026-02-25T13:00,32.8,30,18,793.0,8.1
2026-02-25T14:00,33.5,26,41,741.0,6.4
2026-02-25T15:00,33.5,25,22,495.0,6.7
2026-02-25T16:00,33.9,24,22,437.0,10.0
2026-02-25T17:00,33.3,23,22,228.0,6.0
2026-02-25T18:00,30.9,26,7,45.0,5.5
2026-02-25T19:00,29.3,27,1,0.0,6.6
2026-02-25T20:00,28.5,28,2,0.0,2.9
2026-02-25T21:00,27.2,31,15,0.0,8.5
2026-02-25T22:00,26.5,46,0,0.0,10.5
2026-02-25T23:00,25.4,61,0,0.0,12.0
2026-02-26T00:00,24.9,66,0,0.0,11.7
2026-02-26T01:00,24.1,71,0,0.0,10.0
2026-02-26T02:00,23.4,75,0,0.0,9.3
2026-02-26T03:00,22.9,77,0,0.0,9.3
2026-02-26T04:00,22.4,80,12,0.0,6.6
2026-02-26T05:00,22.0,81,0,0.0,4.5
2026-02-26T06:00,22.4,79,1,0.0,3.1
2026-02-26T07:00,23.8,72,0,48.0,4.6
2026-02-26T08:00,26.4,60,13,249.0,5.1
2026-02-26T09:00,29.0,47,2,476.0,6.0
2026-02-26T10:00,31.3,35,2,687.0,6.0
2026-02-26T11:00,32.3,31,40,836.0,4.5
2026-02-26T12:00,33.0,28,23,701.0,2.4
2026-02-26T13:00,34.3,25,33,811.0,2.4
2026-02-26T14:00,34.9,24,100,725.0,4.6
2026-02-26T15:00,34.4,23,49,406.0,6.0
2026-02-26T16:00,34.2,24,24,416.0,6.9
2026-02-26T17:00,34.4,22,74,218.0,8.0
2026-02-26T18:00,32.9,24,13,28.0,6.5
2026-02-26T19:00,30.6,28,42,0.0,5.7
2026-02-26T20:00,30.4,28,5,0.0,9.6
2026-02-26T21:00,29.0,32,4,0.0,13.2
2026-02-26T22:00,27.7,40,3,0.0,18.1
2026-02-26T23:00,26.5,47,0,0.0,15.4
2026-02-27T00:00,25.8,50,0,0.0,12.1
2026-02-27T01:00,25.0,53,0,0.0,11.2
2026-02-27T02:00,24.2,56,0,0.0,7.7
2026-02-27T03:00,23.6,58,0,0.0,6.9
2026-02-27T04:00,23.0,61,1,0.0,5.7
2026-02-27T05:00,23.1,65,7,0.0,4.0
2026-02-27T06:00,23.2,67,4,0.0,5.1
2026-02-27T07:00,24.9,62,1,50.0,6.0
2026-02-27T08:00,27.6,51,2,252.0,3.8
2026-02-27T09:00,30.5,40,2,486.0,6.1
2026-02-27T10:00,32.6,30,9,690.0,7.3
2026-02-27T11:00,33.3,28,38,836.0,5.6
2026-02-27T12:00,34.3,26,44,835.0,4.7
2026-02-27T13:00,34.7,24,66,734.0,4.4
2026-02-27T14:00,35.1,23,72,672.0,4.3
2026-02-27T15:00,35.0,22,100,490.0,5.6
2026-02-27T16:00,34.5,23,46,260.0,5.9
2026-02-27T17:00,34.2,23,65,192.0,10.7
2026-02-27T18:00,32.7,24,68,38.0,9.0
2026-02-27T19:00,31.4,27,20,0.0,9.9
2026-02-27T20:00,30.2,28,13,0.0,12.0
2026-02-27T21:00,29.0,31,5,0.0,9.9
2026-02-27T22:00,27.7,43,0,0.0,18.3
2026-02-27T23:00,26.6,49,0,0.0,14.6
2026-02-28T00:00,25.8,55,0,0.0,15.1
2026-02-28T01:00,24.9,60,0,0.0,12.9
2026-02-28T02:00,24.3,63,2,0.0,9.3
2026-02-28T03:00,23.5,67,0,0.0,6.2
2026-02-28T04:00,22.9,70,0,0.0,5.7
2026-02-28T05:00,22.5,76,0,0.0,5.1
2026-02-28T06:00,23.3,72,8,0.0,4.8
2026-02-28T07:00,24.7,65,14,51.0,4.8
2026-02-28T08:00,27.3,53,8,250.0,8.1
2026-02-28T09:00,30.4,40,9,488.0,9.7
2026-02-28T10:00,32.9,28,2,691.0,13.5
2026-02-28T11:00,33.7,27,0,846.0,13.3
2026-02-28T12:00,35.0,25,46,911.0,8.7
2026-02-28T13:00,35.4,23,71,754.0,5.9
2026-02-28T14:00,36.0,21,66,667.0,5.8
2026-02-28T15:00,36.6,19,100,615.0,8.8
2026-02-28T16:00,35.4,21,98,310.0,15.5
2026-02-28T17:00,34.4,21,63,178.0,15.5
2026-02-28T18:00,32.3,21,60,51.0,11.6
2026-02-28T19:00,31.0,21,48,0.0,7.7
2026-02-28T20:00,29.4,23,46,0.0,6.3
2026-02-28T21:00,28.6,24,0,0.0,11.4
2026-02-28T22:00,27.4,40,0,0.0,17.5
2026-02-28T23:00,26.8,43,0,0.0,16.4
2026-03-01T00:00,26.3,48,0,0.0,14.5
2026-03-01T01:00,25.3,53,0,0.0,12.5
2026-03-01T02:00,24.4,58,59,0.0,8.6
2026-03-01T03:00,23.3,64,65,0.0,5.0
2026-03-01T04:00,22.7,68,88,0.0,5.0
2026-03-01T05:00,22.7,72,80,0.0,1.3
2026-03-01T06:00,22.9,72,72,0.0,3.0
2026-03-01T07:00,24.6,66,88,52.0,4.9
2026-03-01T08:00,27.2,54,84,245.0,4.9
2026-03-01T09:00,29.7,45,44,464.0,6.5
2026-03-01T10:00,32.1,36,72,668.0,8.7
2026-03-01T11:00,33.8,28,55,817.0,9.2
2026-03-01T12:00,35.1,25,57,921.0,7.2
2026-03-01T13:00,36.0,23,57,905.0,4.3
2026-03-01T14:00,36.1,22,10,737.0,3.5
2026-03-01T15:00,35.9,22,21,504.0,2.7
2026-03-01T16:00,35.8,21,57,352.0,4.8
2026-03-01T17:00,35.1,22,48,154.0,7.3
2026-03-01T18:00,33.1,24,46,45.0,6.3
2026-03-01T19:00,32.1,26,60,0.0,10.0
2026-03-01T20:00,31.7,27,43,0.0,16.2
2026-03-01T21:00,30.7,30,33,0.0,19.3
2026-03-01T22:00,28.8,41,2,0.0,20.1
2026-03-01T23:00,27.8,48,13,0.0,13.7
2026-03-02T00:00,26.8,53,7,0.0,10.2
2026-03-02T01:00,25.8,58,0,0.0,7.6
2026-03-02T02:00,24.9,63,0,0.0,6.0
2026-03-02T03:00,24.1,68,0,0.0,5.0
2026-03-02T04:00,23.5,71,0,0.0,4.0
2026-03-02T05:00,23.6,70,2,0.0,4.9
2026-03-02T06:00,24.0,67,5,0.0,3.4
2026-03-02T07:00,25.5,61,50,55.0,4.2
2026-03-02T08:00,28.3,48,59,261.0,5.8
2026-03-02T09:00,30.6,39,14,487.0,5.0
2026-03-02T10:00,32.7,32,1,690.0,5.1
2026-03-02T11:00,33.5,30,0,849.0,5.7
2026-03-02T12:00,35.4,25,41,930.0,6.5
2026-03-02T13:00,36.5,22,73,817.0,11.4
2026-03-02T14:00,36.6,23,55,687.0,14.6
2026-03-02T15:00,36.0,23,41,538.0,9.4
2026-03-02T16:00,36.0,22,77,383.0,2.7
2026-03-02T17:00,35.7,23,57,170.0,5.8
2026-03-02T18:00,33.8,25,59,49.0,6.5
2026-03-02T19:00,32.4,27,72,0.0,13.7
2026-03-02T20:00,31.5,29,23,0.0,9.8
2026-03-02T21:00,30.2,31,1,0.0,18.4
2026-03-02T22:00,28.7,33,3,0.0,15.1
2026-03-02T23:00,27.3,36,0,0.0,8.9
2026-03-03T00:00,26.3,37,0,0.0,6.7
2026-03-03T01:00,25.2,39,66,0.0,5.4
2026-03-03T02:00,24.6,41,77,0.0,5.7
2026-03-03T03:00,23.8,44,63,0.0,5.4
2026-03-03T04:00,23.2,46,66,0.0,5.6
2026-03-03T05:00,23.1,50,29,0.0,5.2
2026-03-03T06:00,23.4,50,46,0.0,4.4
2026-03-03T07:00,25.2,45,66,57.0,5.2
2026-03-03T08:00,28.1,36,44,267.0,3.8
2026-03-03T09:00,30.7,31,16,506.0,5.0
2026-03-03T10:00,33.1,27,0,713.0,8.3
2026-03-03T11:00,34.3,26,0,862.0,10.9
2026-03-03T12:00,35.8,23,0,940.0,13.5
2026-03-03T13:00,36.4,23,6,941.0,11.3
2026-03-03T14:00,37.4,21,10,846.0,8.5
2026-03-03T15:00,37.6,20,9,695.0,14.7
2026-03-03T16:00,36.5,22,2,489.0,17.3
2026-03-03T17:00,34.8,24,2,257.0,16.7
2026-03-03T18:00,33.3,26,0,52.0,12.9
2026-03-03T19:00,32.1,28,0,0.0,13.5
2026-03-03T20:00,31.2,31,0,0.0,16.4
2026-03-03T21:00,30.3,33,0,0.0,15.9
2026-03-03T22:00,29.2,35,0,0.0,14.3
2026-03-03T23:00,27.9,38,0,0.0,12.4
2026-03-04T00:00,27.3,37,0,0.0,9.2
2026-03-04T01:00,25.8,40,0,0.0,5.2
2026-03-04T02:00,25.1,41,0,0.0,3.8
2026-03-04T03:00,24.5,42,0,0.0,3.2
2026-03-04T04:00,23.9,43,0,0.0,2.8
2026-03-04T05:00,23.6,47,0,0.0,2.4
2026-03-04T06:00,23.8,47,0,0.0,1.8
2026-03-04T07:00,25.4,44,0,59.0,3.4
2026-03-04T08:00,28.2,40,0,274.0,2.9
2026-03-04T09:00,30.7,33,0,512.0,4.5
2026-03-04T10:00,33.0,26,0,718.0,7.1
2026-03-04T11:00,33.9,25,0,868.0,8.1
2026-03-04T12:00,35.3,22,0,946.0,12.8
2026-03-04T13:00,35.4,22,0,946.0,10.8
2026-03-04T14:00,36.2,21,0,862.0,1.3
2026-03-04T15:00,37.4,19,3,709.0,2.8
2026-03-04T16:00,37.3,18,1,498.0,14.5
2026-03-04T17:00,35.5,18,0,261.0,17.6
2026-03-04T18:00,33.5,21,0,54.0,9.8
2026-03-04T19:00,31.8,25,0,0.0,12.5
2026-03-04T20:00,30.3,27,0,0.0,9.4
2026-03-04T21:00,29.0,29,0,0.0,7.0
2026-03-04T22:00,28.1,32,0,0.0,2.9
2026-03-04T23:00,27.0,37,0,0.0,3.7
2026-03-05T00:00,26.2,39,0,0.0,5.5
2026-03-05T01:00,25.4,42,0,0.0,5.0
2026-03-05T02:00,24.9,44,0,0.0,3.6
2026-03-05T03:00,24.2,47,0,0.0,3.9
2026-03-05T04:00,23.6,50,0,0.0,4.1
2026-03-05T05:00,23.2,54,0,0.0,4.9
2026-03-05T06:00,23.2,54,0,0.0,3.9
2026-03-05T07:00,25.1,49,0,61.0,4.1
2026-03-05T08:00,28.4,37,0,277.0,4.6
2026-03-05T09:00,30.9,32,0,519.0,5.1
2026-03-05T10:00,33.2,26,0,729.0,2.8
2026-03-05T11:00,34.1,22,0,882.0,4.5
2026-03-05T12:00,35.7,18,0,962.0,6.5
2026-03-05T13:00,36.6,16,0,960.0,6.6
2026-03-05T14:00,37.1,16,0,878.0,5.4
2026-03-05T15:00,37.3,15,0,723.0,5.7
2026-03-05T16:00,37.2,15,0,511.0,8.2
2026-03-05T17:00,36.2,16,0,269.0,3.1
2026-03-05T18:00,33.1,20,0,55.0,1.1
2026-03-05T19:00,31.5,22,0,0.0,1.9
2026-03-05T20:00,30.4,24,0,0.0,1.8
2026-03-05T21:00,29.3,25,0,0.0,3.9
2026-03-05T22:00,28.0,28,0,0.0,7.3
2026-03-05T23:00,27.4,28,0,0.0,8.0
2026-03-06T00:00,27.0,28,0,0.0,7.8
2026-03-06T01:00,26.0,33,0,0.0,5.3
2026-03-06T02:00,25.4,36,0,0.0,4.8
2026-03-06T03:00,24.8,39,0,0.0,2.5
2026-03-06T04:00,24.6,40,0,0.0,1.1
2026-03-06T05:00,24.1,43,0,0.0,0.5
2026-03-06T06:00,23.5,44,0,0.0,1.3
2026-03-06T07:00,25.2,39,0,63.0,5.9
2026-03-06T08:00,28.7,29,0,282.0,4.2
2026-03-06T09:00,31.4,24,0,525.0,3.8
2026-03-06T10:00,33.8,21,0,736.0,3.1
2026-03-06T11:00,34.5,19,0,889.0,2.9
2026-03-06T12:00,36.2,15,0,968.0,3.6
2026-03-06T13:00,37.1,14,0,967.0,1.5
2026-03-06T14:00,37.7,13,0,885.0,0.4
2026-03-06T15:00,37.8,13,0,731.0,0.7
2026-03-06T16:00,37.5,13,0,518.0,0.9
2026-03-06T17:00,36.4,14,0,272.0,5.8
2026-03-06T18:00,33.6,18,0,56.0,1.5
2026-03-06T19:00,32.8,18,0,0.0,1.0
2026-03-06T20:00,31.3,20,0,0.0,3.3
2026-03-06T21:00,30.3,20,0,0.0,1.9
2026-03-06T22:00,28.8,22,0,0.0,1.2
2026-03-06T23:00,27.5,24,0,0.0,2.2
2026-03-07T00:00,26.7,25,0,0.0,0.9
2026-03-07T01:00,26.2,26,0,0.0,3.4
2026-03-07T02:00,25.5,29,0,0.0,7.8
2026-03-07T03:00,24.5,33,0,0.0,7.1
2026-03-07T04:00,23.7,36,0,0.0,7.1
2026-03-07T05:00,23.6,36,0,0.0,6.6
2026-03-07T06:00,23.9,37,0,0.0,1.5
2026-03-07T07:00,25.3,34,0,65.0,1.2
2026-03-07T08:00,28.7,32,0,283.0,4.9
2026-03-07T09:00,31.4,31,0,525.0,7.0
2026-03-07T10:00,33.8,25,0,733.0,4.0
2026-03-07T11:00,34.2,22,0,884.0,1.9
2026-03-07T12:00,36.4,18,0,961.0,3.3
2026-03-07T13:00,37.5,15,0,959.0,6.9
2026-03-07T14:00,37.9,15,0,879.0,7.4
2026-03-07T15:00,37.8,15,0,723.0,5.5
2026-03-07T16:00,37.7,15,0,511.0,4.0
2026-03-07T17:00,36.8,15,0,269.0,9.7
2026-03-07T18:00,34.1,18,0,56.0,9.9
2026-03-07T19:00,31.7,22,0,0.0,2.4
2026-03-07T20:00,30.6,23,0,0.0,2.7
2026-03-07T21:00,30.3,25,0,0.0,18.4
2026-03-07T22:00,28.9,42,0,0.0,15.0
2026-03-07T23:00,27.6,49,0,0.0,12.8
2026-03-08T00:00,27.0,51,0,0.0,10.6
2026-03-08T01:00,26.1,55,0,0.0,9.3
2026-03-08T02:00,25.4,60,0,0.0,8.1
2026-03-08T03:00,24.5,66,0,0.0,6.2
2026-03-08T04:00,23.6,72,0,0.0,5.3
2026-03-08T05:00,23.1,80,0,0.0,5.0
2026-03-08T06:00,23.2,81,0,0.0,4.5
2026-03-08T07:00,24.8,75,0,65.0,6.4
2026-03-08T08:00,27.3,66,0,281.0,6.3
2026-03-08T09:00,30.1,53,0,517.0,6.0
2026-03-08T10:00,32.9,37,0,723.0,6.9
2026-03-08T11:00,34.0,30,0,873.0,7.2
2026-03-08T12:00,35.9,24,0,952.0,7.0
2026-03-08T13:00,36.9,21,5,950.0,8.0
2026-03-08T14:00,37.2,20,5,849.0,7.7
2026-03-08T15:00,37.7,19,13,699.0,7.3
2026-03-08T16:00,37.3,19,8,476.0,11.7
2026-03-08T17:00,36.6,19,8,255.0,4.3
2026-03-08T18:00,34.0,22,5,54.0,2.4
2026-03-08T19:00,32.5,24,1,0.0,0.5
2026-03-08T20:00,30.9,26,0,0.0,3.5
2026-03-08T21:00,29.3,44,0,0.0,15.1
2026-03-08T22:00,27.8,62,0,0.0,16.5
2026-03-08T23:00,26.6,68,0,0.0,15.1
2026-03-09T00:00,25.9,70,0,0.0,14.0
2026-03-09T01:00,25.2,73,0,0.0,12.1
2026-03-09T02:00,24.4,76,0,0.0,10.8
2026-03-09T03:00,23.8,80,0,0.0,8.1
2026-03-09T04:00,23.2,84,0,0.0,6.5
2026-03-09T05:00,23.1,89,0,0.0,7.0
2026-03-09T06:00,23.2,89,0,0.0,7.0
2026-03-09T07:00,24.2,85,0,65.0,7.9
2026-03-09T08:00,26.3,74,11,276.0,9.9
2026-03-09T09:00,28.7,61,11,498.0,10.4
2026-03-09T10:00,31.1,49,0,704.0,11.8
2026-03-09T11:00,32.2,42,21,860.0,12.6
2026-03-09T12:00,33.6,35,20,850.0,13.3
2026-03-09T13:00,34.6,31,12,841.0,14.7
2026-03-09T14:00,35.9,28,8,813.0,17.6
2026-03-09T15:00,35.4,29,7,679.0,20.6
2026-03-09T16:00,34.2,33,6,476.0,20.3
2026-03-09T17:00,32.9,34,8,244.0,17.1
2026-03-09T18:00,31.5,38,12,52.0,15.2
2026-03-09T19:00,30.8,40,2,0.0,13.0
2026-03-09T20:00,30.1,42,0,0.0,17.6
2026-03-09T21:00,28.4,52,0,0.0,18.9
2026-03-09T22:00,27.2,60,0,0.0,18.3
2026-03-09T23:00,26.3,68,0,0.0,17.4
2026-03-10T00:00,25.6,72,0,0.0,15.3
2026-03-10T01:00,24.8,76,0,0.0,13.7
2026-03-10T02:00,24.0,81,0,0.0,11.7
2026-03-10T03:00,23.3,84,0,0.0,10.2
2026-03-10T04:00,22.7,88,0,0.0,9.5
2026-03-10T05:00,22.3,91,0,0.0,10.8
2026-03-10T06:00,22.3,91,0,0.0,12.1
2026-03-10T07:00,23.2,86,7,67.0,12.5
2026-03-10T08:00,25.2,71,3,280.0,13.4
2026-03-10T09:00,27.7,52,0,519.0,14.0
2026-03-10T10:00,30.1,37,0,729.0,15.0
2026-03-10T11:00,31.3,29,0,883.0,17.6
2026-03-10T12:00,32.7,24,0,964.0,18.3
2026-03-10T13:00,33.8,21,2,963.0,18.2
2026-03-10T14:00,34.5,19,1,874.0,19.6
2026-03-10T15:00,34.6,19,0,719.0,19.8
2026-03-10T16:00,34.1,21,0,509.0,19.2
2026-03-10T17:00,32.8,24,0,268.0,18.4
2026-03-10T18:00,31.1,27,0,56.0,11.9
2026-03-10T19:00,29.3,31,0,0.0,7.0
2026-03-10T20:00,28.1,33,0,0.0,7.4
2026-03-10T21:00,27.7,34,0,0.0,12.6
2026-03-10T22:00,26.8,39,0,0.0,15.2
2026-03-10T23:00,25.6,50,0,0.0,13.8
2026-03-11T00:00,24.8,58,0,0.0,12.1
2026-03-11T01:00,24.0,63,0,0.0,10.7
2026-03-11T02:00,23.2,69,0,0.0,9.4
2026-03-11T03:00,22.4,74,0,0.0,7.7
2026-03-11T04:00,21.6,79,0,0.0,5.8
2026-03-11T05:00,21.4,83,0,0.0,5.1
2026-03-11T06:00,21.6,83,0,0.0,3.0
2026-03-11T07:00,23.3,76,0,70.0,3.2
2026-03-11T08:00,25.7,65,0,288.0,3.5
2026-03-11T09:00,28.5,51,0,527.0,5.3
2026-03-11T10:00,31.1,38,0,733.0,8.1
2026-03-11T11:00,32.0,32,0,882.0,9.8
2026-03-11T12:00,33.9,27,0,958.0,11.1
2026-03-11T13:00,35.0,24,0,955.0,12.8
2026-03-11T14:00,35.8,21,0,872.0,13.0
2026-03-11T15:00,36.3,19,0,718.0,15.2
2026-03-11T16:00,35.8,20,0,507.0,15.4
2026-03-11T17:00,35.3,19,0,267.0,15.0
2026-03-11T18:00,32.9,22,0,56.0,11.0
2026-03-11T19:00,31.2,25,0,0.0,10.0
2026-03-11T20:00,30.3,29,0,0.0,10.9
2026-03-11T21:00,29.5,33,0,0.0,12.7
2026-03-11T22:00,28.1,43,0,0.0,13.8
2026-03-11T23:00,27.1,51,0,0.0,13.7
2026-03-12T00:00,26.4,54,0,0.0,12.8
2026-03-12T01:00,25.5,58,0,0.0,10.4
2026-03-12T02:00,24.5,63,0,0.0,6.7
2026-03-12T03:00,23.6,67,0,0.0,5.1
2026-03-12T04:00,23.0,71,0,0.0,2.9
2026-03-12T05:00,22.8,76,0,0.0,2.9
2026-03-12T06:00,23.2,76,0,0.0,1.5
2026-03-12T07:00,24.8,69,0,71.0,3.4
2026-03-12T08:00,27.4,59,0,287.0,3.6
2026-03-12T09:00,30.5,45,0,526.0,3.6
2026-03-12T10:00,33.1,34,0,733.0,4.2
2026-03-12T11:00,34.2,29,0,881.0,7.6
2026-03-12T12:00,36.1,23,8,957.0,9.6
2026-03-12T13:00,36.9,21,2,923.0,12.3
2026-03-12T14:00,37.1,21,27,866.0,11.7
2026-03-12T15:00,37.4,19,26,644.0,6.5
2026-03-12T16:00,38.0,17,4,454.0,6.3
2026-03-12T17:00,37.0,17,5,261.0,12.1
2026-03-12T18:00,34.4,20,2,55.0,15.7
2026-03-12T19:00,33.2,21,0,0.0,17.1
2026-03-12T20:00,32.0,25,0,0.0,13.4
2026-03-12T21:00,31.0,28,0,0.0,16.9
2026-03-12T22:00,29.8,33,0,0.0,15.2
2026-03-12T23:00,28.6,39,0,0.0,11.2
2026-03-13T00:00,27.6,44,0,0.0,8.0
2026-03-13T01:00,26.2,51,0,0.0,5.1
2026-03-13T02:00,25.4,54,0,0.0,2.3
2026-03-13T03:00,24.7,57,0,0.0,0.8
2026-03-13T04:00,24.2,58,0,0.0,0.9
2026-03-13T05:00,23.8,62,0,0.0,2.2
2026-03-13T06:00,23.8,62,0,0.0,3.0
2026-03-13T07:00,26.1,53,0,76.0,5.8
2026-03-13T08:00,29.2,45,0,300.0,6.3
2026-03-13T09:00,32.1,35,0,543.0,6.3
2026-03-13T10:00,34.6,25,0,750.0,7.3
2026-03-13T11:00,35.8,20,0,896.0,9.4
2026-03-13T12:00,37.3,16,0,972.0,11.9
2026-03-13T13:00,37.9,16,0,967.0,12.5
2026-03-13T14:00,38.3,15,0,880.0,10.8
2026-03-13T15:00,38.2,14,1,724.0,12.2
2026-03-13T16:00,37.7,15,8,510.0,15.0
2026-03-13T17:00,36.6,15,0,254.0,17.4
2026-03-13T18:00,34.5,16,0,57.0,15.6
2026-03-13T19:00,32.9,21,0,0.0,12.6
2026-03-13T20:00,31.9,25,0,0.0,13.9
2026-03-13T21:00,30.9,27,0,0.0,13.7
2026-03-13T22:00,29.9,31,0,0.0,15.4
2026-03-13T23:00,28.4,45,0,0.0,12.9
2026-03-14T00:00,27.5,55,0,0.0,14.3
2026-03-14T01:00,26.6,62,72,0.0,10.6
2026-03-14T02:00,25.5,68,77,0.0,5.8
2026-03-14T03:00,24.5,73,50,0.0,3.9
2026-03-14T04:00,23.9,76,33,0.0,4.1
2026-03-14T05:00,23.8,77,38,0.0,4.8
2026-03-14T06:00,24.1,73,60,0.0,4.5
2026-03-14T07:00,26.3,60,0,76.0,6.8
2026-03-14T08:00,29.1,44,0,296.0,11.3
2026-03-14T09:00,31.4,35,0,534.0,11.1
2026-03-14T10:00,33.6,28,0,742.0,10.0
2026-03-14T11:00,34.6,25,0,892.0,8.0
2026-03-14T12:00,36.3,21,4,964.0,7.5
2026-03-14T13:00,37.4,17,2,933.0,9.8
2026-03-14T14:00,37.6,16,2,871.0,12.7
2026-03-14T15:00,37.4,16,2,713.0,10.7
2026-03-14T16:00,37.5,15,2,504.0,6.2
2026-03-14T17:00,36.5,14,0,263.0,12.8
2026-03-14T18:00,34.2,16,0,57.0,14.4
2026-03-14T19:00,32.9,18,0,0.0,16.6
2026-03-14T20:00,32.1,20,0,0.0,15.8
2026-03-14T21:00,30.9,23,0,0.0,15.3
2026-03-14T22:00,29.4,32,0,0.0,14.2
2026-03-14T23:00,28.2,39,0,0.0,11.4
2026-03-15T00:00,27.8,44,0,0.0,10.5
2026-03-15T01:00,26.9,47,0,0.0,8.3
2026-03-15T02:00,25.9,51,0,0.0,7.3
2026-03-15T03:00,25.0,54,0,0.0,6.6
2026-03-15T04:00,24.1,56,0,0.0,4.4
2026-03-15T05:00,23.9,60,0,0.0,3.3
2026-03-15T06:00,23.8,58,0,0.0,4.4
2026-03-15T07:00,25.9,50,0,77.0,3.4
2026-03-15T08:00,28.8,39,0,298.0,4.4
2026-03-15T09:00,31.2,35,0,537.0,8.3
2026-03-15T10:00,33.2,29,0,743.0,8.0
2026-03-15T11:00,34.0,25,0,891.0,7.8
2026-03-15T12:00,35.6,20,1,960.0,8.4
2026-03-15T13:00,36.7,16,5,957.0,9.7
2026-03-15T14:00,37.2,14,5,865.0,13.3
2026-03-15T15:00,36.8,16,5,711.0,14.1
2026-03-15T16:00,36.4,17,6,498.0,11.8
2026-03-15T17:00,35.8,16,7,259.0,12.4
2026-03-15T18:00,33.6,17,3,56.0,11.3
2026-03-15T19:00,32.9,18,1,0.0,18.0
2026-03-15T20:00,32.2,20,2,0.0,15.3
2026-03-15T21:00,30.9,21,2,0.0,15.3
2026-03-15T22:00,29.4,26,2,0.0,14.2
2026-03-15T23:00,28.2,33,1,0.0,13.1
2026-03-16T00:00,27.5,41,0,0.0,13.2
2026-03-16T01:00,26.5,48,0,0.0,11.5
2026-03-16T02:00,25.6,51,0,0.0,10.0
2026-03-16T03:00,24.7,55,0,0.0,6.2
2026-03-16T04:00,23.7,60,4,0.0,5.2
2026-03-16T05:00,23.6,62,9,0.0,4.5
2026-03-16T06:00,24.0,62,0,0.0,5.0
2026-03-16T07:00,25.6,59,0,78.0,9.5
2026-03-16T08:00,27.6,57,0,296.0,11.7
2026-03-16T09:00,29.8,49,0,533.0,9.9
2026-03-16T10:00,32.2,38,0,736.0,8.6
2026-03-16T11:00,33.3,32,2,883.0,8.9
2026-03-16T12:00,35.2,24,6,955.0,9.8
2026-03-16T13:00,36.4,19,6,950.0,11.0
2026-03-16T14:00,37.0,16,5,861.0,12.3
2026-03-16T15:00,37.0,16,6,708.0,13.6
2026-03-16T16:00,36.3,17,24,499.0,13.4
2026-03-16T17:00,35.6,16,41,263.0,12.9
2026-03-16T18:00,33.2,18,62,56.0,7.9
2026-03-16T19:00,32.0,19,64,0.0,11.9
2026-03-16T20:00,31.2,22,100,0.0,12.5
2026-03-16T21:00,30.8,24,91,0.0,14.1
2026-03-16T22:00,29.4,35,17,0.0,16.9
2026-03-16T23:00,28.3,51,100,0.0,19.2
2026-03-17T00:00,27.6,58,100,0.0,17.1
2026-03-17T01:00,26.7,63,82,0.0,11.8
2026-03-17T02:00,25.7,67,6,0.0,4.9
2026-03-17T03:00,24.9,71,8,0.0,6.2
2026-03-17T04:00,24.6,73,2,0.0,10.8
2026-03-17T05:00,23.9,80,0,0.0,10.8
2026-03-17T06:00,24.0,80,0,0.0,10.6
2026-03-17T07:00,25.2,75,0,79.0,8.9
2026-03-17T08:00,27.5,65,0,296.0,6.7
2026-03-17T09:00,29.8,54,0,530.0,4.9
2026-03-17T10:00,32.1,43,2,731.0,5.6
2026-03-17T11:00,33.5,34,9,870.0,7.6
2026-03-17T12:00,35.1,27,41,917.0,9.3
2026-03-17T13:00,36.0,21,54,865.0,12.4
2026-03-17T14:00,36.1,18,53,737.0,15.8
2026-03-17T15:00,36.3,16,59,599.0,14.1
2026-03-17T16:00,35.4,19,80,465.0,17.4
2026-03-17T17:00,35.5,17,94,225.0,16.7
2026-03-17T18:00,33.3,21,100,46.0,20.3
2026-03-17T19:00,31.6,28,99,0.0,16.6
2026-03-17T20:00,30.7,30,100,0.0,14.8
2026-03-17T21:00,29.7,36,53,0.0,16.6
2026-03-17T22:00,28.1,46,66,0.0,18.5
2026-03-17T23:00,27.6,50,100,0.0,14.9
2026-03-18T00:00,26.9,53,100,0.0,9.3
2026-03-18T01:00,26.5,57,100,0.0,7.4
2026-03-18T02:00,24.7,78,100,0.0,6.4
2026-03-18T03:00,24.1,80,99,0.0,7.9
2026-03-18T04:00,23.6,83,89,0.0,7.4
2026-03-18T05:00,23.8,79,16,0.0,7.8
2026-03-18T06:00,23.9,78,4,0.0,8.5
2026-03-18T07:00,24.9,75,16,77.0,10.0
2026-03-18T08:00,26.5,68,8,286.0,9.2
2026-03-18T09:00,28.6,58,3,520.0,9.8
2026-03-18T10:00,30.8,47,1,727.0,9.8
2026-03-18T11:00,32.0,41,38,873.0,8.9
2026-03-18T12:00,32.7,36,37,818.0,7.3
2026-03-18T13:00,33.3,32,34,774.0,6.5
2026-03-18T14:00,33.9,30,63,735.0,5.2
2026-03-18T15:00,34.4,27,53,566.0,5.1
2026-03-18T16:00,34.2,24,70,428.0,11.5
2026-03-18T17:00,32.1,27,93,198.0,14.5
2026-03-18T18:00,30.3,38,88,33.0,13.6
2026-03-18T19:00,29.5,40,80,0.0,15.7
2026-03-18T20:00,28.7,48,83,0.0,12.4
2026-03-18T21:00,27.8,53,84,0.0,14.0
2026-03-18T22:00,27.0,56,99,0.0,14.4
2026-03-18T23:00,26.7,60,100,0.0,13.8
2026-03-19T00:00,26.1,64,100,0.0,15.3
2026-03-19T01:00,25.7,68,100,0.0,12.5
2026-03-19T02:00,25.4,69,100,0.0,10.2
2026-03-19T03:00,25.1,70,100,0.0,8.7
2026-03-19T04:00,24.8,72,91,0.0,7.6
2026-03-19T05:00,23.8,76,93,0.0,3.7
2026-03-19T06:00,23.7,77,0,0.0,2.7
2026-03-19T07:00,24.4,74,2,84.0,1.3
2026-03-19T08:00,26.3,65,0,301.0,2.0
2026-03-19T09:00,28.5,54,0,536.0,5.3
2026-03-19T10:00,30.4,45,1,735.0,5.2
2026-03-19T11:00,30.8,42,18,874.0,4.7
2026-03-19T12:00,32.4,36,16,890.0,2.2
2026-03-19T13:00,33.6,33,15,870.0,2.0
2026-03-19T14:00,34.4,30,17,820.0,3.6
2026-03-19T15:00,34.8,26,26,685.0,4.5
2026-03-19T16:00,34.7,23,28,447.0,5.8
2026-03-19T17:00,33.8,19,30,239.0,6.3
2026-03-19T18:00,31.8,23,14,52.0,7.2
2026-03-19T19:00,30.0,28,16,0.0,2.3
2026-03-19T20:00,29.0,30,20,0.0,6.5
2026-03-19T21:00,28.5,40,74,0.0,15.5
2026-03-19T22:00,27.5,49,97,0.0,16.8
2026-03-19T23:00,27.1,58,63,0.0,17.3
2026-03-20T00:00,26.3,64,66,0.0,14.8
2026-03-20T01:00,25.6,67,5,0.0,12.6
2026-03-20T02:00,25.1,68,3,0.0,11.6
2026-03-20T03:00,24.5,71,5,0.0,9.6
2026-03-20T04:00,23.9,75,0,0.0,7.2
2026-03-20T05:00,23.1,80,0,0.0,2.7
2026-03-20T06:00,23.5,81,0,0.0,5.2
2026-03-20T07:00,24.6,77,0,84.0,8.6
2026-03-20T08:00,26.9,64,4,300.0,8.9
2026-03-20T09:00,29.5,51,1,535.0,8.8
2026-03-20T10:00,31.7,40,15,737.0,8.5
2026-03-20T11:00,31.7,39,16,832.0,4.3
2026-03-20T12:00,33.3,34,11,904.0,2.7
2026-03-20T13:00,34.4,30,14,890.0,1.8
2026-03-20T14:00,34.8,28,28,817.0,1.2
2026-03-20T15:00,34.6,28,25,630.0,1.7
2026-03-20T16:00,34.5,27,15,457.0,2.5
2026-03-20T17:00,34.1,25,20,247.0,5.8
2026-03-20T18:00,32.2,28,14,51.0,4.2
2026-03-20T19:00,31.3,29,7,0.0,6.3
2026-03-20T20:00,30.6,31,3,0.0,2.1
2026-03-20T21:00,29.7,32,0,0.0,10.0
2026-03-20T22:00,28.1,44,0,0.0,14.6
2026-03-20T23:00,27.3,50,0,0.0,12.5
2026-03-21T00:00,26.7,55,0,0.0,12.3
2026-03-21T01:00,26.1,60,0,0.0,8.0
2026-03-21T02:00,25.4,64,0,0.0,8.2
2026-03-21T03:00,24.7,69,0,0.0,7.0
2026-03-21T04:00,24.1,76,0,0.0,5.6
2026-03-21T05:00,23.8,73,0,0.0,4.1
2026-03-21T06:00,24.2,74,0,0.0,6.4
2026-03-21T07:00,25.9,69,0,87.0,8.0
2026-03-21T08:00,28.4,60,0,307.0,9.9
2026-03-21T09:00,30.7,50,0,540.0,8.3
2026-03-21T10:00,32.9,40,20,741.0,7.4
2026-03-21T11:00,33.4,35,26,834.0,5.3
2026-03-21T12:00,34.8,29,10,829.0,2.4
2026-03-21T13:00,35.8,26,9,899.0,1.5
2026-03-21T14:00,36.5,24,9,831.0,0.8
2026-03-21T15:00,36.8,23,31,688.0,2.2
2026-03-21T16:00,36.5,23,26,467.0,6.2
2026-03-21T17:00,36.1,20,48,236.0,5.4
2026-03-21T18:00,34.1,25,87,49.0,7.7
2026-03-21T19:00,33.0,28,18,0.0,13.1
2026-03-21T20:00,31.9,30,0,0.0,9.0
2026-03-21T21:00,30.2,37,0,0.0,18.2
2026-03-21T22:00,28.3,55,0,0.0,16.2
2026-03-21T23:00,27.9,60,0,0.0,10.4
2026-03-22T00:00,27.6,65,0,0.0,11.8
2026-03-22T01:00,26.8,71,0,0.0,8.6
2026-03-22T02:00,26.2,76,0,0.0,7.1
2026-03-22T03:00,25.6,80,0,0.0,4.4
2026-03-22T04:00,25.3,82,0,0.0,6.5
2026-03-22T05:00,25.0,85,0,0.0,7.7
2026-03-22T06:00,25.0,86,0,1.0,8.3
2026-03-22T07:00,26.1,81,1,88.0,9.5
2026-03-22T08:00,28.1,70,1,305.0,9.6
2026-03-22T09:00,30.3,58,1,537.0,9.6
2026-03-22T10:00,32.5,45,14,730.0,9.9
2026-03-22T11:00,33.0,40,26,777.0,8.4
2026-03-22T12:00,34.4,35,12,821.0,8.7
2026-03-22T13:00,35.4,31,2,889.0,9.4
2026-03-22T14:00,35.9,28,27,839.0,7.8
2026-03-22T15:00,35.8,27,13,622.0,8.0
2026-03-22T16:00,35.5,27,30,450.0,7.3
2026-03-22T17:00,35.1,25,38,238.0,9.2
2026-03-22T18:00,33.4,28,26,51.0,6.5
2026-03-22T19:00,32.0,30,13,0.0,6.5
2026-03-22T20:00,31.3,32,8,0.0,8.4
2026-03-22T21:00,29.9,45,9,0.0,17.4
2026-03-22T22:00,29.1,51,2,0.0,17.6
2026-03-22T23:00,28.6,55,0,0.0,14.9
2026-03-23T00:00,28.3,57,2,0.0,12.4
2026-03-23T01:00,27.5,62,6,0.0,11.6
2026-03-23T02:00,26.7,68,3,0.0,10.5
2026-03-23T03:00,26.0,74,0,0.0,9.8
2026-03-23T04:00,25.4,78,0,0.0,9.7
2026-03-23T05:00,25.2,80,0,0.0,8.9
2026-03-23T06:00,25.1,81,0,1.0,8.7
2026-03-23T07:00,26.3,76,0,89.0,10.1
2026-03-23T08:00,28.4,65,0,306.0,9.6
2026-03-23T09:00,30.8,54,0,538.0,8.1
2026-03-23T10:00,33.2,37,17,736.0,10.2
2026-03-23T11:00,33.7,33,9,811.0,11.9
2026-03-23T12:00,35.3,29,12,906.0,11.7
2026-03-23T13:00,36.2,27,11,900.0,12.4
2026-03-23T14:00,36.3,27,9,835.0,11.6
2026-03-23T15:00,36.4,26,17,695.0,10.6
2026-03-23T16:00,36.0,26,23,479.0,9.5
2026-03-23T17:00,35.1,27,15,244.0,11.8
2026-03-23T18:00,33.8,29,37,52.0,9.6
2026-03-23T19:00,32.6,32,14,0.0,15.5
2026-03-23T20:00,31.7,35,5,0.0,17.1
2026-03-23T21:00,30.2,44,3,0.0,20.0
2026-03-23T22:00,29.6,47,2,0.0,16.6
2026-03-23T23:00,29.0,51,1,0.0,15.3
2026-03-24T00:00,28.0,58,2,0.0,15.2
2026-03-24T01:00,26.8,68,0,0.0,14.7
2026-03-24T02:00,26.0,75,1,0.0,12.3
2026-03-24T03:00,25.4,79,0,0.0,9.7
2026-03-24T04:00,24.9,83,0,0.0,8.5
2026-03-24T05:00,24.9,85,1,0.0,7.7
2026-03-24T06:00,25.0,86,2,1.0,6.2
2026-03-24T07:00,26.1,81,6,90.0,6.6
2026-03-24T08:00,28.3,68,0,304.0,9.0
2026-03-24T09:00,31.0,52,0,538.0,10.2
2026-03-24T10:00,33.5,39,13,737.0,9.6
2026-03-24T11:00,33.9,35,12,819.0,8.0
2026-03-24T12:00,35.3,31,16,906.0,7.7
2026-03-24T13:00,36.2,30,19,896.0,7.2
2026-03-24T14:00,36.7,29,12,813.0,7.3
2026-03-24T15:00,36.6,28,9,676.0,8.5
2026-03-24T16:00,35.8,29,7,472.0,12.1
2026-03-24T17:00,34.6,30,22,250.0,11.2
2026-03-24T18:00,33.5,32,20,52.0,4.9
2026-03-24T19:00,32.4,34,14,0.0,5.7
2026-03-24T20:00,32.2,34,21,0.0,12.7
2026-03-24T21:00,30.1,47,20,0.0,18.8
2026-03-24T22:00,29.0,52,9,0.0,17.7
2026-03-24T23:00,28.0,56,81,0.0,17.3
2026-03-25T00:00,27.4,61,84,0.0,17.3
2026-03-25T01:00,26.7,65,10,0.0,15.2
2026-03-25T02:00,26.1,70,0,0.0,13.2
2026-03-25T03:00,25.5,74,1,0.0,6.2
2026-03-25T04:00,24.9,78,16,0.0,2.7
2026-03-25T05:00,24.9,78,4,0.0,1.1
2026-03-25T06:00,25.5,75,23,1.0,3.5
2026-03-25T07:00,26.9,68,95,91.0,7.2
2026-03-25T08:00,29.0,59,50,254.0,7.1
2026-03-25T09:00,32.0,45,5,537.0,5.4
2026-03-25T10:00,34.1,36,5,737.0,3.9
2026-03-25T11:00,34.1,34,28,862.0,5.0
2026-03-25T12:00,35.9,28,27,868.0,7.3
2026-03-25T13:00,36.8,25,23,880.0,9.1
2026-03-25T14:00,37.4,23,14,832.0,9.9
2026-03-25T15:00,37.6,22,13,691.0,12.3
2026-03-25T16:00,37.1,22,24,490.0,13.1
2026-03-25T17:00,36.0,23,23,255.0,16.1
2026-03-25T18:00,34.4,26,13,53.0,12.3
2026-03-25T19:00,33.3,26,10,0.0,12.5
2026-03-25T20:00,32.5,27,8,0.0,15.7
2026-03-25T21:00,31.1,35,2,0.0,19.1
2026-03-25T22:00,29.8,42,33,0.0,17.1
2026-03-25T23:00,28.7,47,91,0.0,15.2
2026-03-26T00:00,28.0,50,75,0.0,13.3
2026-03-26T01:00,27.0,55,70,0.0,12.5
2026-03-26T02:00,26.2,60,96,0.0,10.9
2026-03-26T03:00,25.4,66,5,0.0,9.4
2026-03-26T04:00,24.6,72,87,0.0,7.2
2026-03-26T05:00,24.0,78,23,0.0,5.9
2026-03-26T06:00,24.1,78,33,1.0,5.2
2026-03-26T07:00,25.4,72,0,96.0,5.2
2026-03-26T08:00,27.9,62,0,321.0,6.9
2026-03-26T09:00,30.8,49,0,556.0,7.8
2026-03-26T10:00,33.8,33,0,756.0,10.3
2026-03-26T11:00,35.5,26,0,900.0,11.6
2026-03-26T12:00,37.2,21,0,971.0,13.2
2026-03-26T13:00,38.2,19,0,962.0,15.8
2026-03-26T14:00,38.4,19,0,875.0,16.6
2026-03-26T15:00,38.4,19,0,716.0,15.1
2026-03-26T16:00,38.2,18,4,504.0,14.8
2026-03-26T17:00,36.7,20,0,265.0,16.9
2026-03-26T18:00,34.5,25,0,58.0,13.6
2026-03-26T19:00,33.1,29,0,0.0,15.3
2026-03-26T20:00,32.3,29,0,0.0,16.4
2026-03-26T21:00,31.4,32,0,0.0,19.1
2026-03-26T22:00,30.0,34,0,0.0,15.2
2026-03-26T23:00,28.8,38,0,0.0,13.3
2026-03-27T00:00,28.1,41,0,0.0,10.5
2026-03-27T01:00,27.1,46,0,0.0,10.0
2026-03-27T02:00,26.1,51,0,0.0,7.6
2026-03-27T03:00,25.3,55,0,0.0,7.0
2026-03-27T04:00,24.4,60,0,0.0,6.2
2026-03-27T05:00,23.9,64,0,0.0,5.2
2026-03-27T06:00,24.3,62,0,1.0,4.4
2026-03-27T07:00,26.7,54,0,102.0,3.7
2026-03-27T08:00,29.7,46,0,327.0,4.8
2026-03-27T09:00,32.8,36,0,564.0,5.7
2026-03-27T10:00,35.6,24,0,764.0,7.3
2026-03-27T11:00,36.3,22,0,905.0,6.5
2026-03-27T12:00,37.8,19,0,974.0,7.2
2026-03-27T13:00,38.6,17,1,965.0,7.0
2026-03-27T14:00,39.0,17,2,878.0,6.3
2026-03-27T15:00,39.2,16,2,718.0,7.3
2026-03-27T16:00,39.0,17,6,506.0,6.5
2026-03-27T17:00,37.6,17,30,265.0,9.5
2026-03-27T18:00,35.2,21,14,54.0,7.2
2026-03-27T19:00,33.1,24,6,0.0,4.1
2026-03-27T20:00,32.2,25,2,0.0,1.3
2026-03-27T21:00,31.6,26,0,0.0,2.8
2026-03-27T22:00,30.9,29,0,0.0,10.7
2026-03-27T23:00,29.8,35,1,0.0,13.6
2026-03-28T00:00,29.2,39,10,0.0,13.3
2026-03-28T01:00,28.0,45,13,0.0,6.3
2026-03-28T02:00,27.1,50,12,0.0,4.9
2026-03-28T03:00,26.5,54,16,0.0,2.4
2026-03-28T04:00,26.3,55,17,0.0,1.5
2026-03-28T05:00,25.2,52,89,0.0,3.5
2026-03-28T06:00,25.6,50,91,1.0,3.7
2026-03-28T07:00,28.4,40,88,101.0,5.2
2026-03-28T08:00,31.0,32,91,316.0,3.5
2026-03-28T09:00,33.3,28,52,540.0,1.8
2026-03-28T10:00,35.7,23,5,748.0,1.7
2026-03-28T11:00,35.9,23,16,899.0,3.1
2026-03-28T12:00,37.4,21,39,910.0,2.2
2026-03-28T13:00,37.6,20,23,779.0,1.9
2026-03-28T14:00,38.1,19,7,812.0,3.2
2026-03-28T15:00,38.9,18,79,671.0,5.6
2026-03-28T16:00,38.3,18,100,367.0,10.4
2026-03-28T17:00,37.2,20,87,160.0,7.0
2026-03-28T18:00,35.1,23,84,54.0,1.6
2026-03-28T19:00,33.8,25,82,0.0,1.3
2026-03-28T20:00,32.7,27,19,0.0,1.9
2026-03-28T21:00,31.5,30,23,0.0,3.4
2026-03-28T22:00,30.6,32,25,0.0,8.3
2026-03-28T23:00,30.0,45,62,0.0,11.8
2026-03-29T00:00,29.3,50,95,0.0,7.0
2026-03-29T01:00,29.4,50,58,0.0,9.1
2026-03-29T02:00,29.1,43,63,0.0,17.9
2026-03-29T03:00,29.1,39,38,0.0,16.9
2026-03-29T04:00,28.2,40,13,0.0,8.9
2026-03-29T05:00,27.2,48,59,0.0,11.1
2026-03-29T06:00,27.5,51,78,1.0,8.2
2026-03-29T07:00,29.1,52,88,98.0,10.6
2026-03-29T08:00,31.4,44,100,315.0,13.4
2026-03-29T09:00,33.3,37,100,529.0,13.9
2026-03-29T10:00,35.3,31,81,690.0,12.1
2026-03-29T11:00,36.0,27,48,806.0,11.1
2026-03-29T12:00,37.4,23,88,862.0,9.3
2026-03-29T13:00,38.1,21,67,748.0,7.5
2026-03-29T14:00,38.6,20,64,755.0,9.0
2026-03-29T15:00,38.7,19,25,666.0,11.0
2026-03-29T16:00,38.1,18,17,479.0,5.0
2026-03-29T17:00,37.5,18,59,226.0,2.9
2026-03-29T18:00,36.2,21,45,36.0,5.4
2026-03-29T19:00,34.9,24,30,0.0,10.5
2026-03-29T20:00,33.6,26,41,0.0,13.0
2026-03-29T21:00,32.7,30,63,0.0,17.9
2026-03-29T22:00,31.8,37,14,0.0,14.6
2026-03-29T23:00,30.6,47,34,0.0,10.8
2026-03-30T00:00,29.9,57,9,0.0,13.9
2026-03-30T01:00,29.1,65,0,0.0,14.1
2026-03-30T02:00,28.6,66,2,0.0,9.4
2026-03-30T03:00,27.9,65,7,0.0,5.9
2026-03-30T04:00,27.1,62,11,0.0,4.8
2026-03-30T05:00,27.5,64,11,0.0,5.5
2026-03-30T06:00,28.0,57,38,2.0,6.9
2026-03-30T07:00,29.6,48,88,78.0,5.8
2026-03-30T08:00,31.4,44,100,247.0,8.1
2026-03-30T09:00,33.9,37,97,485.0,7.6
2026-03-30T10:00,36.2,30,95,746.0,11.0
2026-03-30T11:00,36.9,28,97,864.0,12.7
2026-03-30T12:00,37.3,23,94,711.0,14.1
2026-03-30T13:00,38.3,20,38,848.0,12.5
2026-03-30T14:00,38.9,18,20,811.0,11.7
2026-03-30T15:00,39.1,18,4,691.0,12.7
2026-03-30T16:00,38.8,18,4,491.0,11.3
2026-03-30T17:00,37.9,17,15,254.0,5.1
2026-03-30T18:00,35.7,21,47,56.0,7.8
2026-03-30T19:00,34.5,22,10,0.0,15.0
2026-03-30T20:00,33.7,23,5,0.0,14.9
2026-03-30T21:00,33.1,26,2,0.0,20.2
2026-03-30T22:00,32.1,30,1,0.0,19.2
2026-03-30T23:00,31.2,33,2,0.0,15.3
2026-03-31T00:00,30.7,35,27,0.0,11.5
2026-03-31T01:00,29.8,38,95,0.0,7.6
2026-03-31T02:00,29.7,39,85,0.0,5.9
2026-03-31T03:00,28.3,43,48,0.0,4.2
2026-03-31T04:00,27.8,46,1,0.0,5.7
2026-03-31T05:00,27.8,47,20,0.0,7.6
2026-03-31T06:00,28.1,47,32,2.0,8.5
2026-03-31T07:00,29.9,44,9,105.0,8.7
2026-03-31T08:00,31.6,42,0,320.0,3.3
2026-03-31T09:00,33.3,38,0,557.0,5.4
2026-03-31T10:00,35.1,35,19,753.0,9.5
2026-03-31T11:00,34.6,36,16,823.0,7.7
2026-03-31T12:00,36.4,30,23,925.0,7.8
2026-03-31T13:00,37.6,27,32,925.0,9.8
2026-03-31T14:00,38.0,25,94,818.0,13.3
2026-03-31T15:00,37.3,26,91,603.0,14.4
2026-03-31T16:00,36.6,27,86,420.0,10.6
2026-03-31T17:00,34.1,35,96,253.0,12.8
2026-03-31T18:00,34.3,33,81,28.0,2.0
2026-03-31T19:00,32.6,36,53,0.0,9.7
2026-03-31T20:00,32.4,37,77,0.0,12.1
2026-03-31T21:00,30.5,50,24,0.0,18.7
2026-03-31T22:00,29.2,56,2,0.0,13.7
2026-03-31T23:00,28.8,59,10,0.0,13.8
2026-04-01T00:00,28.2,62,10,0.0,14.5
2026-04-01T01:00,27.5,64,30,0.0,12.3
2026-04-01T02:00,26.8,66,95,0.0,10.4
2026-04-01T03:00,26.2,69,90,0.0,8.4
2026-04-01T04:00,25.6,71,77,0.0,5.9
2026-04-01T05:00,25.1,76,57,0.0,4.0
2026-04-01T06:00,25.4,75,4,2.0,6.9
2026-04-01T07:00,26.7,71,2,108.0,8.5
2026-04-01T08:00,28.7,64,0,332.0,9.3
2026-04-01T09:00,31.2,52,2,565.0,9.1
2026-04-01T10:00,33.5,40,0,762.0,7.5
2026-04-01T11:00,34.5,32,9,901.0,6.7
2026-04-01T12:00,36.1,26,9,903.0,7.0
2026-04-01T13:00,37.1,22,6,920.0,8.1
2026-04-01T14:00,37.6,21,3,845.0,9.9
2026-04-01T15:00,37.8,21,2,700.0,9.7
2026-04-01T16:00,37.5,21,5,499.0,8.8
2026-04-01T17:00,36.5,21,7,257.0,14.7
2026-04-01T18:00,34.8,23,9,57.0,15.4
2026-04-01T19:00,33.6,26,20,0.0,16.8
2026-04-01T20:00,32.5,31,35,0.0,20.4
2026-04-01T21:00,31.0,33,34,0.0,21.3
2026-04-01T22:00,29.6,37,16,0.0,18.6
2026-04-01T23:00,28.2,45,6,0.0,14.9
2026-04-02T00:00,27.3,52,1,0.0,14.9
2026-04-02T01:00,26.1,60,0,0.0,12.4
2026-04-02T02:00,25.2,68,2,0.0,12.6
2026-04-02T03:00,24.4,76,4,0.0,12.2
2026-04-02T04:00,23.6,83,0,0.0,12.1
2026-04-02T05:00,23.3,87,5,0.0,8.1
2026-04-02T06:00,23.5,88,15,3.0,9.4
2026-04-02T07:00,24.8,80,11,112.0,9.7
2026-04-02T08:00,26.7,69,2,336.0,8.0
2026-04-02T09:00,29.1,56,0,571.0,8.7
2026-04-02T10:00,31.7,42,0,773.0,8.9
2026-04-02T11:00,33.2,34,0,914.0,9.2
2026-04-02T12:00,35.3,25,73,982.0,10.0
2026-04-02T13:00,36.4,22,80,970.0,9.6
2026-04-02T14:00,37.1,20,5,880.0,9.8
2026-04-02T15:00,37.2,19,16,722.0,11.5
2026-04-02T16:00,36.9,20,0,510.0,13.5
2026-04-02T17:00,35.4,21,2,268.0,13.1
2026-04-02T18:00,33.6,21,10,60.0,6.8
2026-04-02T19:00,32.0,23,13,0.0,2.3
2026-04-02T20:00,31.0,27,2,0.0,8.5
2026-04-02T21:00,30.6,34,9,0.0,10.3
2026-04-02T22:00,29.6,44,13,0.0,16.5
2026-04-02T23:00,28.1,61,5,0.0,18.2
2026-04-03T00:00,27.5,66,0,0.0,16.2
2026-04-03T01:00,26.8,71,0,0.0,14.3
2026-04-03T02:00,26.3,74,0,0.0,11.8
2026-04-03T03:00,25.8,77,0,0.0,8.6
2026-04-03T04:00,25.4,78,0,0.0,7.4
2026-04-03T05:00,24.9,81,0,0.0,3.7
2026-04-03T06:00,25.6,75,5,3.0,6.8
2026-04-03T07:00,27.2,66,84,113.0,8.2
2026-04-03T08:00,29.8,52,14,335.0,8.0
2026-04-03T09:00,32.6,37,9,572.0,8.4
2026-04-03T10:00,34.6,30,0,771.0,7.1
2026-04-03T11:00,35.2,29,0,910.0,4.5
2026-04-03T12:00,36.9,25,100,975.0,3.4
2026-04-03T13:00,37.9,22,61,962.0,4.0
2026-04-03T14:00,38.5,20,38,872.0,4.9
2026-04-03T15:00,38.6,19,47,713.0,6.6
2026-04-03T16:00,38.2,19,60,499.0,9.3
2026-04-03T17:00,37.0,19,43,257.0,10.3
2026-04-03T18:00,35.5,20,54,52.0,7.5
2026-04-03T19:00,34.6,21,99,0.0,11.5
2026-04-03T20:00,34.1,19,100,0.0,16.1
2026-04-03T21:00,32.5,25,99,0.0,18.9
2026-04-03T22:00,30.3,43,100,0.0,17.3
2026-04-03T23:00,29.0,51,100,0.0,15.2
2026-04-04T00:00,28.7,49,100,0.0,16.3
2026-04-04T01:00,28.0,52,100,0.0,13.1
2026-04-04T02:00,27.2,56,100,0.0,8.9
2026-04-04T03:00,26.4,59,99,0.0,3.5
2026-04-04T04:00,26.0,61,100,0.0,2.7
2026-04-04T05:00,25.9,63,100,0.0,1.4
2026-04-04T06:00,26.6,60,100,3.0,6.1
2026-04-04T07:00,28.1,56,100,97.0,5.8
2026-04-04T08:00,29.6,54,99,254.0,3.6
2026-04-04T09:00,31.8,46,100,476.0,0.7
2026-04-04T10:00,34.1,36,100,683.0,1.9
2026-04-04T11:00,34.9,34,100,863.0,4.0
2026-04-04T12:00,36.6,27,100,839.0,5.6
2026-04-04T13:00,37.8,23,100,879.0,7.5
2026-04-04T14:00,38.0,21,99,707.0,10.2
2026-04-04T15:00,37.8,20,100,613.0,9.9
2026-04-04T16:00,37.6,19,98,467.0,6.9
2026-04-04T17:00,37.1,20,56,224.0,3.9
2026-04-04T18:00,35.5,22,100,55.0,0.8
2026-04-04T19:00,34.1,25,93,0.0,2.7
2026-04-04T20:00,32.9,27,100,0.0,8.1
2026-04-04T21:00,32.3,28,100,0.0,12.6
2026-04-04T22:00,30.1,49,98,0.0,18.5
2026-04-04T23:00,29.7,57,97,0.0,15.5
2026-04-05T00:00,29.3,61,87,0.0,15.8
2026-04-05T01:00,28.4,66,87,0.0,11.6
2026-04-05T02:00,27.7,70,96,0.0,3.6
2026-04-05T03:00,27.6,69,82,0.0,4.9
2026-04-05T04:00,27.3,70,99,0.0,7.6
2026-04-05T05:00,26.9,75,62,0.0,5.3
2026-04-05T06:00,27.6,71,73,4.0,6.7
2026-04-05T07:00,29.9,54,94,114.0,7.5
2026-04-05T08:00,32.4,42,16,334.0,14.0
2026-04-05T09:00,34.3,35,52,567.0,13.0
2026-04-05T10:00,36.5,27,66,761.0,12.5
2026-04-05T11:00,37.1,26,36,834.0,11.5
2026-04-05T12:00,38.4,24,40,860.0,13.1
2026-04-05T13:00,39.1,23,42,869.0,13.9
2026-04-05T14:00,39.1,23,83,750.0,11.8
2026-04-05T15:00,39.2,23,16,679.0,13.1
2026-04-05T16:00,38.6,24,87,437.0,14.7
2026-04-05T17:00,37.8,21,96,213.0,9.7
2026-04-05T18:00,36.3,23,43,57.0,3.9
2026-04-05T19:00,35.0,25,9,0.0,5.6
2026-04-05T20:00,33.9,27,16,0.0,6.2
2026-04-05T21:00,33.1,28,32,0.0,2.9
2026-04-05T22:00,32.7,29,45,0.0,9.0
2026-04-05T23:00,31.1,49,43,0.0,16.1
2026-04-06T00:00,30.3,55,5,0.0,10.4
2026-04-06T01:00,29.6,58,19,0.0,12.4
2026-04-06T02:00,29.0,60,2,0.0,10.8
2026-04-06T03:00,28.5,63,2,0.0,7.3
2026-04-06T04:00,28.0,64,0,0.0,4.3
2026-04-06T05:00,28.1,62,0,0.0,5.3
2026-04-06T06:00,29.1,43,0,4.0,12.9
2026-04-06T07:00,30.4,36,0,121.0,14.7
2026-04-06T08:00,32.1,30,0,349.0,15.4
2026-04-06T09:00,34.2,25,0,581.0,16.1
2026-04-06T10:00,36.3,21,0,779.0,16.0
2026-04-06T11:00,36.8,22,0,918.0,15.5
2026-04-06T12:00,38.1,21,0,982.0,13.2
2026-04-06T13:00,39.1,19,0,968.0,13.6
2026-04-06T14:00,39.7,18,0,876.0,14.0
2026-04-06T15:00,39.6,17,1,717.0,14.4
2026-04-06T16:00,39.2,16,1,507.0,14.8
2026-04-06T17:00,38.1,16,0,270.0,16.6
2026-04-06T18:00,36.2,18,0,61.0,15.5
2026-04-06T19:00,35.5,19,0,0.0,12.1
2026-04-06T20:00,34.6,21,0,0.0,11.8
2026-04-06T21:00,33.7,23,0,0.0,12.3
2026-04-06T22:00,32.5,24,0,0.0,10.3
2026-04-06T23:00,31.1,24,0,0.0,9.4
2026-04-07T00:00,30.7,24,0,0.0,8.2
2026-04-07T01:00,28.8,26,0,0.0,2.0
2026-04-07T02:00,27.3,34,0,0.0,2.9
2026-04-07T03:00,26.3,31,0,0.0,6.1
2026-04-07T04:00,26.3,34,0,0.0,8.7
2026-04-07T05:00,26.4,39,0,0.0,11.7
2026-04-07T06:00,26.6,44,0,4.0,11.2
2026-04-07T07:00,28.1,46,0,124.0,12.3
2026-04-07T08:00,30.1,41,0,352.0,13.4
2026-04-07T09:00,32.3,35,0,586.0,12.3
2026-04-07T10:00,34.4,29,0,782.0,11.7
2026-04-07T11:00,35.3,28,0,919.0,11.5
2026-04-07T12:00,37.2,22,0,982.0,11.1
2026-04-07T13:00,38.4,18,0,970.0,13.1
2026-04-07T14:00,38.8,16,0,881.0,15.9
2026-04-07T15:00,38.7,15,0,725.0,15.7
2026-04-07T16:00,38.4,13,3,514.0,14.7
2026-04-07T17:00,37.5,14,29,275.0,11.8
2026-04-07T18:00,35.0,15,95,62.0,6.6
2026-04-07T19:00,33.3,16,33,0.0,6.7
2026-04-07T20:00,32.6,17,55,0.0,7.3
2026-04-07T21:00,31.0,18,100,0.0,9.3
2026-04-07T22:00,29.6,20,88,0.0,7.5
2026-04-07T23:00,28.4,22,2,0.0,8.3
2026-04-08T00:00,28.1,22,0,0.0,6.5
2026-04-08T01:00,28.0,24,0,0.0,6.4
2026-04-08T02:00,27.4,26,0,0.0,3.3
2026-04-08T03:00,26.5,27,0,0.0,7.3
2026-04-08T04:00,25.6,29,4,0.0,7.6
2026-04-08T05:00,25.8,52,1,0.0,13.0
2026-04-08T06:00,26.6,56,3,5.0,13.9
2026-04-08T07:00,28.2,53,0,126.0,12.6
2026-04-08T08:00,30.5,45,0,355.0,9.4
2026-04-08T09:00,33.1,35,0,588.0,8.1
2026-04-08T10:00,35.7,25,0,784.0,6.9
2026-04-08T11:00,36.7,23,0,922.0,7.7
2026-04-08T12:00,38.2,20,0,987.0,8.2
2026-04-08T13:00,39.0,18,0,972.0,8.7
2026-04-08T14:00,39.2,16,0,880.0,13.0
2026-04-08T15:00,38.6,17,3,721.0,12.9
2026-04-08T16:00,38.8,16,1,502.0,9.5
2026-04-08T17:00,37.6,15,2,263.0,9.3
2026-04-08T18:00,35.1,15,1,62.0,4.9
2026-04-08T19:00,33.9,17,0,0.0,6.8
2026-04-08T20:00,33.6,19,0,0.0,9.0
2026-04-08T21:00,32.0,21,16,0.0,10.6
2026-04-08T22:00,30.7,51,29,0.0,16.2
2026-04-08T23:00,30.1,54,0,0.0,16.2
2026-04-09T00:00,30.0,54,0,0.0,14.0
2026-04-09T01:00,29.3,58,0,0.0,11.1
2026-04-09T02:00,28.2,63,0,0.0,5.7
2026-04-09T03:00,27.9,66,0,0.0,8.6
2026-04-09T04:00,27.3,69,0,0.0,7.7
2026-04-09T05:00,27.0,74,0,0.0,6.3
2026-04-09T06:00,27.7,71,0,5.0,9.1
2026-04-09T07:00,29.8,60,0,124.0,10.8
2026-04-09T08:00,32.2,44,0,350.0,12.8
2026-04-09T09:00,34.5,34,0,582.0,10.4
2026-04-09T10:00,36.8,25,6,777.0,8.9
2026-04-09T11:00,37.3,23,13,876.0,8.4
2026-04-09T12:00,38.9,19,6,946.0,7.6
2026-04-09T13:00,39.8,17,2,921.0,8.5
2026-04-09T14:00,40.5,16,46,838.0,11.3
2026-04-09T15:00,41.0,15,50,608.0,13.0
2026-04-09T16:00,40.6,16,73,421.0,11.1
2026-04-09T17:00,39.2,17,45,168.0,17.1
2026-04-09T18:00,37.7,18,46,43.0,9.8
2026-04-09T19:00,35.8,21,21,0.0,0.8
2026-04-09T20:00,34.5,22,100,0.0,1.7
2026-04-09T21:00,34.3,21,88,0.0,3.8
2026-04-09T22:00,34.3,23,6,0.0,11.9
2026-04-09T23:00,31.7,45,2,0.0,15.0
2026-04-10T00:00,30.6,57,8,0.0,12.8
2026-04-10T01:00,30.0,61,21,0.0,12.3
2026-04-10T02:00,29.3,66,2,0.0,11.3
2026-04-10T03:00,28.8,70,13,0.0,11.3
2026-04-10T04:00,28.2,75,85,0.0,6.4
2026-04-10T05:00,28.5,80,100,0.0,7.4
2026-04-10T06:00,28.8,79,100,5.0,3.9
2026-04-10T07:00,30.0,73,61,123.0,4.3
2026-04-10T08:00,32.1,62,41,344.0,7.8
2026-04-10T09:00,34.5,48,46,563.0,7.7
2026-04-10T10:00,36.3,37,63,674.0,8.7
2026-04-10T11:00,36.5,35,42,878.0,9.0
2026-04-10T12:00,38.3,30,30,897.0,8.0
2026-04-10T13:00,39.5,27,94,897.0,8.5
2026-04-10T14:00,39.7,26,90,727.0,9.3
2026-04-10T15:00,39.7,25,68,617.0,8.3
2026-04-10T16:00,39.2,26,40,416.0,11.1
2026-04-10T17:00,38.2,27,28,222.0,13.2
2026-04-10T18:00,36.8,29,26,54.0,10.9
2026-04-10T19:00,35.7,31,20,0.0,4.7
2026-04-10T20:00,35.0,34,20,0.0,6.3
2026-04-10T21:00,33.1,43,9,0.0,22.8
2026-04-10T22:00,32.4,48,10,0.0,17.9
2026-04-10T23:00,32.1,51,12,0.0,17.8
2026-04-11T00:00,31.7,54,16,0.0,13.8
2026-04-11T01:00,31.0,58,0,0.0,12.7
2026-04-11T02:00,30.5,61,1,0.0,9.1
2026-04-11T03:00,30.0,63,2,0.0,8.2
2026-04-11T04:00,29.6,65,0,0.0,8.5
2026-04-11T05:00,29.5,61,0,0.0,7.1
2026-04-11T06:00,29.9,61,0,6.0,7.5
2026-04-11T07:00,31.0,59,0,127.0,8.9
2026-04-11T08:00,33.0,50,0,351.0,9.1
2026-04-11T09:00,35.5,36,7,579.0,8.3
2026-04-11T10:00,37.2,29,5,740.0,6.0
2026-04-11T11:00,37.7,28,2,879.0,4.9
2026-04-11T12:00,39.4,25,11,953.0,4.7
2026-04-11T13:00,40.0,24,9,893.0,6.1
2026-04-11T14:00,40.5,22,10,843.0,7.2
2026-04-11T15:00,40.6,21,16,670.0,8.0
2026-04-11T16:00,40.4,21,20,462.0,8.5
2026-04-11T17:00,39.6,20,9,241.0,5.1
2026-04-11T18:00,38.1,19,11,58.0,5.9
2026-04-11T19:00,36.1,21,7,0.0,6.7
2026-04-11T20:00,35.1,25,4,0.0,8.5
2026-04-11T21:00,34.1,37,1,0.0,26.1
2026-04-11T22:00,32.6,45,1,0.0,20.4
2026-04-11T23:00,31.8,47,1,0.0,17.4
2026-04-12T00:00,31.2,47,0,0.0,14.1
2026-04-12T01:00,30.5,50,0,0.0,12.9
2026-04-12T02:00,29.9,52,0,0.0,11.9
2026-04-12T03:00,29.3,54,0,0.0,10.6
2026-04-12T04:00,28.8,57,0,0.0,7.1
2026-04-12T05:00,28.6,61,0,0.0,5.7
2026-04-12T06:00,29.1,63,0,6.0,6.7
2026-04-12T07:00,30.5,59,0,130.0,8.4
2026-04-12T08:00,32.8,46,0,355.0,9.2
2026-04-12T09:00,35.1,35,0,582.0,10.0
2026-04-12T10:00,37.0,29,2,775.0,9.9
2026-04-12T11:00,37.7,27,15,887.0,8.9
2026-04-12T12:00,39.2,24,4,886.0,10.7
2026-04-12T13:00,40.1,23,6,944.0,11.3
2026-04-12T14:00,40.4,22,12,848.0,9.8
2026-04-12T15:00,40.4,22,38,656.0,8.6
2026-04-12T16:00,40.0,22,62,456.0,8.7
2026-04-12T17:00,38.9,23,55,232.0,6.0
2026-04-12T18:00,37.9,24,41,53.0,7.7
2026-04-12T19:00,36.7,25,21,0.0,15.7
2026-04-12T20:00,35.6,27,2,0.0,14.7
2026-04-12T21:00,34.4,31,1,0.0,18.1
2026-04-12T22:00,33.1,38,0,0.0,18.3
2026-04-12T23:00,32.3,42,0,0.0,15.8
2026-04-13T00:00,31.6,45,0,0.0,13.2
2026-04-13T01:00,30.8,50,0,0.0,8.7
2026-04-13T02:00,29.9,55,0,0.0,7.1
2026-04-13T03:00,29.2,59,0,0.0,7.1
2026-04-13T04:00,28.8,61,0,0.0,8.3
2026-04-13T05:00,28.6,60,2,0.0,6.6
2026-04-13T06:00,29.4,53,44,7.0,9.4
2026-04-13T07:00,31.5,45,16,134.0,10.3
2026-04-13T08:00,33.8,39,19,361.0,11.6
2026-04-13T09:00,35.7,33,5,588.0,13.1
2026-04-13T10:00,37.5,28,5,779.0,10.6
2026-04-13T11:00,37.7,26,16,878.0,6.0
2026-04-13T12:00,39.0,22,10,888.0,2.5
2026-04-13T13:00,40.0,20,10,930.0,2.7
2026-04-13T14:00,40.4,19,10,833.0,3.5
2026-04-13T15:00,40.5,18,5,703.0,2.4
2026-04-13T16:00,40.5,18,6,495.0,1.1
2026-04-13T17:00,40.0,17,5,256.0,12.6
2026-04-13T18:00,38.3,19,52,59.0,12.9
2026-04-13T19:00,37.3,20,3,0.0,15.0
2026-04-13T20:00,36.3,20,5,0.0,11.5
2026-04-13T21:00,35.0,28,2,0.0,23.7
2026-04-13T22:00,32.9,41,0,0.0,17.5
2026-04-13T23:00,32.2,43,0,0.0,13.0
2026-04-14T00:00,31.5,46,0,0.0,9.7
2026-04-14T01:00,30.6,48,0,0.0,6.4
2026-04-14T02:00,29.8,50,0,0.0,5.6
2026-04-14T03:00,29.1,52,6,0.0,6.5
2026-04-14T04:00,28.6,53,9,0.0,6.2
2026-04-14T05:00,28.4,56,86,0.0,4.8
2026-04-14T06:00,29.3,54,55,7.0,6.8
2026-04-14T07:00,31.2,48,40,134.0,5.3
2026-04-14T08:00,33.7,38,47,358.0,5.5
2026-04-14T09:00,36.0,30,94,583.0,9.3
2026-04-14T10:00,38.0,24,9,765.0,10.3
2026-04-14T11:00,38.9,21,30,915.0,10.0
2026-04-14T12:00,40.3,17,0,976.0,9.5
2026-04-14T13:00,41.1,15,0,966.0,8.8
2026-04-14T14:00,41.5,14,0,879.0,10.0
2026-04-14T15:00,41.5,14,1,719.0,12.5
2026-04-14T16:00,40.9,15,2,508.0,12.2
2026-04-14T17:00,39.8,16,2,270.0,13.1
2026-04-14T18:00,38.2,17,3,62.0,8.8
2026-04-14T19:00,36.3,19,2,0.0,6.0
2026-04-14T20:00,35.0,20,0,0.0,8.6
2026-04-14T21:00,34.7,22,0,0.0,12.5
2026-04-14T22:00,33.8,23,0,0.0,15.6
2026-04-14T23:00,33.1,25,0,0.0,13.8
2026-04-15T00:00,32.4,27,0,0.0,10.8
2026-04-15T01:00,31.4,30,1,0.0,9.9
2026-04-15T02:00,30.1,36,0,0.0,5.9
2026-04-15T03:00,29.4,37,1,0.0,5.7
2026-04-15T04:00,29.2,36,5,0.0,6.9
2026-04-15T05:00,28.8,41,9,0.0,1.0
2026-04-15T06:00,29.5,35,25,7.0,5.0
2026-04-15T07:00,31.9,29,29,123.0,5.3
2026-04-15T08:00,34.2,28,25,341.0,10.2
2026-04-15T09:00,36.2,26,9,546.0,12.0
2026-04-15T10:00,38.2,21,0,774.0,10.3
2026-04-15T11:00,38.7,18,0,919.0,10.0
2026-04-15T12:00,40.2,16,0,987.0,9.0
2026-04-15T13:00,41.0,16,0,966.0,6.8
2026-04-15T14:00,41.6,15,2,876.0,4.8
2026-04-15T15:00,41.4,15,2,717.0,5.3
2026-04-15T16:00,41.1,15,2,506.0,3.8
2026-04-15T17:00,40.5,15,13,265.0,0.9
2026-04-15T18:00,38.3,17,21,60.0,5.0
2026-04-15T19:00,37.1,17,0,0.0,11.7
2026-04-15T20:00,36.2,14,1,0.0,10.2
2026-04-15T21:00,35.8,15,1,0.0,12.9
2026-04-15T22:00,34.0,31,0,0.0,15.8
2026-04-15T23:00,32.5,43,0,0.0,13.1
2026-04-16T00:00,31.4,54,0,0.0,12.1
2026-04-16T01:00,30.6,58,0,0.0,7.3
2026-04-16T02:00,29.7,60,0,0.0,5.2
2026-04-16T03:00,29.1,62,0,0.0,4.8
2026-04-16T04:00,28.5,62,1,0.0,5.1
2026-04-16T05:00,28.3,66,0,0.0,5.9
2026-04-16T06:00,30.1,47,1,8.0,8.6
2026-04-16T07:00,31.5,48,0,138.0,12.3
2026-04-16T08:00,33.1,51,1,362.0,11.4
2026-04-16T09:00,35.6,41,1,589.0,10.9
2026-04-16T10:00,38.0,29,37,778.0,8.1
2026-04-16T11:00,38.1,26,34,737.0,5.5
2026-04-16T12:00,39.6,21,11,878.0,4.0
2026-04-16T13:00,40.7,18,3,943.0,4.0
2026-04-16T14:00,41.5,17,17,860.0,5.2
2026-04-16T15:00,41.5,16,19,646.0,8.5
2026-04-16T16:00,40.9,16,12,456.0,11.8
2026-04-16T17:00,40.2,15,13,259.0,9.4
2026-04-16T18:00,38.5,16,9,60.0,1.1
2026-04-16T19:00,37.1,18,13,0.0,1.5
2026-04-16T20:00,36.0,18,10,0.0,11.8
2026-04-16T21:00,34.6,29,1,0.0,18.2
2026-04-16T22:00,32.9,48,2,0.0,13.5
2026-04-16T23:00,32.9,41,45,0.0,11.6
2026-04-17T00:00,31.7,42,82,0.0,5.0
2026-04-17T01:00,31.2,43,18,0.0,1.7
2026-04-17T02:00,30.5,43,1,0.0,4.8
2026-04-17T03:00,30.0,41,0,0.0,5.4
2026-04-17T04:00,29.5,41,0,0.0,6.0
2026-04-17T05:00,29.2,44,46,0.0,5.5
2026-04-17T06:00,30.1,42,48,8.0,5.0
2026-04-17T07:00,32.2,37,0,140.0,5.9
2026-04-17T08:00,33.9,37,0,371.0,8.4
2026-04-17T09:00,36.0,34,0,600.0,7.9
2026-04-17T10:00,38.1,27,45,793.0,6.5
2026-04-17T11:00,38.4,24,33,872.0,5.2
2026-04-17T12:00,40.1,19,48,928.0,6.1
2026-04-17T13:00,41.4,15,15,922.0,7.4
2026-04-17T14:00,42.1,13,2,856.0,13.6
2026-04-17T15:00,41.4,15,33,710.0,17.5
2026-04-17T16:00,41.2,14,98,501.0,8.6
2026-04-17T17:00,41.0,12,20,214.0,12.5
2026-04-17T18:00,38.9,13,59,63.0,10.5
2026-04-17T19:00,37.1,15,1,0.0,11.2
2026-04-17T20:00,36.1,17,4,0.0,13.7
2026-04-17T21:00,35.3,19,1,0.0,15.6
2026-04-17T22:00,33.6,29,23,0.0,15.5
2026-04-17T23:00,32.0,45,15,0.0,14.3
2026-04-18T00:00,31.3,53,86,0.0,13.0
2026-04-18T01:00,30.6,56,91,0.0,12.5
2026-04-18T02:00,29.8,61,96,0.0,10.2
2026-04-18T03:00,29.1,64,99,0.0,8.1
2026-04-18T04:00,28.5,67,99,0.0,7.2
2026-04-18T05:00,28.4,70,100,0.0,6.8
2026-04-18T06:00,28.7,69,100,9.0,7.4
2026-04-18T07:00,30.4,63,100,132.0,7.7
2026-04-18T08:00,33.1,49,100,346.0,9.0
2026-04-18T09:00,35.8,36,100,575.0,10.0
2026-04-18T10:00,38.1,26,74,772.0,9.1
2026-04-18T11:00,38.5,23,77,920.0,7.1
2026-04-18T12:00,40.2,19,98,955.0,5.8
2026-04-18T13:00,41.2,16,99,875.0,6.5
2026-04-18T14:00,41.8,15,84,787.0,11.3
2026-04-18T15:00,41.3,15,100,634.0,12.0
2026-04-18T16:00,41.9,13,38,484.0,8.3
2026-04-18T17:00,40.8,13,6,227.0,14.2
2026-04-18T18:00,38.8,14,13,63.0,16.4
2026-04-18T19:00,37.1,16,2,0.0,13.6
2026-04-18T20:00,36.1,19,0,0.0,14.3
2026-04-18T21:00,34.7,25,0,0.0,15.9
2026-04-18T22:00,32.4,48,2,0.0,15.5
2026-04-18T23:00,31.7,52,1,0.0,14.2
2026-04-19T00:00,31.1,55,4,0.0,12.3
2026-04-19T01:00,30.3,59,0,0.0,12.4
2026-04-19T02:00,29.4,64,0,0.0,12.1
2026-04-19T03:00,28.7,67,0,0.0,10.6
2026-04-19T04:00,28.2,70,0,0.0,8.6
2026-04-19T05:00,28.0,74,0,0.0,7.5
2026-04-19T06:00,28.6,72,0,9.0,6.2
2026-04-19T07:00,30.8,54,0,144.0,10.0
2026-04-19T08:00,33.9,35,0,371.0,10.1
2026-04-19T09:00,36.4,27,0,600.0,13.3
2026-04-19T10:00,38.3,24,0,790.0,12.6
2026-04-19T11:00,38.8,23,13,921.0,8.5
2026-04-19T12:00,40.4,19,17,927.0,5.8
2026-04-19T13:00,41.2,16,9,895.0,8.0
2026-04-19T14:00,41.8,15,5,835.0,11.3
2026-04-19T15:00,41.6,15,3,703.0,15.0
2026-04-19T16:00,40.6,17,6,497.0,13.9
2026-04-19T17:00,39.8,16,16,241.0,7.7
2026-04-19T18:00,38.0,17,14,58.0,1.5
2026-04-19T19:00,36.5,19,4,0.0,6.9
2026-04-19T20:00,35.2,21,4,0.0,4.6
2026-04-19T21:00,34.1,22,9,0.0,6.7
2026-04-19T22:00,34.2,25,33,0.0,12.0
2026-04-19T23:00,32.7,38,13,0.0,11.8
2026-04-20T00:00,31.8,51,3,0.0,13.7
2026-04-20T01:00,30.8,56,5,0.0,12.0
2026-04-20T02:00,30.0,59,5,0.0,7.8
2026-04-20T03:00,29.3,61,8,0.0,2.1
2026-04-20T04:00,28.9,64,3,0.0,7.4
2026-04-20T05:00,29.6,46,2,0.0,7.2
2026-04-20T06:00,30.0,44,1,10.0,8.2
2026-04-20T07:00,31.3,44,2,143.0,10.3
2026-04-20T08:00,33.2,39,7,369.0,10.4
2026-04-20T09:00,35.3,34,0,594.0,8.4
2026-04-20T10:00,37.7,28,27,784.0,7.4
2026-04-20T11:00,37.3,28,15,835.0,4.3
2026-04-20T12:00,39.0,24,16,909.0,5.1
2026-04-20T13:00,40.0,22,17,906.0,8.3
2026-04-20T14:00,40.5,20,28,783.0,10.9
2026-04-20T15:00,40.1,21,31,574.0,11.4
2026-04-20T16:00,39.5,22,49,407.0,8.7
2026-04-20T17:00,38.8,20,38,212.0,13.6
2026-04-20T18:00,37.9,20,45,49.0,10.8
2026-04-20T19:00,36.5,20,37,0.0,6.4
2026-04-20T20:00,35.4,22,32,0.0,7.2
2026-04-20T21:00,33.5,39,33,0.0,19.9
2026-04-20T22:00,31.8,52,5,0.0,18.4
2026-04-20T23:00,31.1,55,19,0.0,15.9
2026-04-21T00:00,30.3,59,3,0.0,14.0
2026-04-21T01:00,29.6,64,2,0.0,11.6
2026-04-21T02:00,29.0,66,0,0.0,9.2
2026-04-21T03:00,28.6,68,0,0.0,8.8
2026-04-21T04:00,28.3,69,0,0.0,9.8
2026-04-21T05:00,28.0,73,1,0.0,6.7
2026-04-21T06:00,28.5,71,0,10.0,9.6
2026-04-21T07:00,29.9,65,12,147.0,11.5
2026-04-21T08:00,32.5,49,1,372.0,10.8
2026-04-21T09:00,35.3,35,0,600.0,12.1
2026-04-21T10:00,37.5,25,0,788.0,10.8
2026-04-21T11:00,38.1,24,16,919.0,9.0
2026-04-21T12:00,39.3,20,23,859.0,4.8
2026-04-21T13:00,40.3,17,16,852.0,5.7
2026-04-21T14:00,41.2,15,7,817.0,9.1
2026-04-21T15:00,41.2,15,3,692.0,12.3
2026-04-21T16:00,40.6,15,4,496.0,14.0
2026-04-21T17:00,39.1,15,0,265.0,13.0
2026-04-21T18:00,37.5,16,5,64.0,8.8
2026-04-21T19:00,35.5,17,13,0.0,5.9
2026-04-21T20:00,35.3,24,2,0.0,15.4
2026-04-21T21:00,34.1,27,4,0.0,11.4
2026-04-21T22:00,33.0,31,0,0.0,8.3
2026-04-21T23:00,32.1,40,84,0.0,6.7
2026-04-22T00:00,32.0,40,60,0.0,8.8
2026-04-22T01:00,31.2,45,63,0.0,9.1
2026-04-22T02:00,30.3,49,33,0.0,7.8
2026-04-22T03:00,29.7,51,27,0.0,5.9
2026-04-22T04:00,29.0,52,30,0.0,3.4
2026-04-22T05:00,27.0,58,1,0.0,2.7
2026-04-22T06:00,28.1,55,6,11.0,6.3
2026-04-22T07:00,30.3,48,0,152.0,4.1
2026-04-22T08:00,32.7,40,1,379.0,3.0
2026-04-22T09:00,35.2,32,2,604.0,3.9
2026-04-22T10:00,37.5,26,0,792.0,4.3
2026-04-22T11:00,37.8,25,14,922.0,5.6
2026-04-22T12:00,39.3,21,6,900.0,6.4
2026-04-22T13:00,40.4,18,5,919.0,6.6
2026-04-22T14:00,41.0,17,2,853.0,5.6
2026-04-22T15:00,41.2,16,8,707.0,5.2
2026-04-22T16:00,40.7,17,38,460.0,6.3
2026-04-22T17:00,39.4,16,12,221.0,1.2
2026-04-22T18:00,37.7,17,5,61.0,5.1
2026-04-22T19:00,36.4,21,7,0.0,0.4
2026-04-22T20:00,34.7,19,6,0.0,6.1
2026-04-22T21:00,34.4,18,20,0.0,8.9
2026-04-22T22:00,33.2,22,47,0.0,13.0
2026-04-22T23:00,32.0,30,14,0.0,11.3
2026-04-23T00:00,31.3,36,8,0.0,11.0
2026-04-23T01:00,30.3,42,68,0.0,9.9
2026-04-23T02:00,29.6,45,33,0.0,8.4
2026-04-23T03:00,28.5,47,4,0.0,5.2
2026-04-23T04:00,28.0,49,3,0.0,6.1
2026-04-23T05:00,27.4,58,20,0.0,5.2
2026-04-23T06:00,28.4,55,9,11.0,5.7
2026-04-23T07:00,30.1,50,32,151.0,4.9
2026-04-23T08:00,32.6,42,25,374.0,5.8
2026-04-23T09:00,35.4,32,53,601.0,7.4
2026-04-23T10:00,37.7,24,92,787.0,8.2
2026-04-23T11:00,38.6,22,100,909.0,8.9
2026-04-23T12:00,40.1,19,80,936.0,8.9
2026-04-23T13:00,40.9,17,74,846.0,10.3
2026-04-23T14:00,41.7,16,39,837.0,11.5
2026-04-23T15:00,41.6,15,19,669.0,10.9
2026-04-23T16:00,41.5,15,27,453.0,9.2
2026-04-23T17:00,40.6,14,95,246.0,9.8
2026-04-23T18:00,39.4,14,89,39.0,9.8
2026-04-23T19:00,37.8,15,92,0.0,6.8
2026-04-23T20:00,37.2,18,23,0.0,17.1
2026-04-23T21:00,34.8,28,31,0.0,18.6
2026-04-23T22:00,33.4,34,14,0.0,15.5
2026-04-23T23:00,32.5,39,2,0.0,14.2
2026-04-24T00:00,31.6,44,13,0.0,11.1
2026-04-24T01:00,30.6,47,3,0.0,8.3
2026-04-24T02:00,29.7,51,2,0.0,6.0
2026-04-24T03:00,29.1,52,5,0.0,5.6
2026-04-24T04:00,28.5,54,0,0.0,4.7
2026-04-24T05:00,28.0,57,0,0.0,0.5
2026-04-24T06:00,28.8,55,2,12.0,1.4
2026-04-24T07:00,30.8,49,9,152.0,4.3
2026-04-24T08:00,33.0,43,4,377.0,5.5
2026-04-24T09:00,35.5,34,0,601.0,4.8
2026-04-24T10:00,37.7,27,0,788.0,5.9
2026-04-24T11:00,38.0,24,2,915.0,6.9
2026-04-24T12:00,39.7,19,29,925.0,8.5
2026-04-24T13:00,40.4,17,17,851.0,9.7
2026-04-24T14:00,40.8,17,20,799.0,10.6
2026-04-24T15:00,40.6,17,11,625.0,10.9
2026-04-24T16:00,40.6,17,26,471.0,12.2
2026-04-24T17:00,40.0,16,27,250.0,17.4
2026-04-24T18:00,38.4,17,23,62.0,16.8
2026-04-24T19:00,37.2,18,30,0.0,14.9
2026-04-24T20:00,36.2,20,22,0.0,16.5
2026-04-24T21:00,34.4,34,11,0.0,22.2
2026-04-24T22:00,33.1,44,2,0.0,19.7
2026-04-24T23:00,32.4,48,4,0.0,17.0
2026-04-25T00:00,31.7,51,0,0.0,11.4
2026-04-25T01:00,30.5,55,0,0.0,4.6
2026-04-25T02:00,29.9,57,0,0.0,3.1
2026-04-25T03:00,29.3,59,0,0.0,5.1
2026-04-25T04:00,28.7,62,100,0.0,5.7
2026-04-25T05:00,28.2,65,100,0.0,4.5
2026-04-25T06:00,29.4,60,94,11.0,6.0
2026-04-25T07:00,31.8,42,100,150.0,7.9
2026-04-25T08:00,34.6,30,100,364.0,8.6
2026-04-25T09:00,36.6,25,85,580.0,9.2
2026-04-25T10:00,38.4,21,84,781.0,8.4
2026-04-25T11:00,38.8,20,72,901.0,6.1
2026-04-25T12:00,40.1,17,25,933.0,5.5
2026-04-25T13:00,41.1,15,43,938.0,5.8
2026-04-25T14:00,41.9,14,37,851.0,10.3
2026-04-25T15:00,41.7,14,56,701.0,17.3
2026-04-25T16:00,41.1,15,75,483.0,13.8
2026-04-25T17:00,41.0,13,98,216.0,12.5
2026-04-25T18:00,38.6,17,21,48.0,10.0
2026-04-25T19:00,36.7,19,10,0.0,6.4
2026-04-25T20:00,36.0,20,20,0.0,11.9
2026-04-25T21:00,34.3,35,78,0.0,16.1
2026-04-25T22:00,33.1,47,100,0.0,17.1
2026-04-25T23:00,32.7,49,100,0.0,15.9
2026-04-26T00:00,32.4,50,100,0.0,14.0
2026-04-26T01:00,31.7,53,100,0.0,11.1
2026-04-26T02:00,31.0,55,100,0.0,6.9
2026-04-26T03:00,30.1,58,99,0.0,3.8
2026-04-26T04:00,29.6,60,95,0.0,4.8
2026-04-26T05:00,29.0,58,74,0.0,4.8
2026-04-26T06:00,30.4,51,36,13.0,7.9
2026-04-26T07:00,32.7,40,35,154.0,8.5
2026-04-26T08:00,34.9,34,9,378.0,9.5
2026-04-26T09:00,36.9,28,0,604.0,10.1
2026-04-26T10:00,38.7,24,6,789.0,8.7
2026-04-26T11:00,39.0,22,23,918.0,7.5
2026-04-26T12:00,40.3,19,5,918.0,6.6
2026-04-26T13:00,41.1,16,6,931.0,4.6
2026-04-26T14:00,41.5,15,6,853.0,4.5
2026-04-26T15:00,41.9,14,21,692.0,6.0
2026-04-26T16:00,41.7,14,22,449.0,10.8
2026-04-26T17:00,40.7,14,11,247.0,11.2
2026-04-26T18:00,38.5,16,8,64.0,3.1
2026-04-26T19:00,37.1,18,15,0.0,1.0
2026-04-26T20:00,35.7,19,16,0.0,5.6
2026-04-26T21:00,35.2,19,34,0.0,10.1
2026-04-26T22:00,33.8,25,88,0.0,11.0
2026-04-26T23:00,32.7,39,62,0.0,11.5
2026-04-27T00:00,32.2,41,10,0.0,10.2
2026-04-27T01:00,31.6,37,12,0.0,8.4
2026-04-27T02:00,30.6,37,2,0.0,5.6
2026-04-27T03:00,29.8,39,6,0.0,5.6
2026-04-27T04:00,29.9,39,5,0.0,9.3
2026-04-27T05:00,30.1,42,0,0.0,12.6
2026-04-27T06:00,30.3,47,5,13.0,15.2
2026-04-27T07:00,31.5,57,30,156.0,15.9
2026-04-27T08:00,33.5,54,38,379.0,14.7
2026-04-27T09:00,35.7,44,0,597.0,13.0
2026-04-27T10:00,37.8,35,8,780.0,11.2
2026-04-27T11:00,38.3,32,28,879.0,10.2
2026-04-27T12:00,39.5,26,32,879.0,5.8
2026-04-27T13:00,40.3,23,33,804.0,1.2
2026-04-27T14:00,40.8,22,16,762.0,2.7
2026-04-27T15:00,40.9,20,29,642.0,5.8
2026-04-27T16:00,40.6,19,27,422.0,8.9
2026-04-27T17:00,40.3,17,13,225.0,12.4
2026-04-27T18:00,38.8,18,28,64.0,6.9
2026-04-27T19:00,37.0,20,14,0.0,1.3
2026-04-27T20:00,35.7,22,7,0.0,2.7
2026-04-27T21:00,35.1,23,8,0.0,1.1
2026-04-27T22:00,35.0,23,2,0.0,2.3
2026-04-27T23:00,33.1,40,16,0.0,15.1
2026-04-28T00:00,32.9,37,13,0.0,15.3
2026-04-28T01:00,32.6,30,2,0.0,11.8
2026-04-28T02:00,31.7,34,39,0.0,9.8
2026-04-28T03:00,30.9,38,2,0.0,9.2
2026-04-28T04:00,30.1,40,3,0.0,6.1
2026-04-28T05:00,30.2,45,0,0.0,7.0
2026-04-28T06:00,31.2,43,0,13.0,12.0
2026-04-28T07:00,32.3,52,0,155.0,14.6
2026-04-28T08:00,34.2,50,40,375.0,13.7
2026-04-28T09:00,36.2,43,13,592.0,12.8
2026-04-28T10:00,38.0,36,21,760.0,11.7
2026-04-28T11:00,38.3,34,16,833.0,11.8
2026-04-28T12:00,39.7,29,28,900.0,9.3
2026-04-28T13:00,40.8,25,36,873.0,5.5
2026-04-28T14:00,40.7,25,38,726.0,3.0
2026-04-28T15:00,40.0,25,60,601.0,7.5
2026-04-28T16:00,35.7,35,79,353.0,11.2
2026-04-28T17:00,35.8,31,52,124.0,15.3
2026-04-28T18:00,35.7,32,29,45.0,11.5
2026-04-28T19:00,34.5,36,26,0.0,9.6
2026-04-28T20:00,33.6,38,91,0.0,4.2
2026-04-28T21:00,33.6,37,99,0.0,5.0
2026-04-28T22:00,33.4,37,11,0.0,6.3
2026-04-28T23:00,32.3,39,45,0.0,9.1
2026-04-29T00:00,31.5,45,50,0.0,8.3
2026-04-29T01:00,30.7,49,46,0.0,5.4
2026-04-29T02:00,29.9,53,33,0.0,4.4
2026-04-29T03:00,29.5,54,95,0.0,5.0
2026-04-29T04:00,29.2,54,0,0.0,2.8
2026-04-29T05:00,29.4,50,99,0.0,8.8
2026-04-29T06:00,30.2,47,99,12.0,9.7
2026-04-29T07:00,31.7,42,100,136.0,10.1
2026-04-29T08:00,33.9,38,99,343.0,9.0
2026-04-29T09:00,35.9,34,61,570.0,9.8
2026-04-29T10:00,37.6,31,3,758.0,7.6
2026-04-29T11:00,36.5,33,92,902.0,7.4
2026-04-29T12:00,38.1,30,84,935.0,7.0
2026-04-29T13:00,38.9,27,79,892.0,7.6
2026-04-29T14:00,39.1,26,83,770.0,8.5
2026-04-29T15:00,39.2,25,55,625.0,7.9
2026-04-29T16:00,38.8,24,45,449.0,6.5
2026-04-29T17:00,39.7,21,23,226.0,5.9
2026-04-29T18:00,38.1,23,14,54.0,11.4
2026-04-29T19:00,36.7,27,12,0.0,12.0
2026-04-29T20:00,35.7,28,7,0.0,9.5
2026-04-29T21:00,34.4,32,5,0.0,6.4
2026-04-29T22:00,33.7,32,3,0.0,7.8
2026-04-29T23:00,33.2,36,6,0.0,9.3
2026-04-30T00:00,32.4,39,2,0.0,8.3
2026-04-30T01:00,31.4,43,10,0.0,9.5
2026-04-30T02:00,30.9,45,13,0.0,6.2
2026-04-30T03:00,30.3,46,2,0.0,5.8
2026-04-30T04:00,29.4,49,0,0.0,4.6
2026-04-30T05:00,29.5,43,0,0.0,8.3
2026-04-30T06:00,30.4,45,0,14.0,12.2
2026-04-30T07:00,31.2,56,1,157.0,14.7
2026-04-30T08:00,33.0,53,2,378.0,12.0
2026-04-30T09:00,35.1,45,8,594.0,11.6
2026-04-30T10:00,37.0,36,16,741.0,12.1
2026-04-30T11:00,37.4,32,33,856.0,11.5
2026-04-30T12:00,38.6,29,41,858.0,11.0
2026-04-30T13:00,39.5,27,38,864.0,10.9
2026-04-30T14:00,39.9,25,45,782.0,9.6
2026-04-30T15:00,39.9,24,34,597.0,9.4
2026-04-30T16:00,39.6,23,46,432.0,8.2
2026-04-30T17:00,39.8,20,13,225.0,8.8
2026-04-30T18:00,37.8,23,18,62.0,6.4
2026-04-30T19:00,36.5,26,17,0.0,15.1
2026-04-30T20:00,34.3,32,9,0.0,10.0
2026-04-30T21:00,33.6,33,16,0.0,6.4
2026-04-30T22:00,33.2,35,45,0.0,5.4
2026-04-30T23:00,32.5,38,53,0.0,4.5
2026-05-01T00:00,32.5,38,18,0.0,12.7
2026-05-01T01:00,32.1,36,4,0.0,12.6
2026-05-01T02:00,31.7,38,1,0.0,17.8
2026-05-01T03:00,30.9,48,0,0.0,16.0
2026-05-01T04:00,30.2,55,0,0.0,16.8
2026-05-01T05:00,29.2,59,0,0.0,15.3
2026-05-01T06:00,29.1,64,0,15.0,15.2
2026-05-01T07:00,30.3,62,0,158.0,16.6
2026-05-01T08:00,32.3,54,0,381.0,16.1
2026-05-01T09:00,34.9,42,0,601.0,16.2
2026-05-01T10:00,37.3,31,0,785.0,16.0
2026-05-01T11:00,37.1,30,0,912.0,15.5
2026-05-01T12:00,38.9,23,4,968.0,15.5
2026-05-01T13:00,40.2,19,2,933.0,15.8
2026-05-01T14:00,40.7,18,2,854.0,16.7
2026-05-01T15:00,40.8,18,2,698.0,15.6
2026-05-01T16:00,40.5,18,2,494.0,15.3
2026-05-01T17:00,40.1,16,13,265.0,15.7
2026-05-01T18:00,38.2,19,5,63.0,9.2
2026-05-01T19:00,35.9,22,0,0.0,6.1
2026-05-01T20:00,34.4,24,0,0.0,6.2
2026-05-01T21:00,33.2,26,2,0.0,6.0
2026-05-01T22:00,32.9,26,1,0.0,5.5
2026-05-01T23:00,32.1,28,0,0.0,6.1
2026-05-02T00:00,32.6,28,6,0.0,14.7
2026-05-02T01:00,32.0,35,0,0.0,15.7
2026-05-02T02:00,31.2,44,0,0.0,17.4
2026-05-02T03:00,30.4,51,9,0.0,17.8
2026-05-02T04:00,29.8,54,0,0.0,16.2
2026-05-02T05:00,29.1,58,0,0.0,10.6
2026-05-02T06:00,29.6,57,0,16.0,11.7
2026-05-02T07:00,31.0,54,0,163.0,14.0
2026-05-02T08:00,33.0,45,0,387.0,13.5
2026-05-02T09:00,35.1,38,0,608.0,12.7
2026-05-02T10:00,37.2,32,0,791.0,12.2
2026-05-02T11:00,38.1,28,9,916.0,10.6
2026-05-02T12:00,39.7,22,17,930.0,9.7
2026-05-02T13:00,40.5,19,5,885.0,9.1
2026-05-02T14:00,41.1,18,2,847.0,8.6
2026-05-02T15:00,41.5,17,13,706.0,8.1
2026-05-02T16:00,40.9,17,30,450.0,6.9
2026-05-02T17:00,39.8,16,17,238.0,11.6
2026-05-02T18:00,37.8,18,50,64.0,7.0
2026-05-02T19:00,35.6,20,100,0.0,2.0
2026-05-02T20:00,34.3,23,97,0.0,3.8
2026-05-02T21:00,34.8,21,98,0.0,2.8
2026-05-02T22:00,34.0,23,93,0.0,5.1
2026-05-02T23:00,33.0,25,96,0.0,9.0
2026-05-03T00:00,32.2,28,58,0.0,16.1
2026-05-03T01:00,31.4,39,92,0.0,24.0
2026-05-03T02:00,30.5,54,80,0.0,22.9
2026-05-03T03:00,29.7,58,73,0.0,6.4
2026-05-03T04:00,29.2,60,98,0.0,4.5
2026-05-03T05:00,29.3,63,96,0.0,6.0
2026-05-03T06:00,29.9,59,84,16.0,12.2
2026-05-03T07:00,31.0,54,78,162.0,16.3
2026-05-03T08:00,32.8,47,8,386.0,16.9
2026-05-03T09:00,34.9,39,14,607.0,15.7
2026-05-03T10:00,37.1,33,29,789.0,14.0
2026-05-03T11:00,37.6,30,71,913.0,13.7
2026-05-03T12:00,39.7,22,83,959.0,13.4
2026-05-03T13:00,40.6,19,88,916.0,14.3
2026-05-03T14:00,41.1,17,85,851.0,13.7
2026-05-03T15:00,41.5,16,37,695.0,13.4
2026-05-03T16:00,40.7,17,17,441.0,12.8
2026-05-03T17:00,39.4,16,62,241.0,11.2
2026-05-03T18:00,37.8,18,68,51.0,2.1
2026-05-03T19:00,36.2,20,54,0.0,1.4
2026-05-03T20:00,34.5,24,46,0.0,5.1
2026-05-03T21:00,33.9,25,24,0.0,4.7
2026-05-03T22:00,33.8,25,46,0.0,0.7
2026-05-03T23:00,31.6,37,4,0.0,13.0
2026-05-04T00:00,30.5,48,20,0.0,11.7
2026-05-04T01:00,29.7,53,59,0.0,5.2
2026-05-04T02:00,28.9,53,99,0.0,5.5
2026-05-04T03:00,28.7,47,84,0.0,9.2
2026-05-04T04:00,29.6,46,48,0.0,17.4
2026-05-04T05:00,28.4,52,5,0.0,8.6
2026-05-04T06:00,29.0,53,0,16.0,11.8
2026-05-04T07:00,30.3,58,0,162.0,14.2
2026-05-04T08:00,32.1,51,2,383.0,13.8
2026-05-04T09:00,34.1,42,17,601.0,12.6
2026-05-04T10:00,35.8,35,9,783.0,10.5
2026-05-04T11:00,36.4,31,2,908.0,8.7
2026-05-04T12:00,38.4,24,3,954.0,9.0
2026-05-04T13:00,39.6,20,4,934.0,10.6
2026-05-04T14:00,39.9,19,20,815.0,13.1
2026-05-04T15:00,39.5,17,31,612.0,13.9
2026-05-04T16:00,39.4,17,24,433.0,13.0
2026-05-04T17:00,38.8,16,27,227.0,10.8
2026-05-04T18:00,37.2,18,23,61.0,6.3
2026-05-04T19:00,35.0,21,9,0.0,4.8
2026-05-04T20:00,34.3,22,1,0.0,1.3
2026-05-04T21:00,33.6,23,13,0.0,0.4
2026-05-04T22:00,32.7,24,35,0.0,6.9
2026-05-04T23:00,32.2,32,4,0.0,16.2
2026-05-05T00:00,31.9,39,52,0.0,16.8
2026-05-05T01:00,31.1,40,5,0.0,11.2
2026-05-05T02:00,30.0,41,39,0.0,6.5
2026-05-05T03:00,29.7,41,73,0.0,8.4
2026-05-05T04:00,29.9,40,85,0.0,13.9
2026-05-05T05:00,29.2,42,86,0.0,15.0
2026-05-05T06:00,29.7,41,24,16.0,15.8
2026-05-05T07:00,31.4,39,5,154.0,16.8
2026-05-05T08:00,32.7,41,2,384.0,18.4
2026-05-05T09:00,34.4,37,1,599.0,15.8
2026-05-05T10:00,36.3,31,0,786.0,12.6
2026-05-05T11:00,36.5,31,3,905.0,8.9
2026-05-05T12:00,38.3,25,27,950.0,5.2
2026-05-05T13:00,39.1,22,45,816.0,4.9
2026-05-05T14:00,39.3,21,72,653.0,5.5
2026-05-05T15:00,39.0,21,98,477.0,7.3
2026-05-05T16:00,38.3,22,100,233.0,7.3
2026-05-05T17:00,36.8,25,100,74.0,17.8
2026-05-05T18:00,35.8,26,84,24.0,14.1
2026-05-05T19:00,35.7,26,95,0.0,11.1
2026-05-05T20:00,35.0,27,88,0.0,18.1
2026-05-05T21:00,33.3,40,80,0.0,20.7
2026-05-05T22:00,32.7,44,95,0.0,18.7
2026-05-05T23:00,31.8,51,35,0.0,19.2
2026-05-06T00:00,31.0,54,4,0.0,16.5
2026-05-06T01:00,30.2,57,7,0.0,7.0
2026-05-06T02:00,29.4,59,20,0.0,3.3
2026-05-06T03:00,29.1,59,4,0.0,3.8
2026-05-06T04:00,28.6,60,20,0.0,3.4
2026-05-06T05:00,28.9,58,63,0.0,3.6
2026-05-06T06:00,29.6,55,86,13.0,4.8
2026-05-06T07:00,30.6,49,23,90.0,3.8
2026-05-06T08:00,32.2,46,34,349.0,2.7
2026-05-06T09:00,34.1,40,2,562.0,6.4
2026-05-06T10:00,36.0,34,7,763.0,10.3
2026-05-06T11:00,36.2,34,28,863.0,10.3
2026-05-06T12:00,37.3,31,91,832.0,9.9
2026-05-06T13:00,35.0,37,80,590.0,10.5
2026-05-06T14:00,36.0,35,80,445.0,7.7
2026-05-06T15:00,35.6,36,88,322.0,12.6
2026-05-06T16:00,34.2,38,38,346.0,8.9
2026-05-06T17:00,36.5,31,7,209.0,13.0
2026-05-06T18:00,35.8,31,25,63.0,14.7
2026-05-06T19:00,34.7,32,17,0.0,17.2
2026-05-06T20:00,33.8,36,19,0.0,18.3
2026-05-06T21:00,32.9,40,6,0.0,18.4
2026-05-06T22:00,31.4,51,10,0.0,16.6
2026-05-06T23:00,31.2,55,20,0.0,14.8
2026-05-07T00:00,30.6,57,10,0.0,15.3
2026-05-07T01:00,29.9,61,1,0.0,14.9
2026-05-07T02:00,29.3,65,2,0.0,15.6
2026-05-07T03:00,28.7,69,26,0.0,14.8
2026-05-07T04:00,28.2,72,91,0.0,12.7
2026-05-07T05:00,27.8,74,0,0.0,10.4
2026-05-07T06:00,28.2,72,1,17.0,11.4
2026-05-07T07:00,29.5,65,0,163.0,11.1
2026-05-07T08:00,31.5,54,5,384.0,11.6
2026-05-07T09:00,33.5,44,0,603.0,8.3
2026-05-07T10:00,35.2,38,2,781.0,6.5
2026-05-07T11:00,35.8,36,27,888.0,6.9
2026-05-07T12:00,37.0,32,30,773.0,8.6
2026-05-07T13:00,37.8,30,22,814.0,9.9
2026-05-07T14:00,38.0,28,44,739.0,10.7
2026-05-07T15:00,37.5,29,24,501.0,11.4
2026-05-07T16:00,37.5,29,13,439.0,11.2
2026-05-07T17:00,37.1,25,16,250.0,13.7
2026-05-07T18:00,36.0,27,13,61.0,16.4
2026-05-07T19:00,33.8,37,11,0.0,20.9
2026-05-07T20:00,33.2,39,9,0.0,19.4
2026-05-07T21:00,32.0,46,14,0.0,19.0
2026-05-07T22:00,31.4,50,11,0.0,17.4
2026-05-07T23:00,30.8,56,9,0.0,19.6
2026-05-08T00:00,29.9,62,9,0.0,18.4
2026-05-08T01:00,29.2,65,5,0.0,15.7
2026-05-08T02:00,28.6,67,2,0.0,15.0
2026-05-08T03:00,27.8,71,0,0.0,13.9
2026-05-08T04:00,27.5,74,17,0.0,12.1
2026-05-08T05:00,26.8,77,59,0.0,8.1
2026-05-08T06:00,27.5,75,4,18.0,8.9
2026-05-08T07:00,28.7,69,80,165.0,9.4
2026-05-08T08:00,30.7,58,66,380.0,8.2
2026-05-08T09:00,32.9,47,31,600.0,9.7
2026-05-08T10:00,35.0,39,6,779.0,12.4
2026-05-08T11:00,36.3,34,19,865.0,14.3
2026-05-08T12:00,37.3,32,13,882.0,16.4
2026-05-08T13:00,37.9,31,17,867.0,16.0
2026-05-08T14:00,38.4,29,22,809.0,18.5
2026-05-08T15:00,36.5,33,13,644.0,19.3
2026-05-08T16:00,36.8,32,16,443.0,20.7
2026-05-08T17:00,35.6,31,23,234.0,21.1
2026-05-08T18:00,33.9,34,5,63.0,22.1
2026-05-08T19:00,32.3,42,4,0.0,21.8
2026-05-08T20:00,31.3,49,2,0.0,18.4
2026-05-08T21:00,30.2,56,2,0.0,16.9
2026-05-08T22:00,29.3,60,16,0.0,16.0
2026-05-08T23:00,28.6,64,91,0.0,14.5
2026-05-09T00:00,28.1,67,95,0.0,13.0
2026-05-09T01:00,27.6,70,100,0.0,11.4
2026-05-09T02:00,27.2,73,100,0.0,9.4
2026-05-09T03:00,26.8,75,98,0.0,8.4
2026-05-09T04:00,26.5,78,100,0.0,8.0
2026-05-09T05:00,26.4,80,2,0.0,9.1
2026-05-09T06:00,26.9,77,5,18.0,11.2
2026-05-09T07:00,28.2,70,18,164.0,9.9
2026-05-09T08:00,30.1,60,70,385.0,10.0
2026-05-09T09:00,32.1,51,34,601.0,10.4
2026-05-09T10:00,34.2,42,71,784.0,11.2
2026-05-09T11:00,35.5,39,65,900.0,11.6
2026-05-09T12:00,37.0,34,74,921.0,12.1
2026-05-09T13:00,37.7,30,92,834.0,14.5
2026-05-09T14:00,38.1,29,91,752.0,16.8
2026-05-09T15:00,38.3,28,81,622.0,16.2
2026-05-09T16:00,37.0,30,100,430.0,15.8
2026-05-09T17:00,36.3,28,73,188.0,19.0
2026-05-09T18:00,35.0,32,94,65.0,19.2
2026-05-09T19:00,33.9,36,12,0.0,17.6
2026-05-09T20:00,32.1,43,8,0.0,20.0
2026-05-09T21:00,31.0,48,13,0.0,18.4
2026-05-09T22:00,30.2,52,7,0.0,16.5
2026-05-09T23:00,29.9,57,13,0.0,14.4
2026-05-10T00:00,29.4,60,17,0.0,14.0
2026-05-10T01:00,28.8,64,98,0.0,11.6
2026-05-10T02:00,28.2,67,98,0.0,8.8
2026-05-10T03:00,27.6,71,100,0.0,9.0
2026-05-10T04:00,27.1,74,100,0.0,9.9
2026-05-10T05:00,27.0,76,100,0.0,9.7
2026-05-10T06:00,27.5,75,100,16.0,10.6
2026-05-10T07:00,28.6,69,100,146.0,10.0
2026-05-10T08:00,30.3,60,100,370.0,7.3
2026-05-10T09:00,32.4,50,100,580.0,8.0
2026-05-10T10:00,34.4,42,100,751.0,9.0
2026-05-10T11:00,35.3,39,100,863.0,9.6
2026-05-10T12:00,36.5,35,100,833.0,10.7
2026-05-10T13:00,37.3,33,100,730.0,10.9
2026-05-10T14:00,38.4,30,100,829.0,11.3
2026-05-10T15:00,38.2,30,100,597.0,13.6
2026-05-10T16:00,38.2,29,100,464.0,15.0
2026-05-10T17:00,36.3,29,100,220.0,17.2
2026-05-10T18:00,35.8,31,100,31.0,21.1
2026-05-10T19:00,34.5,35,100,0.0,20.0
2026-05-10T20:00,32.5,42,100,0.0,25.2
2026-05-10T21:00,31.2,50,100,0.0,20.1
2026-05-10T22:00,30.4,55,100,0.0,17.9
2026-05-10T23:00,29.7,60,100,0.0,16.0
2026-05-11T00:00,29.0,62,100,0.0,15.8
2026-05-11T01:00,28.1,68,85,0.0,15.5
2026-05-11T02:00,27.4,72,61,0.0,13.2
2026-05-11T03:00,27.0,75,67,0.0,9.4
2026-05-11T04:00,26.6,77,90,0.0,6.6
2026-05-11T05:00,26.7,80,73,0.0,5.8
2026-05-11T06:00,27.3,78,98,19.0,5.9
2026-05-11T07:00,28.6,71,99,168.0,3.3
2026-05-11T08:00,30.6,58,100,387.0,4.0
2026-05-11T09:00,32.8,46,94,604.0,5.0
2026-05-11T10:00,34.7,39,100,784.0,6.5
2026-05-11T11:00,35.5,37,25,881.0,6.5
2026-05-11T12:00,37.2,32,84,940.0,8.8
2026-05-11T13:00,37.9,30,94,879.0,12.1
2026-05-11T14:00,38.0,29,93,759.0,14.3
2026-05-11T15:00,37.6,29,84,538.0,15.1
2026-05-11T16:00,37.6,28,29,411.0,15.5
2026-05-11T17:00,37.8,23,20,222.0,18.0
2026-05-11T18:00,36.1,26,9,65.0,16.8
2026-05-11T19:00,34.9,28,19,0.0,13.8
2026-05-11T20:00,34.0,32,40,0.0,18.3
2026-05-11T21:00,32.2,42,42,0.0,19.6
2026-05-11T22:00,30.9,48,34,0.0,17.8
2026-05-11T23:00,30.1,54,0,0.0,15.6
2026-05-12T00:00,29.4,59,0,0.0,13.9
2026-05-12T01:00,28.5,64,32,0.0,11.2
2026-05-12T02:00,27.7,69,33,0.0,9.7
2026-05-12T03:00,27.0,74,35,0.0,8.5
2026-05-12T04:00,26.5,78,91,0.0,6.6
2026-05-12T05:00,26.3,81,93,0.0,3.9
2026-05-12T06:00,27.0,77,89,19.0,3.1
2026-05-12T07:00,28.4,68,51,170.0,1.2
2026-05-12T08:00,31.0,52,6,390.0,5.2
2026-05-12T09:00,33.3,41,4,606.0,6.6
2026-05-12T10:00,35.2,36,52,783.0,7.1
2026-05-12T11:00,35.0,40,47,902.0,9.3
2026-05-12T12:00,36.3,37,35,883.0,10.7
2026-05-12T13:00,37.1,34,14,844.0,12.5
2026-05-12T14:00,37.6,33,20,786.0,13.8
2026-05-12T15:00,37.3,35,20,598.0,13.2
2026-05-12T16:00,36.9,35,34,413.0,11.7
2026-05-12T17:00,36.2,33,16,228.0,13.5
2026-05-12T18:00,35.5,35,5,62.0,12.9
2026-05-12T19:00,34.9,37,12,0.0,13.6
2026-05-12T20:00,33.8,39,2,0.0,17.8
2026-05-12T21:00,32.5,44,2,0.0,19.8
2026-05-12T22:00,31.2,50,2,0.0,17.1
2026-05-12T23:00,30.7,53,5,0.0,16.2
2026-05-13T00:00,29.9,58,34,0.0,13.8
2026-05-13T01:00,29.1,63,88,0.0,13.2
2026-05-13T02:00,28.4,67,92,0.0,12.7
2026-05-13T03:00,27.9,71,69,0.0,11.2
2026-05-13T04:00,27.4,74,66,0.0,8.3
2026-05-13T05:00,26.8,77,67,0.0,8.1
2026-05-13T06:00,26.8,78,92,19.0,6.3
2026-05-13T07:00,28.2,71,98,160.0,4.1
2026-05-13T08:00,30.5,60,100,365.0,3.3
2026-05-13T09:00,33.2,44,99,580.0,2.0
2026-05-13T10:00,35.5,34,95,745.0,2.1
2026-05-13T11:00,36.4,30,68,878.0,5.6
2026-05-13T12:00,38.2,25,96,936.0,8.5
2026-05-13T13:00,38.9,23,76,873.0,11.5
2026-05-13T14:00,38.9,23,68,799.0,13.3
2026-05-13T15:00,38.7,24,27,606.0,10.8
2026-05-13T16:00,38.8,24,5,474.0,10.6
2026-05-13T17:00,37.9,25,46,248.0,11.3
2026-05-13T18:00,37.3,25,99,68.0,5.0
2026-05-13T19:00,36.0,27,100,0.0,7.8
2026-05-13T20:00,35.0,29,98,0.0,4.2
2026-05-13T21:00,34.0,31,60,0.0,3.6
2026-05-13T22:00,33.4,36,66,0.0,12.5
2026-05-13T23:00,32.3,46,62,0.0,12.2
2026-05-14T00:00,31.3,50,51,0.0,11.7
2026-05-14T01:00,30.4,53,85,0.0,12.2
2026-05-14T02:00,29.8,57,98,0.0,11.8
2026-05-14T03:00,29.3,59,100,0.0,8.9
2026-05-14T04:00,29.0,61,100,0.0,5.1
2026-05-14T05:00,28.1,66,100,0.0,6.7
2026-05-14T06:00,28.3,65,100,18.0,0.7
2026-05-14T07:00,29.7,60,99,140.0,5.8
2026-05-14T08:00,31.6,53,98,297.0,5.8
2026-05-14T09:00,34.4,42,81,514.0,4.1
2026-05-14T10:00,36.7,34,81,704.0,5.8
2026-05-14T11:00,36.9,32,45,811.0,6.0
2026-05-14T12:00,38.3,28,30,826.0,8.8
2026-05-14T13:00,39.3,25,9,912.0,11.6
2026-05-14T14:00,39.3,25,12,772.0,11.9
2026-05-14T15:00,39.3,26,5,631.0,11.1
2026-05-14T16:00,38.9,26,10,448.0,12.9
2026-05-14T17:00,38.6,25,41,240.0,10.3
2026-05-14T18:00,37.9,24,68,64.0,8.3
2026-05-14T19:00,36.6,28,57,0.0,14.4
2026-05-14T20:00,34.9,35,98,0.0,18.1
2026-05-14T21:00,34.0,39,99,0.0,20.1
2026-05-14T22:00,33.0,44,99,0.0,17.5
2026-05-14T23:00,32.7,49,98,0.0,16.7
2026-05-15T00:00,31.9,51,100,0.0,12.5
2026-05-15T01:00,31.3,53,100,0.0,9.4
2026-05-15T02:00,30.6,57,100,0.0,6.2
2026-05-15T03:00,30.2,59,100,0.0,3.4
2026-05-15T04:00,30.0,60,100,0.0,4.4
2026-05-15T05:00,29.7,64,100,0.0,1.8
2026-05-15T06:00,30.0,62,100,17.0,2.2
2026-05-15T07:00,31.2,55,100,125.0,3.3
2026-05-15T08:00,32.3,50,99,227.0,7.4
2026-05-15T09:00,34.1,43,100,431.0,11.8
2026-05-15T10:00,35.9,37,96,580.0,13.8
2026-05-15T11:00,36.3,37,95,777.0,11.1
2026-05-15T12:00,37.5,34,85,815.0,10.9
2026-05-15T13:00,38.5,32,93,830.0,12.7
2026-05-15T14:00,39.2,29,100,764.0,13.2
2026-05-15T15:00,38.8,29,100,483.0,13.0
2026-05-15T16:00,38.5,28,100,344.0,12.6
2026-05-15T17:00,38.8,25,100,184.0,12.1
2026-05-15T18:00,37.9,26,100,51.0,6.3
2026-05-15T19:00,36.9,28,99,0.0,3.6
2026-05-15T20:00,36.0,29,98,0.0,2.3
2026-05-15T21:00,35.1,31,91,0.0,2.3
2026-05-15T22:00,34.3,34,94,0.0,4.1
2026-05-15T23:00,33.5,40,78,0.0,7.3
2026-05-16T00:00,33.0,40,79,0.0,11.1
2026-05-16T01:00,31.6,52,20,0.0,13.7
2026-05-16T02:00,30.5,64,31,0.0,12.5
2026-05-16T03:00,30.4,63,38,0.0,11.6
2026-05-16T04:00,30.1,62,78,0.0,10.4
2026-05-16T05:00,30.0,66,59,0.0,4.6
2026-05-16T06:00,30.3,65,87,19.0,6.0
2026-05-16T07:00,31.7,59,51,152.0,7.0
2026-05-16T08:00,33.6,51,27,352.0,6.3
2026-05-16T09:00,35.6,41,15,563.0,6.0
2026-05-16T10:00,37.3,35,18,727.0,9.0
2026-05-16T11:00,37.9,31,21,807.0,12.5
2026-05-16T12:00,39.0,28,100,857.0,11.1
2026-05-16T13:00,38.0,29,100,442.0,16.9
2026-05-16T14:00,32.3,50,80,139.0,16.8
2026-05-16T15:00,34.6,41,57,338.0,9.5
2026-05-16T16:00,33.7,44,99,265.0,15.0
2026-05-16T17:00,35.7,37,99,86.0,7.5
2026-05-16T18:00,35.1,39,96,21.0,7.4
2026-05-16T19:00,34.3,43,100,0.0,8.0
2026-05-16T20:00,33.6,46,95,0.0,6.2
2026-05-16T21:00,33.3,47,99,0.0,3.4
2026-05-16T22:00,33.4,47,83,0.0,4.9
2026-05-16T23:00,33.1,53,76,0.0,19.6
2026-05-17T00:00,31.9,57,98,0.0,16.9
2026-05-17T01:00,31.5,56,100,0.0,15.2
2026-05-17T02:00,31.0,57,100,0.0,14.6
2026-05-17T03:00,30.3,59,75,0.0,13.0
2026-05-17T04:00,29.4,64,3,0.0,8.6
2026-05-17T05:00,29.5,62,26,0.0,6.7
2026-05-17T06:00,29.8,63,10,20.0,8.3
2026-05-17T07:00,30.8,61,5,157.0,8.4
2026-05-17T08:00,32.5,54,0,363.0,7.6
2026-05-17T09:00,34.4,46,5,571.0,6.7
2026-05-17T10:00,36.2,39,33,746.0,6.7
2026-05-17T11:00,36.6,38,40,867.0,8.0
2026-05-17T12:00,38.1,32,34,918.0,8.8
2026-05-17T13:00,39.0,28,24,882.0,9.9
2026-05-17T14:00,39.6,24,34,792.0,12.4
2026-05-17T15:00,39.3,23,41,590.0,15.4
2026-05-17T16:00,38.4,26,23,354.0,15.7
2026-05-17T17:00,38.0,25,14,239.0,10.6
2026-05-17T18:00,37.4,26,16,65.0,3.9
2026-05-17T19:00,36.4,29,98,0.0,12.9
2026-05-17T20:00,36.0,31,100,0.0,13.8
2026-05-17T21:00,35.8,32,100,0.0,16.1
2026-05-17T22:00,33.4,50,72,0.0,19.2
2026-05-17T23:00,32.2,56,95,0.0,19.0
2026-05-18T00:00,31.5,60,61,0.0,17.1
2026-05-18T01:00,31.1,63,98,0.0,13.4
2026-05-18T02:00,30.8,64,99,0.0,12.1
2026-05-18T03:00,30.4,65,97,0.0,11.4
2026-05-18T04:00,30.2,64,95,0.0,11.6
2026-05-18T05:00,29.3,71,98,0.0,9.5
2026-05-18T06:00,29.6,69,72,20.0,7.7
2026-05-18T07:00,30.7,64,79,162.0,6.5
2026-05-18T08:00,32.4,56,98,370.0,4.6
2026-05-18T09:00,34.5,46,98,576.0,3.8
2026-05-18T10:00,36.4,37,95,745.0,3.5
2026-05-18T11:00,36.5,35,77,865.0,1.9
2026-05-18T12:00,38.5,31,96,907.0,7.4
2026-05-18T13:00,39.0,31,95,892.0,12.8
2026-05-18T14:00,38.8,31,80,790.0,13.6
2026-05-18T15:00,38.8,32,88,649.0,11.5
2026-05-18T16:00,38.5,32,68,419.0,10.0
2026-05-18T17:00,37.1,33,99,217.0,14.5
2026-05-18T18:00,36.3,36,98,59.0,13.3
2026-05-18T19:00,35.7,38,96,0.0,10.1
2026-05-18T20:00,35.4,38,94,0.0,6.8
2026-05-18T21:00,35.5,37,74,0.0,7.8
2026-05-18T22:00,35.0,38,50,0.0,9.8
2026-05-18T23:00,32.5,46,45,0.0,18.8
2026-05-19T00:00,31.0,52,52,0.0,12.4
2026-05-19T01:00,30.7,55,95,0.0,12.2
2026-05-19T02:00,30.5,58,93,0.0,13.1
2026-05-19T03:00,30.5,59,92,0.0,15.9
2026-05-19T04:00,29.9,61,88,0.0,18.3
2026-05-19T05:00,28.5,71,91,0.0,16.9
2026-05-19T06:00,28.9,69,91,20.0,17.6
2026-05-19T07:00,30.3,64,83,153.0,18.9
2026-05-19T08:00,31.9,59,81,351.0,20.0
2026-05-19T09:00,33.9,51,99,560.0,18.6
2026-05-19T10:00,35.8,45,100,735.0,17.1
2026-05-19T11:00,36.5,40,99,773.0,13.9
2026-05-19T12:00,37.4,38,98,816.0,13.0
2026-05-19T13:00,38.6,34,100,854.0,12.5
2026-05-19T14:00,38.9,33,100,788.0,13.3
2026-05-19T15:00,38.4,33,99,585.0,13.7
2026-05-19T16:00,38.4,32,98,397.0,12.4
2026-05-19T17:00,37.4,30,100,238.0,13.0
2026-05-19T18:00,36.7,32,100,50.0,12.6
2026-05-19T19:00,36.2,35,100,0.0,13.1
2026-05-19T20:00,34.4,43,92,0.0,17.5
2026-05-19T21:00,33.5,45,82,0.0,20.0
2026-05-19T22:00,32.9,48,94,0.0,19.1
2026-05-19T23:00,32.5,50,77,0.0,17.8
2026-05-20T00:00,32.0,52,95,0.0,18.1
2026-05-20T01:00,31.4,55,92,0.0,19.5
2026-05-20T02:00,30.8,57,96,0.0,20.7
2026-05-20T03:00,30.3,59,96,0.0,20.6
2026-05-20T04:00,29.9,62,98,0.0,20.6
2026-05-20T05:00,29.8,64,98,0.0,17.7
2026-05-20T06:00,29.8,61,91,20.0,17.9
2026-05-20T07:00,30.7,57,88,154.0,18.4
2026-05-20T08:00,32.1,53,91,356.0,17.8
2026-05-20T09:00,34.0,48,83,571.0,18.2
2026-05-20T10:00,35.8,43,91,746.0,18.2
2026-05-20T11:00,36.5,40,98,861.0,19.3
2026-05-20T12:00,38.0,36,95,903.0,18.6
2026-05-20T13:00,38.9,32,100,884.0,16.4
2026-05-20T14:00,39.1,31,100,712.0,15.4
2026-05-20T15:00,39.3,29,99,587.0,13.7
2026-05-20T16:00,39.0,29,99,418.0,12.7
2026-05-20T17:00,38.7,28,99,216.0,12.2
2026-05-20T18:00,37.4,30,100,68.0,14.2
2026-05-20T19:00,36.5,31,87,0.0,13.8
2026-05-20T20:00,36.0,35,87,0.0,17.1
2026-05-20T21:00,34.9,39,86,0.0,15.2
2026-05-20T22:00,34.4,40,85,0.0,16.0
2026-05-20T23:00,34.2,42,55,0.0,17.6
2026-05-21T00:00,33.2,45,88,0.0,23.7
2026-05-21T01:00,31.8,54,94,0.0,24.6
2026-05-21T02:00,30.8,59,96,0.0,23.1
2026-05-21T03:00,30.2,62,95,0.0,22.0
2026-05-21T04:00,29.7,64,96,0.0,20.1
2026-05-21T05:00,29.5,68,46,0.0,16.9
2026-05-21T06:00,29.6,67,36,21.0,18.4
2026-05-21T07:00,30.8,61,74,158.0,18.9
2026-05-21T08:00,32.4,53,87,361.0,18.8
2026-05-21T09:00,34.3,46,77,563.0,19.3
2026-05-21T10:00,36.1,42,56,748.0,20.3
2026-05-21T11:00,37.3,39,66,875.0,18.9
2026-05-21T12:00,38.8,34,95,926.0,16.3
2026-05-21T13:00,39.8,32,94,880.0,14.5
2026-05-21T14:00,40.3,30,99,792.0,12.4
2026-05-21T15:00,40.5,28,100,584.0,9.8
2026-05-21T16:00,40.7,26,90,460.0,7.3
2026-05-21T17:00,39.2,28,83,235.0,9.1
2026-05-21T18:00,38.0,30,34,70.0,11.8
2026-05-21T19:00,37.1,31,5,0.0,12.0
2026-05-21T20:00,36.3,31,4,0.0,9.4
2026-05-21T21:00,35.6,33,22,0.0,11.0
2026-05-21T22:00,32.0,48,46,0.0,21.6
2026-05-21T23:00,33.5,42,76,0.0,22.1
2026-05-22T00:00,32.4,47,84,0.0,23.3
2026-05-22T01:00,31.7,50,84,0.0,23.4
2026-05-22T02:00,30.9,56,70,0.0,26.6
2026-05-22T03:00,29.9,63,55,0.0,26.1
2026-05-22T04:00,29.5,64,26,0.0,22.6
2026-05-22T05:00,27.4,76,100,0.0,24.5
2026-05-22T06:00,27.7,73,95,6.0,19.8
2026-05-22T07:00,29.0,66,88,119.0,18.5
2026-05-22T08:00,30.8,58,86,287.0,17.9
2026-05-22T09:00,32.8,51,90,523.0,18.3
2026-05-22T10:00,34.8,44,80,722.0,16.2
2026-05-22T11:00,33.4,47,42,830.0,17.0
2026-05-22T12:00,34.5,43,85,783.0,20.0
2026-05-22T13:00,36.1,38,86,838.0,19.8
2026-05-22T14:00,36.7,36,45,767.0,18.6
2026-05-22T15:00,37.0,34,16,616.0,18.1
2026-05-22T16:00,36.6,34,6,447.0,16.6
2026-05-22T17:00,35.8,38,11,248.0,15.1
2026-05-22T18:00,34.7,42,38,70.0,16.7
2026-05-22T19:00,34.0,45,98,0.0,15.6
2026-05-22T20:00,33.6,46,80,0.0,13.9
2026-05-22T21:00,32.6,49,80,0.0,13.5
2026-05-22T22:00,28.9,71,58,0.0,17.3
2026-05-22T23:00,30.8,58,41,0.0,17.9
2026-05-23T00:00,30.0,62,9,0.0,26.5
2026-05-23T01:00,29.3,66,24,0.0,24.7
2026-05-23T02:00,28.6,70,45,0.0,24.1
2026-05-23T03:00,28.6,67,18,0.0,21.4
2026-05-23T04:00,28.7,66,5,0.0,19.4
2026-05-23T05:00,28.9,66,18,0.0,17.8
2026-05-23T06:00,28.7,67,2,20.0,18.7
2026-05-23T07:00,29.8,64,2,160.0,19.5
2026-05-23T08:00,31.4,59,15,363.0,18.6
2026-05-23T09:00,33.3,53,48,562.0,17.7
2026-05-23T10:00,35.2,47,30,733.0,18.0
2026-05-23T11:00,35.5,45,93,804.0,14.5
2026-05-23T12:00,35.8,44,91,673.0,14.5
2026-05-23T13:00,36.3,42,89,700.0,11.7
2026-05-23T14:00,36.6,41,84,633.0,12.6
2026-05-23T15:00,31.3,57,97,563.0,28.1
2026-05-23T16:00,30.9,58,98,180.0,20.7
2026-05-23T17:00,35.6,43,18,177.0,17.4
2026-05-23T18:00,34.5,45,24,71.0,11.9
2026-05-23T19:00,27.1,81,16,0.0,13.3
2026-05-23T20:00,27.7,81,2,0.0,12.1
2026-05-23T21:00,29.3,66,29,0.0,15.4
2026-05-23T22:00,29.0,60,3,0.0,27.6
2026-05-23T23:00,29.4,64,82,0.0,27.5
2026-05-24T00:00,29.3,69,86,0.0,26.5
2026-05-24T01:00,29.4,69,65,0.0,23.1
2026-05-24T02:00,29.0,70,95,0.0,19.6
2026-05-24T03:00,28.9,71,99,0.0,17.2
2026-05-24T04:00,28.7,72,96,0.0,15.9
2026-05-24T05:00,27.1,75,98,0.0,21.1
2026-05-24T06:00,27.3,74,51,20.0,18.1
2026-05-24T07:00,28.6,67,25,158.0,16.0
2026-05-24T08:00,30.6,58,17,357.0,16.3
2026-05-24T09:00,32.7,50,14,558.0,18.4
2026-05-24T10:00,35.0,41,23,737.0,18.8
2026-05-24T11:00,35.3,38,54,832.0,22.5
2026-05-24T12:00,35.4,37,33,735.0,22.5
2026-05-24T13:00,36.2,37,3,832.0,21.8
2026-05-24T14:00,36.3,38,25,799.0,20.4
2026-05-24T15:00,36.5,38,41,668.0,19.6
2026-05-24T16:00,36.4,38,52,473.0,14.1
2026-05-24T17:00,36.8,34,13,236.0,13.4
2026-05-24T18:00,35.7,36,6,73.0,7.1
2026-05-24T19:00,33.8,41,5,1.0,5.6
2026-05-24T20:00,32.8,45,1,0.0,5.1
2026-05-24T21:00,32.4,47,2,0.0,10.6
2026-05-24T22:00,32.3,47,1,0.0,16.7
2026-05-24T23:00,31.3,47,80,0.0,15.2
2026-05-25T00:00,31.2,48,100,0.0,20.2
2026-05-25T01:00,31.0,51,98,0.0,20.2
2026-05-25T02:00,30.2,57,66,0.0,20.6
2026-05-25T03:00,29.5,61,60,0.0,21.5
2026-05-25T04:00,28.9,65,43,0.0,22.3
2026-05-25T05:00,27.9,69,27,0.0,20.3
2026-05-25T06:00,27.9,71,20,21.0,19.0
2026-05-25T07:00,29.0,68,45,155.0,19.5
2026-05-25T08:00,30.6,64,45,325.0,19.4
2026-05-25T09:00,32.3,59,42,478.0,18.6
2026-05-25T10:00,34.3,51,30,614.0,18.9
2026-05-25T11:00,34.6,49,25,772.0,17.1
2026-05-25T12:00,36.3,43,7,838.0,16.8
2026-05-25T13:00,37.5,39,13,871.0,16.4
2026-05-25T14:00,38.0,37,16,781.0,16.2
2026-05-25T15:00,37.9,36,14,621.0,14.9
2026-05-25T16:00,37.1,36,48,446.0,13.6
2026-05-25T17:00,38.0,29,16,223.0,9.2
2026-05-25T18:00,35.5,36,9,72.0,3.1
2026-05-25T19:00,33.8,39,2,1.0,3.9
2026-05-25T20:00,32.8,40,23,0.0,5.6
2026-05-25T21:00,32.3,41,6,0.0,4.6
2026-05-25T22:00,31.6,42,4,0.0,7.5
2026-05-25T23:00,32.3,43,2,0.0,15.9
2026-05-26T00:00,31.1,47,1,0.0,14.0
2026-05-26T01:00,31.0,51,3,0.0,18.0
2026-05-26T02:00,30.5,58,9,0.0,22.1
2026-05-26T03:00,29.6,65,5,0.0,23.6
2026-05-26T04:00,28.9,70,18,0.0,22.7
2026-05-26T05:00,27.7,77,11,0.0,18.6
2026-05-26T06:00,27.8,76,1,22.0,15.7
2026-05-26T07:00,29.4,69,16,166.0,17.3
2026-05-26T08:00,31.3,62,4,347.0,18.6
2026-05-26T09:00,33.4,55,14,568.0,19.3
2026-05-26T10:00,35.5,47,17,744.0,18.6
2026-05-26T11:00,36.4,44,16,830.0,16.4
2026-05-26T12:00,37.7,39,17,881.0,16.0
2026-05-26T13:00,38.5,37,21,881.0,15.7
2026-05-26T14:00,38.9,35,18,754.0,13.4
2026-05-26T15:00,39.2,34,56,636.0,13.1
2026-05-26T16:00,38.4,35,71,430.0,12.4
2026-05-26T17:00,35.7,37,48,212.0,19.9
2026-05-26T18:00,34.7,40,20,61.0,8.4
2026-05-26T19:00,33.4,44,20,1.0,9.0
2026-05-26T20:00,31.8,51,35,0.0,17.0
2026-05-26T21:00,29.3,62,30,0.0,13.8
2026-05-26T22:00,29.3,61,57,0.0,15.7
2026-05-26T23:00,29.9,59,98,0.0,24.5
2026-05-27T00:00,29.8,53,99,0.0,23.2
2026-05-27T01:00,29.5,55,94,0.0,23.4
2026-05-27T02:00,29.1,58,84,0.0,19.9
2026-05-27T03:00,29.0,60,82,0.0,16.6
2026-05-27T04:00,29.0,64,97,0.0,12.5
2026-05-27T05:00,26.7,78,100,0.0,13.9
2026-05-27T06:00,27.1,74,100,7.0,15.2
2026-05-27T07:00,27.5,74,98,39.0,12.4
2026-05-27T08:00,29.0,69,100,210.0,10.9
2026-05-27T09:00,30.0,64,100,280.0,13.6
2026-05-27T10:00,31.0,60,100,315.0,14.8
2026-05-27T11:00,30.1,58,98,488.0,19.5
2026-05-27T12:00,31.4,52,98,578.0,17.3
2026-05-27T13:00,33.0,44,91,718.0,15.8
2026-05-27T14:00,34.4,38,38,766.0,17.1
2026-05-27T15:00,34.9,35,64,661.0,15.0
2026-05-27T16:00,34.7,35,80,460.0,13.8
2026-05-27T17:00,33.2,42,65,234.0,10.3
2026-05-27T18:00,32.3,44,97,74.0,6.8
2026-05-27T19:00,31.0,48,91,1.0,4.9
2026-05-27T20:00,30.2,52,96,0.0,6.7
2026-05-27T21:00,29.7,54,100,0.0,6.7
2026-05-27T22:00,29.4,56,99,0.0,7.9
2026-05-27T23:00,28.8,62,100,0.0,10.2
2026-05-28T00:00,28.4,64,100,0.0,8.6
2026-05-28T01:00,28.1,65,99,0.0,9.4
2026-05-28T02:00,27.8,66,100,0.0,10.3
2026-05-28T03:00,27.7,68,100,0.0,12.1
2026-05-28T04:00,27.6,69,98,0.0,13.9
2026-05-28T05:00,27.1,73,89,0.0,14.8
2026-05-28T06:00,27.7,76,67,22.0,15.4
2026-05-28T07:00,29.1,72,93,167.0,19.7
2026-05-28T08:00,30.7,66,70,371.0,18.9
2026-05-28T09:00,32.9,57,36,578.0,17.5
2026-05-28T10:00,34.9,49,23,726.0,16.2
2026-05-28T11:00,35.1,49,8,822.0,15.9
2026-05-28T12:00,36.7,44,13,886.0,15.8
2026-05-28T13:00,37.7,40,16,896.0,13.6
2026-05-28T14:00,38.2,38,33,802.0,12.5
2026-05-28T15:00,38.1,37,25,632.0,12.3
2026-05-28T16:00,37.9,36,27,460.0,11.0
2026-05-28T17:00,37.2,36,30,227.0,8.6
2026-05-28T18:00,36.0,40,11,73.0,5.5
2026-05-28T19:00,34.2,46,41,1.0,2.6
2026-05-28T20:00,33.2,50,61,0.0,3.4
2026-05-28T21:00,32.3,54,84,0.0,4.0
2026-05-28T22:00,31.8,55,88,0.0,5.8
2026-05-28T23:00,31.3,60,98,0.0,3.9
2026-05-29T00:00,30.1,63,98,0.0,20.1
2026-05-29T01:00,26.9,80,99,0.0,21.9
2026-05-29T02:00,28.0,76,63,0.0,20.2
2026-05-29T03:00,28.1,76,73,0.0,21.8
2026-05-29T04:00,28.3,73,19,0.0,23.4
2026-05-29T05:00,27.5,73,99,0.0,14.1
2026-05-29T06:00,27.7,71,20,11.0,14.0
2026-05-29T07:00,28.9,65,18,160.0,14.6
2026-05-29T08:00,30.6,59,30,368.0,14.2
2026-05-29T09:00,32.6,52,62,578.0,14.5
2026-05-29T10:00,34.8,45,45,742.0,14.3
2026-05-29T11:00,34.3,47,79,863.0,12.6
2026-05-29T12:00,36.2,43,84,881.0,15.2
2026-05-29T13:00,37.1,41,89,858.0,15.9
2026-05-29T14:00,37.2,40,89,736.0,15.0
2026-05-29T15:00,37.0,39,92,528.0,14.6
2026-05-29T16:00,36.3,41,97,370.0,5.3
2026-05-29T17:00,36.0,37,80,170.0,10.2
2026-05-29T18:00,34.2,42,77,72.0,4.4
2026-05-29T19:00,32.5,48,51,1.0,3.8
2026-05-29T20:00,31.7,51,76,0.0,2.7
2026-05-29T21:00,31.4,51,65,0.0,2.4
2026-05-29T22:00,30.7,52,61,0.0,4.6
2026-05-29T23:00,31.6,47,47,0.0,10.2
2026-05-30T00:00,29.2,54,22,0.0,23.2
2026-05-30T01:00,28.9,60,19,0.0,25.2
2026-05-30T02:00,28.2,65,77,0.0,24.4
2026-05-30T03:00,27.9,69,94,0.0,22.7
2026-05-30T04:00,27.6,72,98,0.0,22.2
2026-05-30T05:00,27.7,75,23,0.0,19.3
2026-05-30T06:00,28.0,72,20,22.0,14.8
2026-05-30T07:00,29.5,65,90,169.0,15.0
2026-05-30T08:00,31.3,59,94,378.0,15.8
2026-05-30T09:00,33.2,54,45,577.0,17.8
2026-05-30T10:00,35.2,48,38,757.0,16.6
2026-05-30T11:00,35.5,45,55,857.0,14.1
2026-05-30T12:00,36.4,43,66,817.0,12.9
2026-05-30T13:00,32.3,55,91,803.0,7.8
2026-05-30T14:00,29.4,61,98,429.0,5.7
2026-05-30T15:00,27.2,74,93,213.0,7.1
2026-05-30T16:00,27.6,83,95,269.0,5.3
2026-05-30T17:00,28.2,90,95,219.0,10.1
2026-05-30T18:00,27.5,93,91,57.0,14.5
2026-05-30T19:00,28.2,71,95,1.0,16.3
2026-05-30T20:00,27.9,68,99,0.0,17.2
2026-05-30T21:00,28.1,66,95,0.0,14.5
2026-05-30T22:00,28.1,66,55,0.0,16.8
2026-05-30T23:00,28.4,61,9,0.0,19.4
2026-05-31T00:00,27.7,62,34,0.0,18.9
2026-05-31T01:00,27.4,62,45,0.0,18.3
2026-05-31T02:00,27.2,62,17,0.0,19.0
2026-05-31T03:00,27.2,62,15,0.0,18.8
2026-05-31T04:00,27.3,62,46,0.0,17.0
2026-05-31T05:00,27.2,71,99,0.0,13.5
2026-05-31T06:00,27.6,73,99,20.0,13.7
2026-05-31T07:00,28.9,69,100,147.0,14.5
2026-05-31T08:00,30.4,64,99,333.0,15.0
2026-05-31T09:00,32.4,58,95,555.0,14.7
2026-05-31T10:00,34.6,50,96,740.0,15.0
2026-05-31T11:00,35.5,47,84,780.0,15.3
2026-05-31T12:00,36.8,42,56,880.0,15.4
2026-05-31T13:00,37.7,39,87,856.0,13.2
2026-05-31T14:00,38.1,37,67,753.0,13.3
2026-05-31T15:00,37.9,36,25,613.0,12.7
2026-05-31T16:00,36.6,38,71,450.0,13.9
2026-05-31T17:00,36.8,29,22,200.0,9.3
2026-05-31T18:00,34.9,37,19,74.0,2.3
2026-05-31T19:00,33.3,39,16,1.0,1.1
2026-05-31T20:00,31.9,44,16,0.0,3.3
2026-05-31T21:00,31.4,46,23,0.0,2.8
2026-05-31T22:00,30.6,47,43,0.0,7.0
2026-05-31T23:00,30.2,48,96,0.0,7.2
2026-06-01T00:00,29.2,51,96,0.0,11.5
2026-06-01T01:00,28.9,53,47,0.0,17.3
2026-06-01T02:00,25.1,84,49,0.0,18.4
2026-06-01T03:00,25.1,85,43,0.0,15.2
2026-06-01T04:00,25.0,87,40,0.0,12.0
2026-06-01T05:00,27.0,74,30,0.0,18.6
2026-06-01T06:00,26.9,74,97,21.0,16.5
2026-06-01T07:00,27.5,69,60,70.0,19.3
2026-06-01T08:00,30.2,59,81,360.0,20.7
2026-06-01T09:00,31.9,53,9,508.0,18.4
2026-06-01T10:00,34.1,45,11,758.0,14.9
2026-06-01T11:00,32.1,51,100,879.0,11.2
2026-06-01T12:00,32.9,49,100,468.0,10.2
2026-06-01T13:00,32.6,50,100,283.0,9.1
2026-06-01T14:00,33.3,48,71,361.0,8.8
2026-06-01T15:00,34.3,45,90,471.0,5.1
2026-06-01T16:00,34.2,45,45,318.0,5.2
2026-06-01T17:00,35.8,32,38,238.0,8.0
2026-06-01T18:00,34.1,36,38,77.0,7.5
2026-06-01T19:00,32.7,39,22,1.0,7.3
2026-06-01T20:00,32.0,43,11,0.0,9.0
2026-06-01T21:00,31.0,48,4,0.0,6.0
2026-06-01T22:00,30.2,51,20,0.0,6.9
2026-06-01T23:00,29.4,54,65,0.0,4.9
2026-06-02T00:00,29.2,55,18,0.0,7.0
2026-06-02T01:00,28.4,58,82,0.0,4.2
2026-06-02T02:00,28.7,56,38,0.0,8.1
2026-06-02T03:00,28.8,54,22,0.0,13.9
2026-06-02T04:00,28.1,60,24,0.0,15.2
2026-06-02T05:00,27.6,67,13,0.0,13.9
2026-06-02T06:00,27.9,68,25,22.0,13.1
2026-06-02T07:00,29.5,62,19,160.0,15.4
2026-06-02T08:00,31.2,56,0,359.0,16.0
2026-06-02T09:00,33.0,48,1,582.0,14.4
2026-06-02T10:00,34.5,42,4,754.0,11.6
2026-06-02T11:00,35.3,38,11,859.0,10.6
2026-06-02T12:00,36.5,35,5,895.0,9.2
2026-06-02T13:00,37.3,33,11,894.0,7.3
2026-06-02T14:00,37.4,32,15,787.0,5.3
2026-06-02T15:00,37.4,31,13,643.0,3.4
2026-06-02T16:00,37.2,31,16,457.0,2.3
2026-06-02T17:00,37.4,31,12,255.0,9.1
2026-06-02T18:00,35.8,32,38,81.0,12.6
2026-06-02T19:00,32.4,58,53,1.0,2.4
2026-06-02T20:00,26.4,82,77,0.0,24.1
2026-06-02T21:00,27.6,72,42,0.0,11.3
2026-06-02T22:00,27.7,75,20,0.0,10.3
2026-06-02T23:00,27.9,73,100,0.0,12.2
2026-06-03T00:00,28.4,67,100,0.0,14.9
2026-06-03T01:00,27.7,70,100,0.0,15.9
2026-06-03T02:00,27.0,76,88,0.0,14.0
2026-06-03T03:00,26.8,76,78,0.0,15.7
2026-06-03T04:00,26.7,80,100,0.0,13.6
2026-06-03T05:00,26.8,78,6,0.0,16.5
2026-06-03T06:00,27.0,78,91,22.0,14.5
2026-06-03T07:00,28.2,73,86,113.0,14.5
2026-06-03T08:00,29.6,67,86,294.0,15.5
2026-06-03T09:00,31.4,60,62,503.0,14.9
2026-06-03T10:00,32.8,54,34,626.0,14.3
2026-06-03T11:00,33.5,49,100,766.0,14.9
2026-06-03T12:00,33.9,45,8,584.0,15.4
2026-06-03T13:00,35.1,41,5,885.0,14.3
2026-06-03T14:00,35.5,39,10,802.0,12.8
2026-06-03T15:00,35.6,38,8,653.0,10.8
2026-06-03T16:00,35.4,38,8,474.0,11.3
2026-06-03T17:00,34.5,40,55,265.0,12.9
2026-06-03T18:00,33.2,44,48,72.0,5.9
2026-06-03T19:00,32.0,48,48,1.0,13.6
2026-06-03T20:00,31.1,53,48,0.0,13.1
2026-06-03T21:00,29.8,61,45,0.0,16.5
2026-06-03T22:00,28.9,65,86,0.0,15.7
2026-06-03T23:00,26.4,91,96,0.0,11.8
2026-06-04T00:00,26.8,89,81,0.0,8.6
2026-06-04T01:00,26.7,89,86,0.0,7.5
2026-06-04T02:00,26.7,89,91,0.0,8.7
2026-06-04T03:00,26.9,83,95,0.0,11.5
2026-06-04T04:00,27.1,73,84,0.0,15.1
2026-06-04T05:00,26.7,75,48,0.0,19.0
2026-06-04T06:00,26.8,73,91,22.0,18.6
2026-06-04T07:00,27.9,67,97,147.0,20.1
2026-06-04T08:00,29.4,61,88,356.0,19.3
2026-06-04T09:00,31.1,54,78,546.0,18.2
2026-06-04T10:00,32.7,49,80,706.0,17.7
2026-06-04T11:00,33.3,46,86,832.0,15.0
2026-06-04T12:00,34.5,42,72,883.0,13.9
2026-06-04T13:00,35.5,39,21,893.0,12.4
2026-06-04T14:00,35.9,38,41,781.0,12.5
2026-06-04T15:00,35.8,38,46,629.0,11.7
2026-06-04T16:00,35.5,38,57,453.0,11.1
2026-06-04T17:00,35.2,40,63,261.0,11.6
2026-06-04T18:00,33.9,44,74,82.0,8.7
2026-06-04T19:00,32.5,47,66,1.0,8.5
2026-06-04T20:00,32.3,47,78,0.0,12.1
2026-06-04T21:00,30.0,57,91,0.0,14.3
2026-06-04T22:00,29.3,65,80,0.0,8.5
2026-06-04T23:00,30.7,53,64,0.0,18.1
2026-06-05T00:00,29.5,58,87,0.0,18.5
2026-06-05T01:00,28.9,61,89,0.0,18.8
2026-06-05T02:00,28.3,64,68,0.0,18.2
2026-06-05T03:00,27.9,66,70,0.0,18.9
2026-06-05T04:00,27.5,66,39,0.0,19.0
2026-06-05T05:00,27.6,67,86,0.0,21.2
2026-06-05T06:00,27.7,67,73,22.0,21.1
2026-06-05T07:00,28.9,63,66,169.0,21.8
2026-06-05T08:00,30.2,59,62,377.0,20.7
2026-06-05T09:00,32.0,53,66,584.0,22.3
2026-06-05T10:00,33.5,48,73,727.0,20.9
2026-06-05T11:00,34.5,46,78,848.0,19.1
2026-06-05T12:00,35.2,44,54,877.0,18.6
2026-06-05T13:00,35.8,42,13,828.0,18.2
2026-06-05T14:00,36.5,40,39,811.0,16.4
2026-06-05T15:00,32.7,49,84,620.0,19.6
2026-06-05T16:00,29.5,65,98,260.0,25.8
2026-06-05T17:00,30.3,62,83,170.0,19.6
2026-06-05T18:00,30.5,59,100,79.0,16.6
2026-06-05T19:00,29.7,62,100,1.0,18.6
2026-06-05T20:00,28.8,65,100,0.0,15.4
2026-06-05T21:00,28.6,66,84,0.0,16.8
2026-06-05T22:00,28.3,69,100,0.0,17.1
2026-06-05T23:00,28.7,65,100,0.0,17.7
2026-06-06T00:00,28.5,65,100,0.0,19.5
2026-06-06T01:00,28.2,67,99,0.0,21.0
2026-06-06T02:00,27.5,69,98,0.0,20.3
2026-06-06T03:00,27.1,70,92,0.0,18.1
2026-06-06T04:00,26.8,71,91,0.0,15.9
2026-06-06T05:00,26.9,72,100,0.0,15.7
2026-06-06T06:00,27.3,71,100,16.0,15.0
2026-06-06T07:00,27.7,71,83,126.0,16.9
2026-06-06T08:00,26.1,87,84,267.0,9.9
2026-06-06T09:00,29.7,68,73,421.0,16.2
2026-06-06T10:00,32.2,57,96,676.0,16.4
2026-06-06T11:00,34.1,50,90,825.0,13.9
2026-06-06T12:00,35.4,46,95,878.0,13.9
2026-06-06T13:00,35.9,43,99,807.0,14.4
2026-06-06T14:00,35.6,43,98,588.0,13.1
2026-06-06T15:00,35.4,42,99,425.0,12.1
2026-06-06T16:00,32.1,55,89,268.0,18.8
2026-06-06T17:00,35.6,39,100,183.0,6.1
2026-06-06T18:00,33.4,49,100,66.0,2.6
2026-06-06T19:00,27.6,73,98,1.0,25.5
2026-06-06T20:00,25.2,94,97,0.0,23.5
2026-06-06T21:00,25.4,90,98,0.0,26.1
2026-06-06T22:00,25.9,84,99,0.0,21.7
2026-06-06T23:00,26.9,78,97,0.0,22.6
2026-06-07T00:00,26.7,78,98,0.0,20.7
2026-06-07T01:00,26.7,78,97,0.0,18.7
2026-06-07T02:00,26.7,79,93,0.0,17.2
2026-06-07T03:00,26.7,80,95,0.0,17.9
2026-06-07T04:00,26.7,79,98,0.0,18.2
2026-06-07T05:00,26.2,84,99,0.0,15.9
2026-06-07T06:00,26.5,83,99,19.0,14.9
2026-06-07T07:00,27.6,78,100,121.0,17.1
2026-06-07T08:00,28.6,73,100,259.0,18.9
2026-06-07T09:00,29.9,68,100,358.0,15.8
2026-06-07T10:00,32.0,57,99,610.0,16.3
2026-06-07T11:00,33.5,51,97,718.0,16.8
2026-06-07T12:00,34.0,50,98,837.0,17.2
2026-06-07T13:00,35.0,46,94,787.0,15.5
2026-06-07T14:00,35.4,44,89,748.0,13.5
2026-06-07T15:00,35.5,43,98,634.0,12.0
2026-06-07T16:00,34.8,44,99,445.0,13.4
2026-06-07T17:00,31.6,58,98,215.0,13.5
2026-06-07T18:00,30.1,68,98,38.0,12.4
2026-06-07T19:00,29.4,66,100,1.0,16.2
2026-06-07T20:00,29.4,66,100,0.0,14.3
2026-06-07T21:00,27.4,80,100,0.0,17.6
2026-06-07T22:00,26.6,81,100,0.0,21.3
2026-06-07T23:00,27.3,75,98,0.0,16.3
2026-06-08T00:00,26.4,82,100,0.0,14.9
2026-06-08T01:00,25.8,88,100,0.0,17.5
2026-06-08T02:00,26.3,82,100,0.0,17.3
2026-06-08T03:00,26.3,82,99,0.0,16.4
2026-06-08T04:00,26.2,82,100,0.0,16.1
2026-06-08T05:00,25.5,90,100,0.0,9.0
2026-06-08T06:00,26.0,86,100,13.0,10.1
2026-06-08T07:00,27.5,78,96,130.0,11.4
2026-06-08T08:00,29.1,70,100,299.0,15.4
2026-06-08T09:00,30.5,61,96,434.0,18.7
2026-06-08T10:00,32.3,51,98,658.0,19.8
2026-06-08T11:00,31.3,53,92,628.0,18.9
2026-06-08T12:00,33.2,46,70,668.0,18.1
2026-06-08T13:00,34.8,41,73,885.0,19.3
2026-06-08T14:00,35.4,40,97,806.0,18.7
2026-06-08T15:00,35.0,41,88,541.0,16.2
2026-06-08T16:00,34.9,41,95,473.0,16.6
2026-06-08T17:00,31.2,56,99,257.0,19.6
2026-06-08T18:00,29.8,63,100,75.0,20.3
2026-06-08T19:00,29.2,63,95,1.0,18.8
2026-06-08T20:00,28.2,71,95,0.0,23.0
2026-06-08T21:00,27.2,80,96,0.0,22.1
2026-06-08T22:00,27.4,76,74,0.0,18.4
2026-06-08T23:00,27.8,73,80,0.0,19.4
2026-06-09T00:00,27.8,72,89,0.0,19.3
2026-06-09T01:00,27.7,73,57,0.0,20.1
2026-06-09T02:00,27.2,75,99,0.0,20.7
2026-06-09T03:00,26.5,78,100,0.0,21.4
2026-06-09T04:00,26.0,80,99,0.0,20.8
2026-06-09T05:00,26.7,76,98,0.0,19.4
2026-06-09T06:00,27.1,75,99,20.0,18.2
2026-06-09T07:00,28.3,71,100,145.0,20.5
2026-06-09T08:00,29.9,64,100,321.0,23.3
2026-06-09T09:00,31.1,58,99,479.0,22.9
2026-06-09T10:00,32.0,54,94,582.0,22.5
2026-06-09T11:00,31.8,52,100,723.0,20.8
2026-06-09T12:00,32.1,50,87,429.0,20.5
2026-06-09T13:00,33.7,47,99,664.0,20.0
2026-06-09T14:00,34.0,45,60,578.0,19.4
2026-06-09T15:00,34.3,45,45,597.0,20.8
2026-06-09T16:00,33.3,47,74,461.0,21.2
2026-06-09T17:00,31.7,55,92,256.0,21.2
2026-06-09T18:00,30.9,60,100,76.0,18.8
2026-06-09T19:00,30.6,58,100,1.0,20.5
2026-06-09T20:00,29.9,62,100,0.0,18.6
2026-06-09T21:00,29.6,64,100,0.0,21.9
2026-06-09T22:00,28.9,64,98,0.0,23.9
2026-06-09T23:00,28.5,66,100,0.0,23.1
2026-06-10T00:00,28.0,69,96,0.0,23.4
2026-06-10T01:00,27.6,71,100,0.0,22.8
2026-06-10T02:00,27.5,71,100,0.0,22.4
2026-06-10T03:00,27.4,71,100,0.0,21.2
2026-06-10T04:00,27.3,72,100,0.0,20.6
2026-06-10T05:00,27.1,73,82,0.0,19.1
2026-06-10T06:00,27.4,71,78,21.0,18.2
2026-06-10T07:00,28.5,66,75,151.0,21.5
2026-06-10T08:00,29.9,61,66,348.0,27.2
2026-06-10T09:00,31.1,56,100,469.0,25.3
2026-06-10T10:00,31.7,54,100,349.0,22.1
2026-06-10T11:00,33.4,47,98,473.0,20.7
2026-06-10T12:00,34.4,44,99,823.0,21.6
2026-06-10T13:00,34.5,45,91,757.0,20.1
2026-06-10T14:00,34.9,44,86,730.0,19.1
2026-06-10T15:00,34.8,44,92,633.0,17.8
2026-06-10T16:00,34.6,44,95,443.0,16.0
2026-06-10T17:00,32.4,56,98,253.0,17.1
2026-06-10T18:00,31.3,60,95,78.0,18.9
2026-06-10T19:00,30.7,60,98,2.0,16.6
2026-06-10T20:00,30.4,61,71,0.0,16.3
2026-06-10T21:00,29.9,61,92,0.0,21.2
2026-06-10T22:00,29.2,62,88,0.0,22.1
2026-06-10T23:00,29.2,62,84,0.0,22.7
2026-06-11T00:00,28.7,62,90,0.0,25.9
2026-06-11T01:00,27.9,65,92,0.0,23.9
2026-06-11T02:00,27.3,68,87,0.0,21.6
2026-06-11T03:00,27.0,70,41,0.0,18.9
2026-06-11T04:00,26.7,70,90,0.0,16.0
2026-06-11T05:00,26.8,70,95,0.0,15.5
2026-06-11T06:00,26.9,70,95,19.0,14.8
2026-06-11T07:00,27.9,68,97,148.0,17.6
2026-06-11T08:00,29.8,61,99,323.0,19.2
2026-06-11T09:00,31.6,53,100,412.0,19.1
2026-06-11T10:00,32.9,51,88,521.0,15.4
2026-06-11T11:00,32.8,50,93,654.0,11.5
2026-06-11T12:00,34.4,45,95,894.0,9.6
2026-06-11T13:00,35.3,43,96,843.0,9.8
2026-06-11T14:00,35.8,41,98,781.0,10.5
2026-06-11T15:00,35.8,41,98,619.0,10.3
2026-06-11T16:00,35.4,41,65,438.0,10.5
2026-06-11T17:00,34.7,43,100,276.0,10.3
2026-06-11T18:00,33.7,46,69,61.0,8.8
2026-06-11T19:00,32.6,50,38,2.0,9.5
2026-06-11T20:00,32.3,50,14,0.0,8.7
2026-06-11T21:00,32.0,49,89,0.0,8.2
2026-06-11T22:00,31.6,49,98,0.0,15.7
2026-06-11T23:00,30.5,55,90,0.0,15.7
2026-06-12T00:00,30.5,58,83,0.0,20.3
2026-06-12T01:00,29.5,63,94,0.0,22.5
2026-06-12T02:00,28.6,66,91,0.0,23.5
2026-06-12T03:00,28.0,68,76,0.0,23.5
2026-06-12T04:00,27.5,70,34,0.0,23.2
2026-06-12T05:00,26.9,71,85,0.0,14.4
2026-06-12T06:00,27.2,72,98,22.0,15.7
2026-06-12T07:00,28.3,68,100,151.0,16.8
2026-06-12T08:00,29.8,63,33,350.0,16.3
2026-06-12T09:00,31.5,57,23,587.0,15.9
2026-06-12T10:00,33.3,51,48,767.0,15.3
2026-06-12T11:00,33.8,49,77,852.0,11.7
2026-06-12T12:00,35.1,45,89,880.0,12.6
2026-06-12T13:00,35.6,42,89,831.0,10.6
2026-06-12T14:00,36.2,40,87,751.0,7.7
2026-06-12T15:00,36.0,40,96,618.0,6.7
2026-06-12T16:00,35.9,39,52,440.0,5.0
2026-06-12T17:00,35.2,38,98,246.0,4.4
2026-06-12T18:00,34.2,48,96,81.0,1.9
2026-06-12T19:00,32.7,46,85,2.0,4.9
2026-06-12T20:00,32.2,44,95,0.0,6.7
2026-06-12T21:00,31.3,46,100,0.0,23.6
2026-06-12T22:00,29.2,59,93,0.0,18.7
2026-06-12T23:00,28.3,65,98,0.0,21.9
2026-06-13T00:00,28.0,65,98,0.0,23.4
2026-06-13T01:00,27.7,68,98,0.0,21.8
2026-06-13T02:00,27.3,71,87,0.0,19.6
2026-06-13T03:00,27.1,72,47,0.0,18.4
2026-06-13T04:00,26.9,73,49,0.0,18.3
2026-06-13T05:00,27.2,75,100,0.0,16.0
2026-06-13T06:00,27.0,75,100,14.0,17.0
2026-06-13T07:00,27.2,73,100,62.0,15.1
2026-06-13T08:00,28.5,69,96,161.0,15.4
2026-06-13T09:00,30.9,61,79,423.0,17.0
2026-06-13T10:00,32.2,56,96,604.0,16.8
2026-06-13T11:00,30.7,57,99,736.0,15.3
2026-06-13T12:00,32.1,53,65,408.0,16.3
2026-06-13T13:00,34.0,47,94,795.0,16.6
2026-06-13T14:00,34.9,43,99,732.0,15.7
2026-06-13T15:00,34.3,43,100,390.0,14.6
2026-06-13T16:00,34.0,42,98,274.0,14.1
2026-06-13T17:00,35.2,39,95,183.0,14.2
2026-06-13T18:00,33.7,44,98,80.0,9.7
2026-06-13T19:00,26.2,82,100,2.0,25.2
2026-06-13T20:00,26.5,84,100,0.0,11.9
2026-06-13T21:00,26.9,81,99,0.0,15.3
2026-06-13T22:00,26.5,79,99,0.0,17.5
2026-06-13T23:00,26.1,82,99,0.0,16.6
2026-06-14T00:00,24.9,91,100,0.0,18.6
2026-06-14T01:00,25.2,89,100,0.0,18.7
2026-06-14T02:00,25.4,83,100,0.0,20.3
2026-06-14T03:00,25.4,81,100,0.0,20.1
2026-06-14T04:00,25.2,86,100,0.0,18.1
2026-06-14T05:00,26.7,78,100,0.0,14.9
2026-06-14T06:00,27.0,75,100,11.0,15.2
2026-06-14T07:00,27.6,72,99,63.0,15.5
2026-06-14T08:00,28.9,66,98,207.0,18.6
2026-06-14T09:00,30.4,60,100,386.0,19.6
2026-06-14T10:00,31.6,55,91,536.0,19.1
2026-06-14T11:00,29.0,63,100,622.0,14.2
2026-06-14T12:00,31.8,51,100,418.0,12.8
2026-06-14T13:00,32.4,47,100,271.0,10.4
2026-06-14T14:00,33.1,45,100,281.0,8.3
2026-06-14T15:00,34.2,43,100,427.0,8.5
2026-06-14T16:00,34.3,43,99,348.0,10.6
2026-06-14T17:00,33.6,45,100,160.0,10.8
2026-06-14T18:00,32.8,48,98,51.0,5.3
2026-06-14T19:00,31.9,52,95,1.0,4.6
2026-06-14T20:00,31.4,54,62,0.0,5.1
2026-06-14T21:00,30.6,56,7,0.0,5.1
2026-06-14T22:00,29.7,59,29,0.0,10.4
2026-06-14T23:00,29.4,60,73,0.0,16.7
2026-06-15T00:00,28.8,62,88,0.0,22.2
2026-06-15T01:00,28.1,68,78,0.0,21.5
2026-06-15T02:00,27.6,71,94,0.0,20.4
2026-06-15T03:00,27.2,73,90,0.0,19.4
2026-06-15T04:00,27.0,73,84,0.0,19.1
2026-06-15T05:00,27.2,72,59,0.0,17.2
2026-06-15T06:00,27.4,71,26,23.0,16.8
2026-06-15T07:00,28.7,65,12,178.0,18.8
2026-06-15T08:00,30.1,59,14,395.0,20.9
2026-06-15T09:00,31.9,52,93,604.0,21.1
2026-06-15T10:00,33.5,46,73,760.0,20.1
2026-06-15T11:00,34.1,44,88,885.0,18.2
2026-06-15T12:00,35.4,42,82,890.0,17.9
2026-06-15T13:00,35.8,40,9,887.0,17.5
2026-06-15T14:00,36.0,38,7,822.0,15.7
2026-06-15T15:00,35.8,35,37,680.0,15.7
2026-06-15T16:00,33.6,43,38,457.0,15.2
2026-06-15T17:00,34.4,40,67,248.0,13.6
2026-06-15T18:00,32.9,49,38,94.0,4.0
2026-06-15T19:00,31.3,53,47,2.0,4.7
2026-06-15T20:00,30.3,57,96,0.0,3.8
2026-06-15T21:00,29.8,59,94,0.0,4.3
2026-06-15T22:00,29.2,61,59,0.0,4.4
2026-06-15T23:00,29.3,60,56,0.0,6.2
2026-06-16T00:00,29.7,55,43,0.0,20.6
2026-06-16T01:00,29.1,60,59,0.0,21.4
2026-06-16T02:00,28.5,66,68,0.0,19.6
2026-06-16T03:00,28.1,68,70,0.0,19.0
2026-06-16T04:00,27.8,70,4,0.0,18.4
2026-06-16T05:00,27.7,70,57,0.0,17.0
2026-06-16T06:00,27.9,69,90,22.0,18.5
2026-06-16T07:00,29.3,62,13,169.0,20.4
2026-06-16T08:00,30.8,56,6,394.0,20.2
2026-06-16T09:00,32.5,50,17,599.0,18.7
2026-06-16T10:00,34.1,44,20,774.0,16.6
2026-06-16T11:00,34.2,43,67,889.0,17.5
2026-06-16T12:00,35.6,38,95,933.0,17.1
2026-06-16T13:00,36.2,36,97,850.0,16.4
2026-06-16T14:00,36.5,35,53,720.0,15.5
2026-06-16T15:00,36.8,33,52,673.0,14.6
2026-06-16T16:00,36.4,33,38,481.0,14.8
2026-06-16T17:00,35.7,33,99,269.0,7.8
2026-06-16T18:00,33.9,46,87,87.0,2.7
2026-06-16T19:00,32.2,47,88,2.0,1.7
2026-06-16T20:00,31.1,50,53,0.0,2.7
2026-06-16T21:00,30.3,51,98,0.0,3.7
2026-06-16T22:00,29.9,52,98,0.0,5.2
2026-06-16T23:00,30.0,52,99,0.0,6.7
2026-06-17T00:00,29.6,53,98,0.0,9.2
2026-06-17T01:00,29.5,51,92,0.0,18.1
2026-06-17T02:00,29.3,54,95,0.0,20.6
2026-06-17T03:00,28.7,60,95,0.0,18.1
2026-06-17T04:00,28.3,65,80,0.0,16.2
2026-06-17T05:00,27.9,69,94,0.0,16.8
2026-06-17T06:00,28.1,70,98,20.0,18.2
2026-06-17T07:00,29.3,66,98,156.0,18.6
2026-06-17T08:00,30.7,61,59,330.0,19.4
2026-06-17T09:00,32.5,54,46,586.0,19.6
2026-06-17T10:00,34.2,47,23,764.0,17.8
2026-06-17T11:00,35.1,43,58,897.0,16.5
2026-06-17T12:00,36.3,37,57,891.0,15.3
2026-06-17T13:00,36.8,34,23,878.0,16.5
2026-06-17T14:00,36.7,33,30,815.0,14.8
2026-06-17T15:00,36.7,34,83,693.0,12.3
2026-06-17T16:00,36.5,35,44,507.0,11.0
2026-06-17T17:00,36.0,32,31,294.0,11.3
2026-06-17T18:00,34.3,38,44,95.0,5.1
2026-06-17T19:00,32.6,43,66,2.0,5.2
2026-06-17T20:00,31.8,44,91,0.0,6.3
2026-06-17T21:00,31.3,45,91,0.0,5.6
2026-06-17T22:00,31.1,45,98,0.0,6.5
2026-06-17T23:00,30.9,46,81,0.0,9.0
2026-06-18T00:00,30.0,50,88,0.0,11.4
2026-06-18T01:00,30.2,48,95,0.0,18.4
2026-06-18T02:00,29.7,52,85,0.0,18.9
2026-06-18T03:00,29.0,58,75,0.0,11.9
2026-06-18T04:00,28.5,62,52,0.0,10.8
2026-06-18T05:00,27.8,68,90,0.0,13.1
2026-06-18T06:00,28.0,68,88,20.0,12.8
2026-06-18T07:00,29.0,63,98,150.0,15.1
2026-06-18T08:00,30.2,59,69,308.0,16.6
2026-06-18T09:00,31.9,53,63,549.0,17.0
2026-06-18T10:00,33.5,47,62,725.0,16.4
2026-06-18T11:00,33.9,45,95,872.0,15.4
2026-06-18T12:00,34.9,41,99,834.0,16.0
2026-06-18T13:00,35.5,38,99,779.0,14.7
2026-06-18T14:00,36.0,37,97,677.0,13.4
2026-06-18T15:00,36.3,36,74,585.0,11.3
2026-06-18T16:00,36.2,36,90,477.0,10.9
2026-06-18T17:00,35.5,35,51,270.0,8.7
2026-06-18T18:00,34.1,42,48,98.0,4.2
2026-06-18T19:00,32.6,46,74,2.0,5.1
2026-06-18T20:00,31.9,49,69,0.0,0.9
2026-06-18T21:00,31.1,52,84,0.0,3.2
2026-06-18T22:00,30.3,55,48,0.0,4.4
2026-06-18T23:00,30.1,59,99,0.0,3.1
2026-06-19T00:00,29.7,59,100,0.0,6.9
2026-06-19T01:00,29.8,56,98,0.0,11.6
2026-06-19T02:00,29.4,57,95,0.0,14.1
2026-06-19T03:00,28.8,60,100,0.0,15.2
2026-06-19T04:00,28.4,62,100,0.0,12.8
2026-06-19T05:00,28.1,64,99,0.0,11.3
2026-06-19T06:00,28.0,66,97,11.0,12.1
2026-06-19T07:00,28.9,64,98,109.0,14.3
2026-06-19T08:00,29.8,61,98,239.0,17.4
2026-06-19T09:00,30.8,57,100,386.0,18.0
2026-06-19T10:00,32.1,51,100,510.0,16.4
2026-06-19T11:00,32.5,49,100,539.0,13.6
2026-06-19T12:00,33.0,45,95,448.0,13.8
2026-06-19T13:00,34.3,40,96,658.0,13.8
2026-06-19T14:00,34.8,38,98,619.0,13.4
2026-06-19T15:00,34.7,38,91,488.0,13.8
2026-06-19T16:00,34.9,37,25,449.0,12.4
2026-06-19T17:00,34.4,36,97,299.0,6.6
2026-06-19T18:00,33.1,50,91,42.0,1.5
2026-06-19T19:00,32.2,48,100,2.0,2.2
2026-06-19T20:00,31.6,48,100,0.0,3.9
2026-06-19T21:00,31.3,48,100,0.0,4.1
2026-06-19T22:00,30.9,48,100,0.0,4.7
2026-06-19T23:00,30.9,49,99,0.0,5.4
2026-06-20T00:00,30.8,50,97,0.0,12.6
2026-06-20T01:00,30.2,55,99,0.0,14.5
2026-06-20T02:00,30.0,56,99,0.0,15.8
2026-06-20T03:00,29.6,57,88,0.0,16.8
2026-06-20T04:00,28.9,60,96,0.0,16.0
2026-06-20T05:00,28.1,63,94,0.0,14.5
2026-06-20T06:00,28.2,64,98,20.0,11.0
2026-06-20T07:00,29.2,61,100,134.0,11.8
2026-06-20T08:00,30.1,59,99,263.0,12.0
2026-06-20T09:00,31.3,56,99,398.0,12.1
2026-06-20T10:00,32.8,52,100,603.0,12.3
2026-06-20T11:00,32.2,54,100,698.0,9.0
2026-06-20T12:00,33.5,50,100,719.0,8.1
2026-06-20T13:00,33.8,48,100,647.0,7.9
2026-06-20T14:00,34.3,46,100,610.0,8.1
2026-06-20T15:00,34.8,44,100,566.0,8.1
2026-06-20T16:00,34.4,43,100,330.0,8.5
2026-06-20T17:00,34.5,44,52,163.0,9.1
2026-06-20T18:00,32.8,49,93,90.0,8.5
2026-06-20T19:00,32.2,53,100,2.0,2.9
2026-06-20T20:00,32.1,53,98,0.0,1.3
2026-06-20T21:00,31.8,52,100,0.0,2.4
2026-06-20T22:00,31.5,54,100,0.0,3.2
2026-06-20T23:00,31.4,55,79,0.0,4.0
2026-06-21T00:00,30.6,59,73,0.0,4.7
2026-06-21T01:00,30.1,62,97,0.0,7.8
2026-06-21T02:00,29.6,62,97,0.0,8.8
2026-06-21T03:00,29.8,56,66,0.0,15.4
2026-06-21T04:00,29.1,56,61,0.0,16.1
2026-06-21T05:00,28.1,63,98,0.0,12.2
2026-06-21T06:00,27.9,67,98,18.0,12.1
2026-06-21T07:00,29.1,63,99,150.0,12.6
2026-06-21T08:00,30.3,59,96,327.0,11.1
2026-06-21T09:00,31.9,54,98,516.0,9.4
2026-06-21T10:00,33.2,49,100,667.0,8.7
2026-06-21T11:00,32.9,48,100,593.0,8.0
2026-06-21T12:00,33.5,46,100,671.0,6.2
2026-06-21T13:00,33.7,45,100,632.0,1.2
2026-06-21T14:00,33.2,47,100,433.0,8.1
2026-06-21T15:00,31.2,56,100,300.0,12.7
2026-06-21T16:00,32.0,53,95,332.0,8.7
2026-06-21T17:00,34.2,42,73,224.0,4.0
2026-06-21T18:00,33.3,45,72,98.0,5.2
2026-06-21T19:00,32.2,49,65,3.0,8.7
2026-06-21T20:00,31.7,51,65,0.0,11.5
2026-06-21T21:00,28.3,66,93,0.0,15.8
2026-06-21T22:00,27.6,71,95,0.0,10.6
2026-06-21T23:00,27.5,74,98,0.0,10.6
2026-06-22T00:00,27.7,71,99,0.0,11.3
2026-06-22T01:00,28.0,68,98,0.0,12.1
2026-06-22T02:00,28.0,68,98,0.0,13.2
2026-06-22T03:00,28.0,69,93,0.0,14.3
2026-06-22T04:00,27.9,69,81,0.0,16.3
2026-06-22T05:00,28.0,70,99,0.0,16.8
2026-06-22T06:00,27.9,69,55,20.0,16.5
2026-06-22T07:00,28.8,66,19,168.0,18.8
2026-06-22T08:00,30.1,62,13,376.0,18.5
2026-06-22T09:00,31.6,57,35,586.0,17.7
2026-06-22T10:00,33.2,51,55,748.0,15.8
2026-06-22T11:00,34.0,47,40,855.0,14.5
2026-06-22T12:00,35.0,43,59,909.0,13.7
2026-06-22T13:00,35.9,41,62,893.0,14.6
2026-06-22T14:00,36.1,39,27,786.0,13.2
2026-06-22T15:00,36.5,39,35,677.0,11.6
2026-06-22T16:00,36.0,39,39,500.0,13.1
2026-06-22T17:00,35.7,36,98,291.0,7.5
2026-06-22T18:00,34.0,42,98,91.0,13.9
2026-06-22T19:00,32.6,48,93,2.0,11.5
2026-06-22T20:00,25.9,84,99,0.0,20.7
2026-06-22T21:00,26.3,90,79,0.0,15.4
2026-06-22T22:00,26.8,83,91,0.0,11.2
2026-06-22T23:00,27.9,71,71,0.0,9.7
2026-06-23T00:00,27.9,71,77,0.0,11.2
2026-06-23T01:00,28.6,63,46,0.0,19.3
2026-06-23T02:00,27.8,64,41,0.0,21.2
2026-06-23T03:00,27.3,66,86,0.0,21.4
2026-06-23T04:00,27.0,68,63,0.0,19.5
2026-06-23T05:00,26.4,73,97,0.0,20.7
2026-06-23T06:00,26.6,72,99,18.0,17.1
2026-06-23T07:00,27.6,69,97,128.0,18.4
2026-06-23T08:00,28.7,64,70,286.0,21.6
2026-06-23T09:00,30.8,55,92,560.0,23.2
2026-06-23T10:00,32.3,49,84,699.0,22.6
2026-06-23T11:00,32.9,45,90,809.0,22.4
2026-06-23T12:00,33.5,44,95,768.0,21.5
2026-06-23T13:00,34.8,40,100,871.0,19.0
2026-06-23T14:00,34.8,39,100,616.0,18.2
2026-06-23T15:00,34.4,40,100,541.0,20.9
2026-06-23T16:00,33.8,41,100,348.0,21.4
2026-06-23T17:00,33.2,41,100,231.0,17.7
2026-06-23T18:00,31.6,47,100,69.0,23.9
2026-06-23T19:00,30.6,50,100,2.0,17.5
2026-06-23T20:00,30.2,53,100,0.0,19.3
2026-06-23T21:00,29.8,55,98,0.0,21.4
2026-06-23T22:00,29.3,55,99,0.0,21.3
2026-06-23T23:00,28.8,56,100,0.0,21.2
2026-06-24T00:00,28.2,58,100,0.0,20.8
2026-06-24T01:00,27.7,61,100,0.0,18.5
2026-06-24T02:00,27.5,62,99,0.0,18.3
2026-06-24T03:00,27.0,64,88,0.0,18.0
2026-06-24T04:00,26.7,65,98,0.0,16.8
2026-06-24T05:00,27.0,65,100,0.0,14.3
2026-06-24T06:00,27.1,66,100,7.0,12.4
2026-06-24T07:00,27.8,65,100,92.0,12.7
2026-06-24T08:00,28.8,63,99,205.0,17.1
2026-06-24T09:00,30.2,58,100,445.0,22.5
2026-06-24T10:00,30.1,57,100,282.0,20.1
2026-06-24T11:00,32.2,49,99,629.0,24.7
2026-06-24T12:00,33.5,45,100,762.0,23.0
2026-06-24T13:00,33.5,45,100,630.0,21.5
2026-06-24T14:00,33.7,45,100,608.0,20.5
2026-06-24T15:00,33.4,46,98,369.0,19.3
2026-06-24T16:00,33.7,45,92,316.0,20.4
2026-06-24T17:00,33.6,41,95,266.0,20.9
2026-06-24T18:00,32.7,43,100,81.0,17.3
2026-06-24T19:00,31.4,46,97,2.0,25.0
2026-06-24T20:00,30.4,51,61,0.0,18.6
2026-06-24T21:00,30.2,51,7,0.0,20.0
2026-06-24T22:00,29.6,54,7,0.0,19.6
2026-06-24T23:00,29.4,55,14,0.0,17.3
2026-06-25T00:00,28.7,57,13,0.0,18.0
2026-06-25T01:00,28.1,61,26,0.0,17.1
2026-06-25T02:00,27.7,64,35,0.0,16.4
2026-06-25T03:00,27.4,66,20,0.0,16.6
2026-06-25T04:00,27.0,70,73,0.0,20.3
2026-06-25T05:00,26.8,70,23,0.0,20.1
2026-06-25T06:00,27.1,70,28,20.0,18.1
2026-06-25T07:00,28.3,66,38,166.0,21.0
2026-06-25T08:00,29.9,60,76,360.0,24.3
2026-06-25T09:00,31.2,55,24,550.0,24.2
2026-06-25T10:00,32.4,50,34,712.0,25.2
2026-06-25T11:00,33.0,46,84,819.0,23.4
2026-06-25T12:00,34.1,42,95,885.0,22.2
2026-06-25T13:00,35.0,40,90,872.0,20.3
2026-06-25T14:00,35.6,38,97,815.0,19.6
2026-06-25T15:00,35.3,38,98,668.0,21.7
2026-06-25T16:00,34.3,42,100,415.0,19.3
2026-06-25T17:00,32.4,52,99,220.0,19.2
2026-06-25T18:00,30.7,57,99,82.0,14.5
2026-06-25T19:00,29.5,62,98,3.0,17.4
2026-06-25T20:00,28.9,65,100,0.0,9.9
2026-06-25T21:00,29.3,62,100,0.0,10.4
2026-06-25T22:00,29.6,61,76,0.0,14.2
2026-06-25T23:00,29.9,60,33,0.0,19.1
2026-06-26T00:00,29.4,60,10,0.0,18.6
2026-06-26T01:00,28.7,62,23,0.0,17.3
2026-06-26T02:00,28.2,65,14,0.0,16.7
2026-06-26T03:00,27.8,68,1,0.0,17.5
2026-06-26T04:00,27.3,70,14,0.0,17.7
2026-06-26T05:00,27.0,70,11,0.0,16.8
2026-06-26T06:00,27.1,70,41,19.0,17.6
2026-06-26T07:00,28.1,66,26,165.0,19.1
2026-06-26T08:00,29.5,60,36,372.0,19.2
2026-06-26T09:00,30.8,55,79,535.0,19.6
2026-06-26T10:00,32.6,49,80,751.0,19.4
2026-06-26T11:00,33.2,45,51,821.0,18.9
2026-06-26T12:00,33.8,42,43,821.0,19.2
2026-06-26T13:00,34.3,41,56,838.0,17.4
2026-06-26T14:00,34.3,41,71,733.0,17.9
2026-06-26T15:00,34.2,42,87,535.0,16.4
2026-06-26T16:00,34.2,42,97,425.0,16.3
2026-06-26T17:00,34.6,39,45,259.0,13.8
2026-06-26T18:00,33.1,44,27,101.0,9.4
2026-06-26T19:00,31.7,49,86,3.0,5.7
2026-06-26T20:00,31.7,48,93,0.0,8.5
2026-06-26T21:00,30.8,55,88,0.0,9.6
2026-06-26T22:00,28.8,73,52,0.0,6.2
2026-06-26T23:00,31.1,51,100,0.0,16.4
2026-06-27T00:00,29.9,57,93,0.0,18.7
2026-06-27T01:00,29.4,59,91,0.0,17.3
2026-06-27T02:00,28.8,60,92,0.0,17.3
2026-06-27T03:00,28.1,61,96,0.0,15.6
2026-06-27T04:00,27.6,63,91,0.0,16.3
2026-06-27T05:00,25.9,81,100,0.0,16.8
2026-06-27T06:00,26.4,77,84,7.0,14.4
2026-06-27T07:00,27.6,69,43,111.0,17.0
2026-06-27T08:00,29.4,61,55,355.0,18.2
2026-06-27T09:00,30.9,56,84,570.0,18.9
2026-06-27T10:00,32.7,49,69,737.0,18.5
2026-06-27T11:00,33.0,47,75,839.0,16.1
2026-06-27T12:00,34.3,45,90,868.0,14.2
2026-06-27T13:00,34.7,44,93,819.0,13.0
2026-06-27T14:00,34.7,44,97,718.0,11.2
2026-06-27T15:00,34.7,45,98,623.0,8.1
2026-06-27T16:00,34.5,45,93,442.0,7.6
2026-06-27T17:00,33.9,43,93,274.0,9.9
2026-06-27T18:00,32.9,47,98,93.0,6.6
2026-06-27T19:00,31.7,51,98,3.0,4.6
2026-06-27T20:00,31.0,55,100,0.0,4.1
2026-06-27T21:00,28.9,67,99,0.0,15.5
2026-06-27T22:00,27.3,77,99,0.0,15.9
2026-06-27T23:00,28.3,69,84,0.0,10.5
2026-06-28T00:00,27.9,72,90,0.0,10.7
2026-06-28T01:00,28.2,69,71,0.0,9.8
2026-06-28T02:00,28.1,68,96,0.0,8.6
2026-06-28T03:00,28.0,67,88,0.0,10.2
2026-06-28T04:00,27.5,67,90,0.0,11.5
2026-06-28T05:00,26.2,84,89,0.0,8.1
2026-06-28T06:00,27.2,72,98,18.0,13.0
2026-06-28T07:00,28.4,64,95,150.0,14.3
2026-06-28T08:00,29.5,62,87,369.0,14.5
2026-06-28T09:00,30.9,57,96,575.0,14.6
2026-06-28T10:00,32.7,50,94,693.0,14.5
2026-06-28T11:00,33.9,47,89,806.0,13.1
2026-06-28T12:00,34.8,45,98,867.0,10.9
2026-06-28T13:00,35.5,43,99,911.0,9.0
2026-06-28T14:00,35.7,42,99,792.0,8.2
2026-06-28T15:00,35.8,41,100,658.0,7.6
2026-06-28T16:00,35.7,41,100,432.0,8.5
2026-06-28T17:00,34.6,44,95,166.0,9.8
2026-06-28T18:00,26.5,84,100,81.0,21.2
2026-06-28T19:00,25.6,91,100,3.0,21.7
2026-06-28T20:00,25.6,91,99,0.0,18.0
2026-06-28T21:00,25.7,91,100,0.0,10.3
2026-06-28T22:00,26.1,90,100,0.0,9.9
2026-06-28T23:00,28.3,64,79,0.0,19.4
2026-06-29T00:00,27.6,66,88,0.0,18.4
2026-06-29T01:00,27.3,66,98,0.0,16.6
2026-06-29T02:00,26.8,66,100,0.0,16.9
2026-06-29T03:00,26.5,64,98,0.0,17.1
2026-06-29T04:00,26.0,66,88,0.0,17.7
2026-06-29T05:00,25.6,72,84,0.0,16.1
2026-06-29T06:00,25.8,72,89,18.0,17.0
2026-06-29T07:00,27.2,67,95,164.0,18.6
2026-06-29T08:00,28.9,62,84,371.0,20.2
2026-06-29T09:00,30.9,55,100,577.0,24.3
2026-06-29T10:00,31.5,52,100,446.0,23.3
2026-06-29T11:00,32.2,48,100,471.0,24.8
2026-06-29T12:00,33.1,45,100,481.0,24.2
2026-06-29T13:00,33.1,45,30,437.0,20.5
2026-06-29T14:00,35.2,41,77,814.0,19.3
2026-06-29T15:00,35.2,41,81,670.0,15.9
2026-06-29T16:00,35.0,41,17,507.0,14.7
2026-06-29T17:00,34.0,42,75,298.0,18.9
2026-06-29T18:00,28.9,67,86,97.0,20.9
2026-06-29T19:00,27.2,79,100,2.0,15.5
2026-06-29T20:00,27.1,74,88,0.0,24.3
2026-06-29T21:00,27.1,77,89,0.0,18.5
2026-06-29T22:00,26.9,77,73,0.0,17.9
2026-06-29T23:00,27.9,70,82,0.0,23.3
2026-06-30T00:00,27.5,69,58,0.0,24.5
2026-06-30T01:00,27.0,70,84,0.0,24.3
2026-06-30T02:00,26.8,70,97,0.0,24.0
2026-06-30T03:00,26.5,71,88,0.0,23.8
2026-06-30T04:00,26.4,71,98,0.0,22.6
2026-06-30T05:00,26.2,74,100,0.0,20.4
2026-06-30T06:00,26.5,73,100,14.0,20.9
2026-06-30T07:00,27.5,70,100,122.0,22.2
2026-06-30T08:00,28.8,65,100,287.0,28.5
2026-06-30T09:00,30.1,60,100,420.0,28.8
2026-06-30T10:00,31.9,52,99,579.0,28.7
2026-06-30T11:00,32.3,49,100,742.0,28.5
2026-06-30T12:00,33.0,48,99,826.0,28.6
2026-06-30T13:00,33.7,45,99,802.0,26.9
2026-06-30T14:00,34.6,42,100,785.0,24.8
2026-06-30T15:00,34.6,42,98,618.0,22.6
2026-06-30T16:00,33.8,43,93,442.0,24.7
2026-06-30T17:00,33.5,42,100,266.0,21.4
2026-06-30T18:00,32.3,46,100,75.0,16.3
2026-06-30T19:00,31.2,50,100,3.0,23.5
2026-06-30T20:00,30.7,53,100,0.0,22.5
2026-06-30T21:00,30.0,56,100,0.0,21.9
2026-06-30T22:00,29.4,59,100,0.0,24.1
2026-06-30T23:00,29.0,60,100,0.0,23.8
2026-07-01T00:00,28.3,62,100,0.0,22.2
2026-07-01T01:00,27.9,64,100,0.0,22.8
2026-07-01T02:00,27.3,67,100,0.0,22.6
2026-07-01T03:00,26.8,70,100,0.0,22.2
2026-07-01T04:00,26.4,72,100,0.0,19.9
2026-07-01T05:00,27.0,71,100,0.0,18.5
2026-07-01T06:00,26.7,74,95,8.0,19.0
2026-07-01T07:00,27.5,71,98,130.0,19.2
2026-07-01T08:00,28.9,64,100,292.0,26.4
2026-07-01T09:00,28.8,65,100,212.0,22.7
2026-07-01T10:00,30.1,59,100,373.0,24.2
2026-07-01T11:00,30.2,58,100,498.0,23.9
2026-07-01T12:00,31.0,54,100,439.0,26.5
2026-07-01T13:00,32.4,48,100,481.0,25.4
2026-07-01T14:00,32.7,48,100,494.0,23.8
2026-07-01T15:00,33.4,46,98,481.0,27.2
2026-07-01T16:00,32.3,47,97,340.0,30.2
2026-07-01T17:00,32.6,46,91,268.0,26.4
2026-07-01T18:00,31.2,50,99,93.0,23.5
2026-07-01T19:00,30.7,52,98,3.0,22.0
2026-07-01T20:00,29.9,54,100,0.0,20.0
2026-07-01T21:00,29.2,58,100,0.0,21.7
2026-07-01T22:00,28.2,63,100,0.0,23.0
2026-07-01T23:00,28.6,61,100,0.0,22.0
2026-07-02T00:00,28.3,63,100,0.0,20.1
2026-07-02T01:00,27.9,65,100,0.0,21.9
2026-07-02T02:00,27.5,67,100,0.0,22.4
2026-07-02T03:00,27.1,69,100,0.0,21.4
2026-07-02T04:00,26.9,71,99,0.0,21.3
2026-07-02T05:00,26.7,74,99,0.0,19.7
2026-07-02T06:00,26.7,75,100,15.0,19.1
2026-07-02T07:00,27.5,73,100,88.0,19.1
2026-07-02T08:00,28.7,67,100,187.0,22.1
2026-07-02T09:00,29.6,63,100,317.0,25.0
2026-07-02T10:00,30.5,59,100,420.0,25.1
2026-07-02T11:00,29.8,62,99,402.0,24.9
2026-07-02T12:00,32.8,49,95,727.0,26.5
2026-07-02T13:00,34.4,45,100,756.0,26.6
2026-07-02T14:00,33.4,45,87,604.0,29.5
2026-07-02T15:00,31.0,55,100,367.0,29.3
2026-07-02T16:00,31.1,57,89,214.0,19.5
2026-07-02T17:00,32.1,48,100,174.0,27.3
2026-07-02T18:00,31.5,52,100,61.0,23.7
2026-07-02T19:00,29.7,57,100,3.0,30.1
2026-07-02T20:00,28.9,62,100,0.0,26.1
2026-07-02T21:00,28.6,65,100,0.0,23.2
2026-07-02T22:00,28.1,68,98,0.0,24.2
2026-07-02T23:00,27.9,69,100,0.0,23.4
2026-07-03T00:00,27.4,71,100,0.0,22.8
2026-07-03T01:00,27.2,71,100,0.0,20.5
2026-07-03T02:00,27.0,70,98,0.0,20.9
2026-07-03T03:00,26.6,72,100,0.0,20.1
2026-07-03T04:00,26.4,73,90,0.0,21.3
2026-07-03T05:00,26.3,74,100,0.0,21.6
2026-07-03T06:00,26.5,73,100,11.0,18.4
2026-07-03T07:00,27.2,70,100,86.0,20.7
2026-07-03T08:00,28.2,67,100,176.0,22.1
2026-07-03T09:00,30.0,59,100,320.0,27.3
2026-07-03T10:00,32.3,52,100,619.0,28.2
2026-07-03T11:00,33.4,47,95,699.0,29.6
2026-07-03T12:00,34.4,43,95,819.0,28.9
2026-07-03T13:00,35.2,40,100,822.0,27.1
2026-07-03T14:00,35.5,39,100,694.0,27.8
2026-07-03T15:00,33.3,45,98,459.0,29.6
2026-07-03T16:00,31.3,52,100,345.0,28.8
2026-07-03T17:00,29.8,61,100,115.0,17.2
2026-07-03T18:00,29.2,62,100,40.0,14.9
2026-07-03T19:00,29.4,60,100,1.0,12.5
2026-07-03T20:00,29.8,56,99,0.0,16.0
2026-07-03T21:00,29.1,60,98,0.0,25.2
2026-07-03T22:00,28.5,62,100,0.0,22.4
2026-07-03T23:00,28.7,60,100,0.0,23.5
2026-07-04T00:00,28.0,65,100,0.0,25.3
2026-07-04T01:00,27.6,67,100,0.0,24.5
2026-07-04T02:00,27.2,69,100,0.0,24.4
2026-07-04T03:00,26.2,76,100,0.0,24.7
2026-07-04T04:00,26.6,71,100,0.0,25.7
2026-07-04T05:00,26.4,71,95,0.0,25.2
2026-07-04T06:00,26.3,71,98,13.0,24.0
2026-07-04T07:00,27.1,67,88,85.0,24.5
2026-07-04T08:00,28.5,63,100,272.0,28.5
2026-07-04T09:00,28.2,64,100,88.0,30.7
2026-07-04T10:00,29.9,58,99,155.0,32.0
2026-07-04T11:00,31.9,48,97,454.0,34.6
2026-07-04T12:00,33.1,45,100,634.0,32.3
2026-07-04T13:00,31.6,49,100,221.0,33.6
2026-07-04T14:00,32.1,48,100,248.0,33.2
2026-07-04T15:00,31.1,50,100,158.0,32.2
2026-07-04T16:00,30.9,52,100,139.0,27.7
2026-07-04T17:00,30.8,52,100,57.0,28.3
2026-07-04T18:00,29.7,57,100,31.0,30.9
2026-07-04T19:00,29.0,60,100,1.0,27.1
2026-07-04T20:00,28.7,61,99,0.0,27.4
2026-07-04T21:00,27.8,68,99,0.0,25.9
2026-07-04T22:00,27.4,69,100,0.0,26.1
2026-07-04T23:00,27.2,70,99,0.0,25.1
2026-07-05T00:00,27.3,68,93,0.0,26.7
2026-07-05T01:00,26.6,71,99,0.0,26.6
2026-07-05T02:00,26.4,72,100,0.0,27.1
2026-07-05T03:00,26.3,73,96,0.0,26.8
2026-07-05T04:00,26.0,74,100,0.0,24.8
2026-07-05T05:00,26.7,69,98,0.0,26.4
2026-07-05T06:00,26.9,69,100,11.0,26.2
2026-07-05T07:00,27.3,68,100,49.0,20.4
2026-07-05T08:00,28.2,64,100,115.0,24.2
2026-07-05T09:00,29.5,59,97,272.0,28.6
2026-07-05T10:00,32.1,49,91,595.0,36.0
2026-07-05T11:00,33.1,44,95,761.0,36.8
2026-07-05T12:00,34.8,40,100,829.0,35.3
2026-07-05T13:00,33.9,41,100,476.0,34.1
2026-07-05T14:00,34.3,39,100,345.0,35.6
2026-07-05T15:00,33.8,40,95,334.0,35.6
2026-07-05T16:00,33.6,39,99,386.0,36.9
2026-07-05T17:00,31.9,44,95,151.0,35.7
2026-07-05T18:00,30.7,47,84,60.0,33.4
2026-07-05T19:00,29.8,50,90,3.0,30.7
2026-07-05T20:00,29.1,53,100,0.0,28.2
2026-07-05T21:00,28.4,58,100,0.0,26.1
2026-07-05T22:00,27.9,61,100,0.0,25.0
2026-07-05T23:00,27.9,60,100,0.0,24.2
2026-07-06T00:00,27.7,60,99,0.0,24.5
2026-07-06T01:00,27.5,61,100,0.0,24.9
2026-07-06T02:00,27.1,63,100,0.0,24.9
2026-07-06T03:00,27.1,64,100,0.0,26.3
2026-07-06T04:00,27.0,66,100,0.0,25.2
2026-07-06T05:00,27.1,66,100,0.0,25.4
2026-07-06T06:00,27.4,65,98,12.0,24.5
2026-07-06T07:00,28.4,62,100,116.0,23.2
2026-07-06T08:00,29.5,59,100,248.0,26.6
2026-07-06T09:00,31.0,54,100,479.0,33.2
2026-07-06T10:00,32.3,50,100,623.0,33.8
2026-07-06T11:00,33.4,46,95,732.0,32.7
2026-07-06T12:00,34.3,42,85,818.0,35.1
2026-07-06T13:00,35.3,40,95,893.0,37.1
2026-07-06T14:00,34.8,41,100,731.0,37.1
2026-07-06T15:00,34.5,41,98,583.0,35.4
2026-07-06T16:00,33.6,44,91,373.0,33.2
2026-07-06T17:00,33.1,45,100,208.0,30.9
2026-07-06T18:00,31.5,51,100,73.0,26.0
2026-07-06T19:00,30.7,54,98,2.0,27.1
2026-07-06T20:00,30.1,56,100,0.0,25.9
2026-07-06T21:00,29.5,59,100,0.0,25.6
2026-07-06T22:00,28.8,62,99,0.0,24.8
2026-07-06T23:00,28.3,64,99,0.0,21.8
2026-07-07T00:00,27.9,66,100,0.0,19.8
2026-07-07T01:00,27.7,67,100,0.0,20.3
2026-07-07T02:00,27.5,68,100,0.0,22.4
2026-07-07T03:00,27.3,68,100,0.0,22.3
2026-07-07T04:00,27.2,67,99,0.0,21.6
2026-07-07T05:00,27.2,67,78,0.0,17.9
2026-07-07T06:00,27.5,65,80,15.0,18.2
2026-07-07T07:00,28.9,61,70,149.0,20.2
2026-07-07T08:00,30.4,57,28,365.0,25.4
2026-07-07T09:00,32.2,50,67,553.0,31.6
2026-07-07T10:00,33.8,46,91,728.0,29.8
2026-07-07T11:00,34.3,44,95,864.0,30.5
2026-07-07T12:00,35.0,41,99,879.0,31.2
2026-07-07T13:00,34.5,42,98,490.0,28.0
2026-07-07T14:00,35.6,39,98,728.0,31.7
2026-07-07T15:00,35.1,39,100,597.0,34.7
2026-07-07T16:00,33.1,46,98,392.0,32.1
2026-07-07T17:00,32.4,47,52,249.0,36.9
2026-07-07T18:00,31.1,53,90,107.0,30.6
2026-07-07T19:00,30.2,57,83,3.0,28.3
2026-07-07T20:00,29.4,58,32,0.0,26.7
2026-07-07T21:00,29.0,60,52,0.0,24.9
2026-07-07T22:00,28.5,62,91,0.0,25.2
2026-07-07T23:00,28.2,64,97,0.0,23.0
2026-07-08T00:00,28.0,65,67,0.0,22.4
2026-07-08T01:00,27.7,66,63,0.0,20.5
2026-07-08T02:00,27.5,68,55,0.0,20.1
2026-07-08T03:00,27.3,68,59,0.0,21.3
2026-07-08T04:00,27.2,68,48,0.0,20.8
2026-07-08T05:00,27.7,68,59,0.0,18.7
2026-07-08T06:00,27.7,69,88,13.0,19.1
2026-07-08T07:00,28.7,65,71,120.0,20.9
2026-07-08T08:00,30.4,58,41,372.0,27.2
2026-07-08T09:00,31.8,52,52,529.0,29.7
2026-07-08T10:00,33.4,46,100,684.0,31.5
2026-07-08T11:00,32.4,49,94,524.0,29.4
2026-07-08T12:00,34.5,42,71,819.0,28.1
2026-07-08T13:00,35.4,40,91,853.0,26.4
2026-07-08T14:00,35.4,40,91,560.0,22.5
2026-07-08T15:00,36.2,39,84,586.0,24.7
2026-07-08T16:00,32.7,53,71,351.0,11.3
2026-07-08T17:00,34.5,41,63,269.0,24.8
2026-07-08T18:00,32.9,44,100,100.0,22.4
2026-07-08T19:00,31.7,50,99,3.0,22.0
2026-07-08T20:00,31.1,52,100,0.0,21.1
2026-07-08T21:00,30.4,55,100,0.0,22.0
2026-07-08T22:00,29.6,58,94,0.0,24.2
2026-07-08T23:00,28.8,62,59,0.0,21.5
2026-07-09T00:00,28.1,65,90,0.0,21.0
2026-07-09T01:00,27.6,68,95,0.0,21.1
2026-07-09T02:00,27.4,70,94,0.0,20.4
2026-07-09T03:00,27.3,71,95,0.0,20.1
2026-07-09T04:00,27.1,72,99,0.0,18.7
2026-07-09T05:00,26.8,72,100,0.0,19.1
2026-07-09T06:00,27.3,69,84,11.0,18.7
2026-07-09T07:00,28.1,66,88,122.0,20.5
2026-07-09T08:00,29.5,62,75,318.0,21.5
2026-07-09T09:00,31.2,56,84,540.0,21.0
2026-07-09T10:00,32.4,52,69,596.0,23.2
2026-07-09T11:00,32.5,50,100,869.0,22.2
2026-07-09T12:00,32.4,50,77,545.0,20.8
2026-07-09T13:00,34.9,43,71,865.0,21.0
2026-07-09T14:00,35.2,42,52,790.0,21.6
2026-07-09T15:00,35.0,42,44,611.0,20.4
2026-07-09T16:00,35.2,42,54,511.0,19.6
2026-07-09T17:00,34.3,41,34,290.0,19.0
2026-07-09T18:00,33.6,44,26,97.0,12.1
2026-07-09T19:00,31.5,51,58,4.0,7.5
2026-07-09T20:00,31.0,54,97,0.0,5.1
2026-07-09T21:00,31.8,49,98,0.0,15.7
2026-07-09T22:00,31.2,52,92,0.0,19.5
2026-07-09T23:00,29.6,60,48,0.0,20.4
2026-07-10T00:00,29.2,62,44,0.0,20.8
2026-07-10T01:00,28.7,63,91,0.0,20.5
2026-07-10T02:00,27.9,66,90,0.0,20.1
2026-07-10T03:00,27.4,68,100,0.0,18.8
2026-07-10T04:00,27.0,70,100,0.0,16.8
2026-07-10T05:00,26.9,71,99,0.0,16.5
2026-07-10T06:00,26.9,71,100,13.0,14.8
2026-07-10T07:00,27.9,68,95,136.0,17.9
2026-07-10T08:00,29.5,61,95,331.0,20.7
2026-07-10T09:00,31.0,54,100,458.0,20.9
2026-07-10T10:00,31.2,54,99,335.0,19.5
2026-07-10T11:00,31.9,50,99,679.0,20.1
2026-07-10T12:00,33.0,47,99,713.0,18.8
2026-07-10T13:00,34.0,43,99,748.0,17.5
2026-07-10T14:00,34.1,43,99,588.0,16.8
2026-07-10T15:00,34.4,42,98,516.0,15.7
2026-07-10T16:00,34.6,41,98,372.0,14.9
2026-07-10T17:00,34.6,38,73,258.0,14.4
2026-07-10T18:00,33.8,40,87,102.0,10.4
2026-07-10T19:00,32.5,44,98,3.0,6.7
2026-07-10T20:00,32.5,44,91,0.0,14.2
2026-07-10T21:00,31.3,51,81,0.0,23.2
2026-07-10T22:00,30.1,59,53,0.0,21.6
2026-07-10T23:00,29.6,62,94,0.0,23.9
2026-07-11T00:00,28.8,66,82,0.0,23.3
2026-07-11T01:00,28.3,67,71,0.0,22.6
2026-07-11T02:00,28.0,68,88,0.0,22.9
2026-07-11T03:00,27.6,68,99,0.0,22.7
2026-07-11T04:00,27.2,69,100,0.0,21.1
2026-07-11T05:00,26.9,71,99,0.0,19.7
2026-07-11T06:00,26.9,71,100,13.0,18.6
2026-07-11T07:00,27.8,68,100,133.0,20.5
2026-07-11T08:00,29.5,61,100,327.0,21.0
2026-07-11T09:00,31.4,54,85,510.0,23.1
2026-07-11T10:00,33.6,46,98,728.0,22.3
2026-07-11T11:00,34.3,43,98,825.0,21.5
2026-07-11T12:00,35.1,40,96,739.0,22.8
2026-07-11T13:00,35.6,38,97,721.0,23.9
2026-07-11T14:00,36.3,35,66,737.0,23.1
2026-07-11T15:00,36.4,34,16,687.0,24.7
2026-07-11T16:00,36.2,33,14,526.0,23.5
2026-07-11T17:00,35.8,34,33,311.0,21.3
2026-07-11T18:00,34.3,36,73,95.0,23.3
2026-07-11T19:00,33.5,39,57,4.0,18.7
2026-07-11T20:00,32.8,41,39,0.0,16.2
2026-07-11T21:00,32.2,43,19,0.0,16.2
2026-07-11T22:00,31.4,46,65,0.0,18.0
2026-07-11T23:00,31.3,48,38,0.0,20.4
2026-07-12T00:00,30.3,52,88,0.0,22.4
2026-07-12T01:00,29.2,57,96,0.0,22.7
2026-07-12T02:00,28.3,62,100,0.0,23.2
2026-07-12T03:00,27.5,65,99,0.0,23.0
2026-07-12T04:00,26.7,70,99,0.0,21.8
2026-07-12T05:00,26.4,73,100,0.0,21.7
2026-07-12T06:00,26.5,73,100,15.0,21.7
2026-07-12T07:00,27.5,69,100,143.0,23.3
2026-07-12T08:00,29.0,62,100,362.0,24.3
2026-07-12T09:00,30.6,55,100,554.0,23.3
2026-07-12T10:00,32.3,48,100,734.0,21.1
2026-07-12T11:00,33.2,45,100,850.0,19.9
2026-07-12T12:00,34.6,42,100,913.0,20.2
2026-07-12T13:00,35.6,39,100,869.0,19.5
2026-07-12T14:00,36.6,35,99,827.0,19.9
2026-07-12T15:00,36.7,34,100,671.0,23.0
2026-07-12T16:00,36.3,34,100,476.0,23.5
2026-07-12T17:00,36.6,33,98,271.0,20.4
2026-07-12T18:00,35.6,35,94,82.0,21.8
2026-07-12T19:00,34.6,37,100,4.0,23.0
2026-07-12T20:00,34.2,39,99,0.0,20.4
2026-07-12T21:00,33.0,42,87,0.0,20.7
2026-07-12T22:00,31.8,45,100,0.0,24.1
2026-07-12T23:00,30.9,52,91,0.0,23.7
2026-07-13T00:00,30.0,57,100,0.0,24.5
2026-07-13T01:00,29.0,62,91,0.0,25.7
2026-07-13T02:00,28.0,66,16,0.0,24.9
2026-07-13T03:00,27.2,68,95,0.0,23.2
2026-07-13T04:00,26.6,71,95,0.0,22.5
2026-07-13T05:00,26.4,71,99,0.0,23.3
2026-07-13T06:00,26.4,71,21,15.0,22.9
2026-07-13T07:00,27.5,66,3,164.0,24.5
2026-07-13T08:00,29.1,59,2,386.0,24.5
2026-07-13T09:00,31.0,52,77,602.0,23.9
2026-07-13T10:00,32.8,46,99,778.0,23.3
2026-07-13T11:00,34.1,41,4,880.0,21.0
2026-07-13T12:00,35.5,36,87,959.0,20.4
2026-07-13T13:00,36.7,32,48,956.0,21.0
2026-07-13T14:00,37.2,30,48,882.0,21.9
2026-07-13T15:00,37.3,30,39,735.0,22.0
2026-07-13T16:00,37.0,31,27,546.0,22.6
2026-07-13T17:00,36.7,31,38,329.0,22.0
2026-07-13T18:00,35.8,32,23,116.0,21.6
2026-07-13T19:00,34.9,33,79,4.0,22.0
2026-07-13T20:00,34.1,35,52,0.0,22.9
2026-07-13T21:00,33.2,37,41,0.0,18.4
2026-07-13T22:00,31.7,45,21,0.0,24.2
2026-07-13T23:00,31.1,48,40,0.0,27.0
2026-07-14T00:00,30.1,51,76,0.0,27.7
2026-07-14T01:00,29.1,55,75,0.0,28.4
2026-07-14T02:00,28.2,59,93,0.0,26.2
2026-07-14T03:00,27.5,62,86,0.0,24.3
2026-07-14T04:00,26.9,66,92,0.0,21.8
2026-07-14T05:00,26.3,71,96,0.0,21.1
2026-07-14T06:00,26.2,72,95,14.0,19.1
2026-07-14T07:00,27.2,68,100,153.0,20.3
2026-07-14T08:00,28.7,61,99,354.0,19.6
2026-07-14T09:00,30.6,54,95,563.0,20.3
2026-07-14T10:00,32.6,46,92,764.0,21.5
2026-07-14T11:00,33.8,42,95,881.0,20.4
2026-07-14T12:00,35.2,36,97,901.0,20.4
2026-07-14T13:00,36.4,32,99,872.0,20.4
2026-07-14T14:00,37.2,29,83,824.0,19.7
2026-07-14T15:00,37.6,28,77,746.0,18.5
2026-07-14T16:00,37.6,27,26,556.0,17.6
2026-07-14T17:00,36.8,26,18,335.0,16.0
2026-07-14T18:00,35.4,29,49,119.0,9.4
2026-07-14T19:00,33.4,34,91,4.0,6.1
2026-07-14T20:00,32.7,35,80,0.0,6.3
2026-07-14T21:00,32.1,36,88,0.0,8.5
2026-07-14T22:00,31.7,36,94,0.0,12.1
2026-07-14T23:00,31.6,48,24,0.0,19.9
2026-07-15T00:00,30.6,53,30,0.0,20.1
2026-07-15T01:00,29.8,57,87,0.0,21.3
2026-07-15T02:00,28.9,60,98,0.0,22.3
2026-07-15T03:00,28.0,63,93,0.0,22.7
2026-07-15T04:00,27.2,66,46,0.0,22.3
2026-07-15T05:00,26.8,69,98,0.0,19.7
2026-07-15T06:00,26.6,69,100,14.0,19.2
2026-07-15T07:00,27.4,65,92,152.0,21.0
2026-07-15T08:00,28.8,58,9,372.0,20.5
2026-07-15T09:00,30.6,51,23,602.0,20.6
2026-07-15T10:00,32.5,43,46,786.0,20.0
2026-07-15T11:00,32.9,41,58,915.0,18.7
2026-07-15T12:00,34.4,35,10,946.0,18.2
2026-07-15T13:00,35.6,30,77,972.0,18.7
2026-07-15T14:00,36.2,28,58,886.0,18.8
2026-07-15T15:00,36.3,27,80,751.0,19.4
2026-07-15T16:00,36.0,27,96,525.0,20.0
2026-07-15T17:00,35.8,26,100,330.0,17.5
2026-07-15T18:00,34.8,28,99,99.0,10.3
2026-07-15T19:00,33.5,31,98,4.0,9.3
2026-07-15T20:00,32.5,35,100,0.0,8.6
2026-07-15T21:00,32.0,36,100,0.0,13.4
2026-07-15T22:00,31.7,41,100,0.0,22.2
2026-07-15T23:00,31.2,46,98,0.0,22.9
2026-07-16T00:00,30.5,51,100,0.0,21.3
2026-07-16T01:00,29.9,54,100,0.0,17.7
2026-07-16T02:00,29.3,58,100,0.0,16.4
2026-07-16T03:00,28.9,60,100,0.0,17.7
2026-07-16T04:00,28.4,60,100,0.0,17.2
2026-07-16T05:00,27.9,60,90,0.0,17.7
2026-07-16T06:00,27.8,60,90,13.0,18.4
2026-07-16T07:00,28.4,59,97,135.0,20.2
2026-07-16T08:00,29.1,58,93,255.0,19.3
2026-07-16T09:00,30.6,54,98,423.0,19.9
2026-07-16T10:00,32.4,46,94,655.0,19.9
2026-07-16T11:00,32.5,44,99,797.0,18.8
2026-07-16T12:00,34.2,40,100,813.0,17.9
2026-07-16T13:00,34.4,38,100,729.0,18.3
2026-07-16T14:00,34.4,39,100,672.0,18.2
2026-07-16T15:00,34.2,39,100,448.0,15.4
2026-07-16T16:00,33.4,40,100,167.0,14.9
2026-07-16T17:00,34.3,37,100,129.0,13.9
2026-07-16T18:00,33.8,37,100,66.0,12.6
2026-07-16T19:00,33.3,38,100,2.0,12.5
2026-07-16T20:00,32.9,40,100,0.0,11.5
2026-07-16T21:00,31.7,44,99,0.0,22.7
2026-07-16T22:00,30.6,49,100,0.0,27.4
2026-07-16T23:00,29.8,53,93,0.0,18.9
2026-07-17T00:00,29.1,58,87,0.0,17.9
2026-07-17T01:00,27.7,65,88,0.0,20.8
2026-07-17T02:00,26.0,75,98,0.0,15.8
2026-07-17T03:00,26.1,78,100,0.0,13.4
2026-07-17T04:00,26.6,77,100,0.0,12.7
2026-07-17T05:00,24.4,93,97,0.0,15.1
2026-07-17T06:00,24.7,90,100,7.0,16.6
2026-07-17T07:00,24.6,89,99,45.0,17.3
2026-07-17T08:00,26.1,79,100,156.0,15.6
2026-07-17T09:00,27.5,72,91,211.0,16.2
2026-07-17T10:00,30.7,59,95,558.0,19.5
2026-07-17T11:00,32.3,51,98,448.0,19.7
2026-07-17T12:00,31.9,50,98,490.0,19.0
2026-07-17T13:00,31.7,50,100,340.0,17.4
2026-07-17T14:00,33.2,47,100,537.0,14.8
2026-07-17T15:00,33.8,45,98,526.0,14.6
2026-07-17T16:00,33.4,43,100,379.0,15.6
2026-07-17T17:00,32.5,45,100,101.0,16.7
2026-07-17T18:00,31.9,46,99,74.0,15.4
2026-07-17T19:00,29.4,58,96,2.0,23.7
2026-07-17T20:00,26.4,74,99,0.0,18.5
2026-07-17T21:00,26.1,79,100,0.0,14.6
2026-07-17T22:00,25.4,89,100,0.0,12.6
2026-07-17T23:00,25.3,91,100,0.0,6.9
2026-07-18T00:00,25.3,93,100,0.0,6.7
2026-07-18T01:00,25.3,94,100,0.0,9.2
2026-07-18T02:00,25.1,90,100,0.0,12.2
2026-07-18T03:00,24.7,90,100,0.0,14.5
2026-07-18T04:00,24.6,90,100,0.0,15.3
2026-07-18T05:00,26.4,74,100,0.0,19.0
2026-07-18T06:00,26.6,73,100,9.0,18.4
2026-07-18T07:00,26.9,73,100,93.0,18.3
2026-07-18T08:00,27.6,70,100,174.0,20.5
2026-07-18T09:00,28.7,65,100,351.0,21.2
2026-07-18T10:00,29.3,61,100,308.0,20.9
2026-07-18T11:00,28.3,68,100,341.0,17.1
2026-07-18T12:00,28.1,70,100,280.0,15.7
2026-07-18T13:00,30.7,55,100,369.0,13.7
2026-07-18T14:00,32.1,48,100,365.0,18.0
2026-07-18T15:00,32.8,44,100,515.0,18.2
2026-07-18T16:00,32.3,45,100,314.0,17.0
2026-07-18T17:00,33.9,39,99,166.0,14.7
2026-07-18T18:00,32.4,43,100,74.0,11.2
2026-07-18T19:00,28.4,63,100,2.0,22.4
2026-07-18T20:00,27.1,71,100,0.0,25.2
2026-07-18T21:00,26.2,82,100,0.0,17.7
2026-07-18T22:00,26.4,82,99,0.0,19.3
2026-07-18T23:00,27.0,74,100,0.0,18.2
2026-07-19T00:00,26.8,75,100,0.0,15.7
2026-07-19T01:00,26.8,75,100,0.0,16.0
2026-07-19T02:00,26.6,76,98,0.0,15.9
2026-07-19T03:00,26.4,76,100,0.0,16.4
2026-07-19T04:00,26.2,77,99,0.0,15.5
2026-07-19T05:00,26.3,76,100,0.0,14.9
2026-07-19T06:00,26.3,76,100,7.0,13.1
2026-07-19T07:00,27.2,72,99,90.0,15.7
2026-07-19T08:00,28.5,67,98,284.0,18.6
2026-07-19T09:00,30.1,60,99,457.0,18.1
2026-07-19T10:00,31.7,53,95,649.0,18.0
2026-07-19T11:00,32.4,49,90,766.0,17.7
2026-07-19T12:00,33.8,45,98,813.0,17.1
2026-07-19T13:00,34.4,43,98,763.0,16.1
2026-07-19T14:00,34.7,41,100,665.0,14.1
2026-07-19T15:00,34.1,42,100,364.0,13.9
2026-07-19T16:00,34.1,41,99,270.0,13.3
2026-07-19T17:00,33.7,41,100,167.0,8.1
2026-07-19T18:00,32.4,46,100,75.0,13.8
2026-07-19T19:00,30.9,52,100,3.0,17.8
2026-07-19T20:00,29.6,59,100,0.0,21.0
2026-07-19T21:00,28.3,69,84,0.0,13.2
2026-07-19T22:00,27.2,76,81,0.0,14.4
2026-07-19T23:00,28.6,63,88,0.0,18.8
2026-07-20T00:00,28.1,65,82,0.0,16.7
2026-07-20T01:00,27.8,66,84,0.0,17.3
2026-07-20T02:00,27.3,68,82,0.0,17.1
2026-07-20T03:00,26.9,70,72,0.0,17.2
2026-07-20T04:00,26.5,72,77,0.0,17.3
2026-07-20T05:00,26.6,75,80,0.0,14.7
2026-07-20T06:00,26.6,76,89,11.0,15.2
2026-07-20T07:00,27.6,72,100,124.0,16.2
2026-07-20T08:00,28.5,67,100,189.0,17.4
2026-07-20T09:00,30.2,60,100,435.0,18.4
2026-07-20T10:00,31.5,55,100,547.0,20.0
2026-07-20T11:00,32.0,51,98,473.0,22.7
2026-07-20T12:00,32.1,51,100,508.0,19.8
2026-07-20T13:00,32.3,49,98,288.0,17.6
2026-07-20T14:00,33.8,45,98,590.0,18.8
2026-07-20T15:00,31.0,55,95,543.0,20.5
2026-07-20T16:00,29.3,63,98,366.0,22.3
2026-07-20T17:00,31.9,52,95,163.0,14.9
2026-07-20T18:00,28.7,67,93,90.0,14.6
2026-07-20T19:00,25.6,87,100,3.0,14.3
2026-07-20T20:00,25.7,87,100,0.0,13.0
2026-07-20T21:00,25.4,89,100,0.0,16.4
2026-07-20T22:00,25.4,89,100,0.0,16.6
2026-07-20T23:00,26.5,81,100,0.0,13.5
2026-07-21T00:00,26.8,77,100,0.0,17.2
2026-07-21T01:00,26.4,76,100,0.0,20.8
2026-07-21T02:00,26.3,76,100,0.0,18.9
2026-07-21T03:00,26.0,77,100,0.0,17.9
2026-07-21T04:00,25.5,82,100,0.0,17.5
2026-07-21T05:00,26.5,73,100,0.0,17.7
2026-07-21T06:00,26.5,74,99,7.0,18.5
2026-07-21T07:00,27.4,71,100,113.0,18.8
2026-07-21T08:00,28.8,65,100,281.0,22.0
2026-07-21T09:00,30.2,59,99,436.0,22.7
2026-07-21T10:00,31.4,54,100,619.0,22.1
2026-07-21T11:00,32.0,52,100,732.0,21.2
2026-07-21T12:00,33.2,48,98,755.0,20.4
2026-07-21T13:00,33.9,45,100,728.0,21.0
2026-07-21T14:00,28.8,69,99,420.0,19.5
2026-07-21T15:00,30.6,58,100,558.0,24.3
2026-07-21T16:00,27.7,78,100,184.0,10.2
2026-07-21T17:00,30.9,55,100,215.0,15.0
2026-07-21T18:00,31.1,53,99,76.0,11.3
2026-07-21T19:00,30.8,52,100,3.0,12.1
2026-07-21T20:00,30.9,49,100,0.0,17.4
2026-07-21T21:00,30.2,53,100,0.0,16.3
2026-07-21T22:00,29.4,56,100,0.0,13.6
2026-07-21T23:00,29.1,60,100,0.0,16.7
2026-07-22T00:00,28.4,63,100,0.0,14.8
2026-07-22T01:00,27.9,65,100,0.0,12.9
2026-07-22T02:00,27.4,67,100,0.0,14.1
2026-07-22T03:00,27.0,69,100,0.0,15.4
2026-07-22T04:00,26.7,71,99,0.0,15.1
2026-07-22T05:00,26.7,70,99,0.0,16.1
2026-07-22T06:00,26.7,70,95,8.0,15.9
2026-07-22T07:00,27.8,66,91,132.0,17.1
2026-07-22T08:00,29.1,62,100,318.0,18.6
2026-07-22T09:00,30.4,57,100,465.0,22.0
2026-07-22T10:00,30.7,57,100,483.0,22.9
2026-07-22T11:00,30.9,55,100,582.0,21.3
2026-07-22T12:00,31.6,52,100,452.0,19.7
2026-07-22T13:00,32.7,49,100,499.0,20.4
2026-07-22T14:00,31.0,53,100,304.0,20.8
2026-07-22T15:00,29.9,59,100,194.0,18.8
2026-07-22T16:00,30.2,58,100,265.0,20.2
2026-07-22T17:00,31.3,52,99,125.0,20.2
2026-07-22T18:00,30.4,56,100,59.0,19.2
2026-07-22T19:00,29.9,55,100,2.0,18.8
2026-07-22T20:00,29.4,58,100,0.0,18.5
2026-07-22T21:00,29.5,55,100,0.0,20.1
2026-07-22T22:00,28.8,57,89,0.0,17.0
2026-07-22T23:00,28.2,62,62,0.0,16.2
2026-07-23T00:00,27.8,63,92,0.0,17.2
2026-07-23T01:00,27.3,65,88,0.0,17.3
2026-07-23T02:00,26.5,68,23,0.0,17.3
2026-07-23T03:00,26.1,69,52,0.0,16.3
2026-07-23T04:00,26.0,70,10,0.0,17.7
2026-07-23T05:00,26.2,72,9,0.0,16.4
2026-07-23T06:00,26.3,72,16,12.0,15.3
2026-07-23T07:00,27.6,68,45,148.0,15.9
2026-07-23T08:00,29.2,61,38,352.0,22.6
2026-07-23T09:00,30.5,56,29,522.0,25.4
2026-07-23T10:00,32.0,51,18,721.0,24.4
2026-07-23T11:00,32.5,47,26,881.0,25.4
2026-07-23T12:00,34.0,42,25,938.0,25.1
2026-07-23T13:00,34.8,40,41,937.0,25.2
2026-07-23T14:00,35.5,37,84,858.0,24.8
2026-07-23T15:00,34.0,40,88,660.0,26.5
2026-07-23T16:00,32.2,47,98,411.0,23.9
2026-07-23T17:00,28.6,66,76,223.0,24.3
2026-07-23T18:00,28.2,68,94,95.0,11.0
2026-07-23T19:00,28.3,65,96,3.0,13.5
2026-07-23T20:00,28.4,66,96,0.0,14.6
2026-07-23T21:00,27.8,68,98,0.0,15.4
2026-07-23T22:00,27.7,69,96,0.0,17.7
2026-07-23T23:00,27.5,70,100,0.0,18.6
2026-07-24T00:00,27.3,68,59,0.0,17.3
2026-07-24T01:00,26.6,71,40,0.0,15.7
2026-07-24T02:00,26.6,70,65,0.0,15.9
2026-07-24T03:00,26.5,70,23,0.0,16.4
2026-07-24T04:00,26.2,70,63,0.0,18.3
2026-07-24T05:00,26.3,72,88,0.0,19.7
2026-07-24T06:00,26.5,70,63,11.0,20.5
2026-07-24T07:00,27.5,66,66,136.0,21.6
2026-07-24T08:00,28.8,62,62,312.0,23.2
2026-07-24T09:00,30.5,54,63,456.0,26.4
2026-07-24T10:00,32.3,48,98,649.0,28.2
2026-07-24T11:00,31.7,48,100,756.0,28.1
2026-07-24T12:00,32.0,46,55,389.0,26.5
2026-07-24T13:00,33.3,44,28,766.0,26.8
2026-07-24T14:00,33.4,44,74,838.0,24.8
2026-07-24T15:00,33.2,45,95,537.0,20.7
2026-07-24T16:00,33.1,47,77,390.0,20.4
2026-07-24T17:00,32.7,47,80,272.0,15.0
2026-07-24T18:00,31.1,53,65,86.0,13.4
2026-07-24T19:00,30.7,52,80,3.0,13.5
2026-07-24T20:00,30.1,54,94,0.0,19.5
2026-07-24T21:00,29.3,57,38,0.0,19.0
2026-07-24T22:00,28.7,60,46,0.0,16.9
2026-07-24T23:00,28.6,57,16,0.0,15.5
